anio,dependencia,establecimiento_id,region_sanitaria,municipio_id,municipio_nombre,establecimiento_nombre,consultas_odontologicas,consultas_medicas,consultas_paramedicas,interconsultas,egresos,dias_camas_disponible,promedio_camas_disponibles,pacientes_dias,porcentaje_ocupacion,dias_estadia,promedio_dias_estadia,defunciones,giro_de_camas,tasa_mortalidad_hospitalaria
2024,Municipal,700014,I,6007,Adolfo Alsina,Hosp. Local Gral. San Martín  ,26.624,120.813,15.812,,3.918,10.98,30,9.663,"86,6","130,2",9.85,"2,5",88,"2,2"
2024,Municipal,700022,I,6007,Adolfo Alsina,Unid. Sanit. San Miguel Arcangel,3.53,7.339,794,,,,,,,,,,,
2024,Municipal,700057,I,6007,Adolfo Alsina,Unid. Sanit. Colonia Lapin,,411,,,,,,,,,,,,
2024,Municipal,700065,I,6007,Adolfo Alsina,Unid. Sanit. Dr. J.C. Senepart,,1.349,,,,,,,,,,,,
2024,Municipal,700073,I,6007,Adolfo Alsina,Unid. Sanit. Murature,,119,,,,,,,,,,,,
2024,Municipal,700090,I,6007,Adolfo Alsina,Hogar de Ancianos Gral. N. Levalle,434,38.128,,,36,12.81,35,12.692,"99,1","1,0",10.053,"279,3",2,"5,6"
2024,Municipal,700111,I,6007,Adolfo Alsina,Unid. Sanit. Bo. Arturo Illia,6.408,7.156,1.57,,,,,,,,,,,
2024,Municipal,700120,I,6007,Adolfo Alsina,Unid. Sanit. Villa Goldberg,,5.202,1.223,,,,,,,,,,,
2024,Municipal,700135,I,6007,Adolfo Alsina,Hosp. Munic. Dr. Demetrio Carmelo Loyarte,5.537,19.536,4.532,,793,3.66,10,2.031,"55,5","79,1",2.036,"2,6",4,"0,5"
2024,Municipal,700146,I,6007,Adolfo Alsina,Hosp. Munic. Dr. Noe Yarcho,13.101,39.891,7.781,,1.007,10.98,30,8.39,"76,4","33,5",8.765,"8,7",22,"2,2"
2024,Municipal,700155,I,6007,Adolfo Alsina,Hogar Geriatrico Casa de Abuelos,103,8.673,,,5,2.928,8,2.902,"99,1","0,6",2.703,"540,6",1,"20,0"
2024,Municipal,1400022,I,6014,Adolfo Gonzales Chaves,Hosp. Local Gral. A. Elicagaray,3.295,38.572,8.752,,1.76,35.136,96,13.348,"37,6","18,3",12.425,"7,1",73,"4,1"
2024,Municipal,1400031,I,6014,Adolfo Gonzales Chaves,Clinica y maternidad Municipal Adolfo Gonzales Chaves,,3.396,,,165,7.686,21,445,"5,8","7,8",261,"1,6",1,"0,6"
2024,Municipal,1400049,I,6014,Adolfo Gonzales Chaves,Unid. Sanit. Dr. F. Madueño,307,7.583,3.256,,154,10.614,29,4.295,"40,5","5,3",5.999,"39,0",10,"6,5"
2024,Municipal,1400057,I,6014,Adolfo Gonzales Chaves,Sala de Pros. Aux. Estación Vásquez,,238,,,,,,,,,,,,
2024,Municipal,1400065,I,6014,Adolfo Gonzales Chaves,Sala de Pros. Aux. de J. E. Barra,,1.993,,,,,,,,,,,,
2024,Municipal,1400081,I,6014,Adolfo Gonzales Chaves,Ctro. de Salud Munic. N° 1,,3.811,825,,,,,,,,,,,
2024,Municipal,1400103,I,6014,Adolfo Gonzales Chaves,Centro Municipal de Salud Nº 2  Carlos A. Gonzalez,,3.528,451,,,,,,,,,,,
2024,Municipal,1400104,I,6014,Adolfo Gonzales Chaves,Centro de Salud Nº 3 Dr. Ramón Carrillo,,2.83,284,,,,,,,,,,,
2024,Municipal,5600034,I,6056,Bahía Blanca,Hosp. Munic. de Agudos Dr. Leónidas Lucero,3.261,165.452,5.938,12.515,9.371,51.159,140,44.247,"86,5","66,9",41.199,"4,4",582,"6,2"
2024,Municipal,5600115,I,6056,Bahía Blanca,Unid. Sanit. Tiro Federal,0,4.441,1.163,,,,,,,,,,,
2024,Municipal,5600123,I,6056,Bahía Blanca,Unid. Sanit. Villa Ressia,2.632,8.266,3.198,,,,,,,,,,,
2024,Municipal,5600131,I,6056,Bahía Blanca,Unid. Sanit. Napostá,,0,0,,,,,,,,,,,
2024,Municipal,5600166,I,6056,Bahía Blanca,Unid. Sanit. La Falda,,0,9,,,,,,,,,,,
2024,Municipal,5600174,I,6056,Bahía Blanca,Unid. Sanit. Noroeste,1.337,5.682,1.707,,,,,,,,,,,
2024,Municipal,5600182,I,6056,Bahía Blanca,Unid. Sanit. San Martín,0,0,0,,,,,,,,,,,
2024,Municipal,5600191,I,6056,Bahía Blanca,Unid. Sanit. Pedro Pico,37,7.7,1.402,,,,,,,,,,,
2024,Municipal,5600204,I,6056,Bahía Blanca,Unid. Sanit. Bella Vista,0,8.045,1.507,,,,,,,,,,,
2024,Municipal,5600212,I,6056,Bahía Blanca,Unid. Sanit. Cabildo,0,16.018,1.576,,,,,,,,,,,
2024,Municipal,5600247,I,6056,Bahía Blanca,Unid. Sanit. Villa Harding Green,1.82,8.168,2.12,,,,,,,,,,,
2024,Municipal,5600263,I,6056,Bahía Blanca,Unid. Sanit. San José Obrero,886,7.567,1.552,,,,,,,,,,,
2024,Municipal,5600271,I,6056,Bahía Blanca,Hosp. Menor Leonor de Cerelli,2.114,30.565,8.883,,,,,,,,,,,
2024,Municipal,5600280,I,6056,Bahía Blanca,Unid. Sanit. Villa Mitre,,0,0,,,,,,,,,,,
2024,Municipal,5600298,I,6056,Bahía Blanca,Unid. Sanit. Villa Rosas,19,5.719,233,,,,,,,,,,,
2024,Municipal,5600301,I,6056,Bahía Blanca,Unid. Sanit. Villa Delfina,,7.589,1.735,,,,,,,,,,,
2024,Municipal,5600310,I,6056,Bahía Blanca,Unid. Sanit. Villa Rosario Sur,620,7.765,1.347,,,,,,,,,,,
2024,Municipal,5600336,I,6056,Bahía Blanca,Unid. Sanit. San Cayetano,0,0,0,,,,,,,,,,,
2024,Municipal,5600361,I,6056,Bahía Blanca,Unid. Sanit. Universitario,0,2.178,2.149,,,,,,,,,,,
2024,Municipal,5600379,I,6056,Bahía Blanca,Unid. Sanit. M. Moreno,3.072,11.133,3.063,,,,,,,,,,,
2024,Municipal,5600409,I,6056,Bahía Blanca,Unid. Sanit. Rivadavia,,4.217,1.107,,,,,,,,,,,
2024,Municipal,5600425,I,6056,Bahía Blanca,Unid. Sanit. Anchorena,5.853,16.192,3.726,,,,,,,,,,,
2024,Municipal,5600531,I,6056,Bahía Blanca,Unid. Sanit. Pampa Central,,7.596,1.733,,,,,,,,,,,
2024,Municipal,5600778,I,6056,Bahía Blanca,Unid. Sanit. Patagonia,,1.789,527,,,,,,,,,,,
2024,Municipal,5600786,I,6056,Bahía Blanca,Ctro. de Atenc. Prim. Gral. D. Cerri,1.451,33.76,9.901,,,,,,,,,,,
2024,Municipal,5600794,I,6056,Bahía Blanca,Unid. Sanit. Sanchez Elías,,7.692,1.49,,,,,,,,,,,
2024,Municipal,5600808,I,6056,Bahía Blanca,Unid. Sanit. Floresta,,6.779,1.204,,,,,,,,,,,
2024,Municipal,5600816,I,6056,Bahía Blanca,Unid. Sanit. Aldea Romana,0,5.405,1.466,,,,,,,,,,,
2024,Municipal,5600841,I,6056,Bahía Blanca,Unid. Sanit. Villa Bordeau,,7.029,1.992,,,,,,,,,,,
2024,Municipal,5600859,I,6056,Bahía Blanca,Unid. Sanit. Centenario,,0,,,,,,,,,,,,
2024,Municipal,5600867,I,6056,Bahía Blanca,Unid. Sanit. Cnel. R. Estomba,2.07,13.572,2.223,,,,,,,,,,,
2024,Municipal,5600891,I,6056,Bahía Blanca,Unid. Sanit. Km.5,271,13,20,,,,,,,,,,,
2024,Municipal,5600905,I,6056,Bahía Blanca,Unid. Sanit. Avellaneda,1.523,7.676,2.141,,,,,,,,,,,
2024,Municipal,5601022,I,6056,Bahía Blanca,Unid. Sanit. Luján,,6.561,264,,,,,,,,,,,
2024,Municipal,5601031,I,6056,Bahía Blanca,Unid. Sanit. E. Julio ,1.889,6.015,1.493,,,,,,,,,,,
2024,Municipal,5601065,I,6056,Bahía Blanca,Unid. Sanit. Miramar,4.735,8.261,2.128,,,,,,,,,,,
2024,Municipal,5601073,I,6056,Bahía Blanca,Unid. Sanit. Colón,0,0,52,,,,,,,,,,,
2024,Municipal,5601081,I,6056,Bahía Blanca,Unid. Sanit. Obrero Villa Mitre,0,0,0,,,,,,,,,,,
2024,Municipal,5601090,I,6056,Bahía Blanca,Unid. Sanit. Loma Paraguaya,,7.566,1.482,,,,,,,,,,,
2024,Municipal,5601103,I,6056,Bahía Blanca,Unid. Sanit. Nueva Belgrano,,5.235,2.151,,,,,,,,,,,
2024,Municipal,5601146,I,6056,Bahía Blanca,Unid. Sanit. Saladero,0,6.517,1.602,,,,,,,,,,,
2024,Municipal,5601154,I,6056,Bahía Blanca,Unid. Sanit. Villa Serra,2.27,10.399,4.021,,,,,,,,,,,
2024,Municipal,5601197,I,6056,Bahía Blanca,Unid. Sanit. Villa Esperanza,,9.718,3.098,,,,,,,,,,,
2024,Municipal,5601201,I,6056,Bahía Blanca,Unid. Sanit. Grumbein,2.13,6.2,1.819,,,,,,,,,,,
2024,Municipal,5601219,I,6056,Bahía Blanca,Unid. Sanit. 12 de Octubre,113,9.998,2.195,,,,,,,,,,,
2024,Municipal,5601235,I,6056,Bahía Blanca,Unid. Sanit. Villa Gloria,,9.367,2.27,,,,,,,,,,,
2024,Municipal,5601324,I,6056,Bahía Blanca,Ctro. de Salud Dr. Leandro Piñeiro,3.257,22.798,5.301,,,,,,,,,,,
2024,Municipal,5601413,I,6056,Bahía Blanca,Unid. Sanit. Villa Muñiz,,6.224,887,,,,,,,,,,,
2024,Municipal,5601448,I,6056,Bahía Blanca,Unid. Sanit. Latino,,1.31,695,,,,,,,,,,,
2024,Municipal,5601561,I,6056,Bahía Blanca,“Centro de Salud San Dionisio”,2.947,6.034,916,,,,,,,,,,,
2024,Municipal,5601821,I,6056,Bahía Blanca,Centro de Salud “9 de Noviembre,4.932,11.084,893,,,,,,,,,,,
2024,Municipal,5601831,I,6056,Bahía Blanca,“Centro de Salud Norte” ,2.636,13.577,1.547,,,,,,,,,,,
2024,Municipal,5601948,I,6056,Bahía Blanca,“Centro de Salud Dharma” ,18,7.097,947,,,,,,,,,,,
2024,Municipal,5601957,I,6056,Bahía Blanca,Centro de Salud Milstein,19,7.997,1.488,,,,,,,,,,,
2024,Municipal,60200011,I,6602,Patagones,Hosp. Munic. de Agudos Dr. Pedro Ecay,1.97,90.116,22.445,,3.63,35.504,97,19.436,"54,7","37,3",10.336,"2,8",143,"3,9"
2024,Municipal,60200045,I,6602,Patagones,Unid. Sanit. J. A. Pradere,317,5.491,886,,,,,,,,,,,
2024,Municipal,60200053,I,6602,Patagones,Hosp. Munic. de  Stroeder,620,14.223,1.923,,360,5.124,14,725,"14,1","25,6",711,"2,0",12,"3,3"
2024,Municipal,60200061,I,6602,Patagones,Hosp. Munic. de Villalonga,1.353,24.87,3.897,,983,7.686,21,2.425,"31,6","46,7",2.462,"2,5",13,"1,3"
2024,Municipal,60200088,I,6602,Patagones,Unid. Sanit. San Blas,369,8.421,839,,,,,,,,,,,
2024,Municipal,60200096,I,6602,Patagones,Ctro. Perif. Villa del Carmen,709,3.752,132,,,,,,,,,,,
2024,Municipal,60200100,I,6602,Patagones,Unid. Sanit. J. B. Casas,,1.07,,,,,,,,,,,,
2024,Municipal,60200118,I,6602,Patagones,Unid. Sanit. Cardenal Cagliero,88,284,,,,,,,,,,,,
2024,Municipal,60200126,I,6602,Patagones,Ctro. Perif. Villa Morando,677,8.344,374,,,,,,,,,,,
2024,Municipal,60200134,I,6602,Patagones,Ctro. Perif. Bo. Lindo,460,2.465,146,,,,,,,,,,,
2024,Municipal,60200142,I,6602,Patagones,Ctro. Perif. Bo. El Progreso,314,1.724,190,,,,,,,,,,,
2024,Municipal,18200019,I,6182,Coronel de Marina Leonardo Rosales,Sala Médica Pehuen-có,970,3.624,,,,,,,,,,,,
2024,Municipal,18200043,I,6182,Coronel de Marina Leonardo Rosales,Hosp. Munic. Eva Perón,6.258,92.665,8.765,,2.195,13.173,36,9.617,"73,0","60,8",11.285,"5,1",167,"7,6"
2024,Municipal,18200051,I,6182,Coronel de Marina Leonardo Rosales,Sala Médica Villa Delmar,,2.293,,,,,,,,,,,,
2024,Municipal,18200060,I,6182,Coronel de Marina Leonardo Rosales,Sala Médica Bajo Hondo,166,1.322,,,,,,,,,,,,
2024,Municipal,18200078,I,6182,Coronel de Marina Leonardo Rosales,Sala Médica Va. Gral. Arias,471,4.239,,,,,,,,,,,,
2024,Municipal,18200086,I,6182,Coronel de Marina Leonardo Rosales,Sala Médica Ciudad Atlántida,,3.017,,,,,,,,,,,,
2024,Municipal,18200132,I,6182,Coronel de Marina Leonardo Rosales,Sala de Atenc. Primaria Villa Laura,3.206,9.208,,,,,,,,,,,,
2024,Municipal,18200141,I,6182,Coronel de Marina Leonardo Rosales,Sala Médica El Trébol,,1.177,,,,,,,,,,,,
2024,Municipal,18200159,I,6182,Coronel de Marina Leonardo Rosales,Sala Médica Ing. Luiggi,1.522,8.555,,,,,,,,,,,,
2024,Municipal,18200167,I,6182,Coronel de Marina Leonardo Rosales,Sala Médica Nueva Bahía Blanca,1.381,4.64,,,,,,,,,,,,
2024,Municipal,18200175,I,6182,Coronel de Marina Leonardo Rosales,Sala Médica Los Rosales,,660,,,,,,,,,,,,
2024,Municipal,18200191,I,6182,Coronel de Marina Leonardo Rosales,Hogar Munic. del Anciano,,,,,13,17.934,49,9.693,"54,0","0,3",9.557,"735,2",0,"0,0"
2024,Municipal,18200213,I,6182,Coronel de Marina Leonardo Rosales,Sala Médica El Congreso,,1.315,,,,,,,,,,,,
2024,Municipal,18900037,I,6189,Coronel Dorrego,Hosp. Local Gral. María Eva Duarte de Perón,4.257,97.155,23.814,,1.496,21.228,58,10.009,"47,1","25,7",12.641,"8,4",35,"2,3"
2024,Municipal,18900053,I,6189,Coronel Dorrego,Unid. Sanit. y Hogar Geriátrico El Perdido,441,5.068,1.285,,62,5.852,16,5.283,"90,3","3,9",5.82,"93,9",4,"6,5"
2024,Municipal,18900061,I,6189,Coronel Dorrego,Hosp. Munic. de Oriente,670,44.221,14.417,,118,9.944,27,5.345,"53,8","4,3",7.027,"59,6",14,"11,9"
2024,Municipal,18900070,I,6189,Coronel Dorrego,Unid. Sanit. de Aparicio,331,1.203,,,,,,,,,,,,
2024,Municipal,18900088,I,6189,Coronel Dorrego,Unid. Sanit. Irene,,,,,,,,,,,,,,
2024,Municipal,18900096,I,6189,Coronel Dorrego,Unid. Sanit. de San Román,,685,,,,,,,,,,,,
2024,Municipal,18900100,I,6189,Coronel Dorrego,Unid. Sanit. de R. S. Loydi,1.384,5.105,2.645,,,,,,,,,,,
2024,Municipal,18900118,I,6189,Coronel Dorrego,Unid. Sanit. Marisol,,3.372,,,,,,,,,,,,
2024,Municipal,18900126,I,6189,Coronel Dorrego,Unid. Sanit. Dr. Juan C. Conti,,6.623,1.16,,,,,,,,,,,
2024,Municipal,18900134,I,6189,Coronel Dorrego,Hogar Geriátrico Pres. N. Ramos Ojeda,,,,,97,14.995,41,12.347,"82,3","2,4",13.273,"136,8",1,"1,0"
2024,Municipal,19600011,I,6196,Coronel Pringles,Hosp. Munic. Dr. Cabrera,2.055,36.377,22.531,,2.799,39.894,109,29.05,"72,8","25,6",29.746,"10,6",178,"6,4"
2024,Municipal,19600037,I,6196,Coronel Pringles,Unid. Sanit. Indio Rico,230,1.396,641,,31,1.738,5,128,"7,4","6,5",128,"4,1",3,"9,7"
2024,Municipal,19600045,I,6196,Coronel Pringles,Unid. Sanit. H. Irigoyen,240,1.45,422,,,,,,,,,,,
2024,Municipal,19600070,I,6196,Coronel Pringles,Unid. Sanit. Dr. Hugo Maggi,692,2.158,247,,,,,,,,,,,
2024,Municipal,19600088,I,6196,Coronel Pringles,Unid. Sanit. Dr. Lozano,219,867,583,,,,,,,,,,,
2024,Municipal,19600096,I,6196,Coronel Pringles,Unid. Sanit. Dr. Alberto Roulier,224,1.252,374,,,,,,,,,,,
2024,Municipal,19600118,I,6196,Coronel Pringles,Unid. Sanit. Dr. Domingo Tejerina,,,,,,,,,,,,,,
2024,Municipal,19600126,I,6196,Coronel Pringles,Unid. Sanit. Dr. A.González,216,682,413,,,,,,,,,,,
2024,Municipal,19600145,I,6196,Coronel Pringles,Hogar Municipal de Ancianos de Indio Rico,,,,,8,7.32,20,3.258,"44,5","0,4",1.825,"228,1",0,"0,0"
2024,Municipal,20300012,I,6203,Coronel Suárez,Unid. Sanit. María E. C. A. de Cook,,70,,,,,,,,,,,,
2024,Municipal,20300039,I,6203,Coronel Suárez,Hosp. Munic. de Cnel. Suárez,1.366,87.95,4.676,,4.348,31.476,86,14.036,"44,6","50,4",14.493,"3,3",211,"4,9"
2024,Municipal,20300047,I,6203,Coronel Suárez,Unid. Sanit. Curumalal,,1.336,,,,,,,,,,,,
2024,Municipal,20300055,I,6203,Coronel Suárez,Hosp. Munic. Lucero del Alba de Huanguelén,1.542,22.256,1.268,,1.165,8.418,23,3.28,"39,0","50,5",2.548,"2,2",52,"4,5"
2024,Municipal,20300063,I,6203,Coronel Suárez,Unid. Sanit. Dr. Lew Frandzman (P. Santa María),120,6.072,256,,,,,,,,,,,
2024,Municipal,20300071,I,6203,Coronel Suárez,Unid. Sanit. Pasman,0,2.796,,,,,,,,,,,,
2024,Municipal,20300080,I,6203,Coronel Suárez,Unid. Sanit. Pueblo Sta. Trinidad,,12.837,566,,,,,,,,,,,
2024,Municipal,20300098,I,6203,Coronel Suárez,Unid. Sanit. Pueblo San José,83,7.775,130,,,,,,,,,,,
2024,Municipal,20300101,I,6203,Coronel Suárez,Unid. Sanit. Villa Belgrano,228,12.159,1.07,,,,,,,,,,,
2024,Municipal,20300136,I,6203,Coronel Suárez,Hogar de Ancianos Domingo Goñi,,5.852,,,76,51.606,141,37.25,"72,2","0,5",66.123,"870,0",14,"18,4"
2024,Municipal,20300144,I,6203,Coronel Suárez,Unid. Sanit. San Cayetano,,5.628,,,,,,,,,,,,
2024,Municipal,20300152,I,6203,Coronel Suárez,Unid. Sanit. Puente Chico,,6.019,,,,,,,,,,,,
2024,Municipal,20300161,I,6203,Coronel Suárez,Unid. Sanit. Villa La Arcadia,,2.438,,,,,,,,,,,,
2024,Municipal,20300189,I,6203,Coronel Suárez,CAPS Barrio Rosario,,5.698,784,,,,,,,,,,,
2024,Municipal,39900029,I,6399,Guaminí,Hospital Municipal Casbas,420,98.173,38.594,,752,10.98,30,3.066,"25,1","25,0",2.888,"3,8",40,"5,3"
2024,Municipal,39900037,I,6399,Guaminí,Hosp. Munic. Dr. J. Llambías,298,25.449,924,,469,16.836,46,1.384,"8,2","10,2",1.017,"2,2",22,"4,7"
2024,Municipal,39900045,I,6399,Guaminí,Unid. Sanit. Garré,,4.861,1.53,,,,,,,,,,,
2024,Municipal,39900061,I,6399,Guaminí,Hogar de Ancianos Eva Perón,,,,,35,16.47,45,14.845,"90,1","0,8",20.849,"595,7",0,"0,0"
2024,Municipal,39900070,I,6399,Guaminí,Sala de Pros. Aux. Arroyo Venado,,768,,,,,,,,,,,,
2024,Municipal,39900088,I,6399,Guaminí,Sala de Pros. Aux. Cochicó,,425,,,,,,,,,,,,
2024,Municipal,39900096,I,6399,Guaminí,Hogar Geriátrico El Jardín de los Abuelos,,,,,19,9.516,26,8.3,"87,2","0,7",13.595,"715,5",3,"15,8"
2024,Municipal,39900100,I,6399,Guaminí,Hosp. Munic. Laguna Alsina,262,8.393,709,,205,2.928,8,930,"31,8","25,6",722,"3,5",7,"3,4"
2024,Municipal,39900119,I,6399,Guaminí,Centro Municipal de Residentes de la Tercera Edad,215,,,,51,13.176,36,12.808,"97,2","1,4",15.368,"301,3",1,"2,0"
2024,Municipal,55300010,I,6553,Monte Hermoso,Hosp. Munic. Dr. R. Carrillo,19.365,110.586,78.936,,682,7.32,20,2.522,"34,5","34,0",2.627,"3,9",37,"5,4"
2024,Municipal,55300040,I,6553,Monte Hermoso,Ctro. de Salud San Martín,,14.465,,,,,,,,,,,,
2024,Municipal,55300066,I,6553,Monte Hermoso,Ctro. de Atenc. Prim. Sauce Grande,,13.094,,,,,,,,,,,,
2024,Municipal,55300091,I,6553,Monte Hermoso,Unid. Sanit. Puesto Costanera,,14.349,,,,,,,,,,,,
2024,Municipal,55300104,I,6553,Monte Hermoso,Ctro. de Salud Soc. de Fomento Monte Hermoso,,13.819,,,,,,,,,,,,
2024,Municipal,55300112,I,6553,Monte Hermoso,Ctro. de Salud Jubilados y Pensionados,,13.998,,,,,,,,,,,,
2024,Municipal,55300121,I,6553,Monte Hermoso,Hogar Abuelos,,,,,25,5.856,16,5.574,"95,2","1,6",8.92,"356,8",3,"12,0"
2024,Municipal,55300122,I,6553,Monte Hermoso,C.A.P.S Polideportivo Municipal M. Hermoso,,,9.345,,,,,,,,,,,
2024,Municipal,65100014,I,6651,Puán,Unid. Sanit. Bordenave Dr. A. Fernández Munilla,2.07,12.706,612,,35,11.712,32,9.135,"78,0","1,1",12.309,"351,7",4,"11,4"
2024,Municipal,65100022,I,6651,Puán,Unid. Sanit. Della N. Cerviño,711,6.275,111,,23,369,1,39,"10,6","22,8",39,"1,7",0,"0,0"
2024,Municipal,65100031,I,6651,Puán,Unid. Sanit. Felipe Solá,754,21.281,316,,68,8.052,22,4.937,"61,3","3,1",4.313,"63,4",6,"8,8"
2024,Municipal,65100049,I,6651,Puán,Hosp. Munic. Gobernador Ugarte,263,85.052,4.504,,1.173,11.346,31,2.56,"22,6","37,7",2.583,"2,2",44,"3,8"
2024,Municipal,65100057,I,6651,Puán,Hosp. Munic. Villa Iris,4.19,18.338,1.551,,209,13.176,36,7.637,"58,0","5,8",10.315,"49,4",22,"10,5"
2024,Municipal,65100081,I,6651,Puán,Unid. Sanit. y Hogar Geriát. El Centenario,,3.655,0,,,,,,,,,,,
2024,Municipal,65100090,I,6651,Puán,Unid. Sanit. San Germán,0,968,15,,,,,,,,,,,
2024,Municipal,65100120,I,6651,Puán,Equipo Móvil de Salud,557,2.404,196,,,,,,,,,,,
2024,Municipal,65100138,I,6651,Puán,Hogar Geriátrico Melvin Jones,,17.641,1.281,,16,12.81,35,12.505,"97,6","0,5",10.961,"685,1",3,"18,8"
2024,Municipal,65100173,I,6651,Puán,Hospital Municipal de Darragueira,336,101.008,3.856,,1.401,14.274,39,3.381,"21,9","35,8",3.101,"2,2",46,"3,3"
2024,Municipal,65100174,I,6651,Puán,Hogar de Ancianos Nuestros Tiempos,,12.357,171,,38,13.908,38,13.515,"97,2","1,0",35.045,"922,2",5,"13,2"
2024,Municipal,65100180,I,6651,Puán,Hogar Geriátrico El Centenario,,3.953,324,,10,5.856,16,5.811,"99,2","0,6",6.873,"687,3",0,"0,0"
2024,Municipal,65100181,I,6651,Puán,"Hogar de Ancianos ""El Tercer Hogar""",,10.959,74,,18,5.856,16,5.115,"87,3","1,1",10.766,"598,1",1,"5,6"
2024,Municipal,65100182,I,6651,Puán,Hogar Geriatrico (Unidad Sanitaria Delia Nora Cerviño),,8.07,328,,16,6.588,18,5.892,"89,4","0,9",9.363,"585,2",3,"18,8"
2024,Municipal,70000010,I,6700,Saavedra,Unid. Sanit. y Hogar Virgen del Milagro,259,3.361,18,,19,4.392,12,2.941,"67,0","1,6",999,"52,6",2,"10,5"
2024,Municipal,70000028,I,6700,Saavedra,Sala de Pros. Aux. Espartillar y Hogar de Ancianos,193,2.177,,,9,4.392,12,3.467,"78,9","0,7",7.18,"797,8",1,"11,1"
2024,Municipal,70000036,I,6700,Saavedra,Hosp. Psiquiátrico de Pigüé,,2.637,3.632,,,,,,,,,,,
2024,Municipal,70000044,I,6700,Saavedra,Hosp. y Maternidad Munic. O. F. Ducos,2.92,57.253,9.664,,2.36,41.358,113,16.214,"39,2","20,8",12.102,"5,1",130,"5,5"
2024,Municipal,70000052,I,6700,Saavedra,Hosp. Munic. Dr. M. Suarch,459,8.98,2.097,,357,16.47,45,7.218,"43,8","7,9",9.766,"27,4",19,"5,3"
2024,Municipal,70000061,I,6700,Saavedra,Sala de Pros. Aux. Goyena,279,1.55,,,,,,,,,,,,
2024,Municipal,70000079,I,6700,Saavedra,Sala de Pros. Aux. Dufaur,234,2.593,,,,,,,,,,,,
2024,Municipal,70000095,I,6700,Saavedra,Sala Bo. J. Murguia - Dr. O. Brossay,,2.002,,,,,,,,,,,,
2024,Municipal,70000109,I,6700,Saavedra,Sala de Pros. Aux. F. Ducos,,19.246,,,,,,,,,,,,
2024,Municipal,70000117,I,6700,Saavedra,Unid. Sanit. Colonia San Martín,,2.145,,,,,,,,,,,,
2024,Municipal,70000125,I,6700,Saavedra,Hogar de Ancianos Juan Llull,,,,,7,3.66,10,3.398,"92,8","0,7",5.848,"835,4",4,"57,1"
2024,Municipal,70000168,I,6700,Saavedra,Hogar Federico O. Ducos,,,,,20,13.176,36,12.558,"95,3","0,6",9.083,"454,2",0,"0,0"
2024,Municipal,81900006,I,6818,Tornquist,Hosp. Zonal Gral. de Ag. M. V. de Martinez,,,75,46,1,920,5,1.089,"118,4","0,2",26,"26,0",1,"100,0"
2024,Municipal,81900012,I,6819,Tornquist,Hosp. Zonal Gral. de Ag. M. V. de Martinez,1.695,14.053,1.436,,,,,,,,,,,
2024,Municipal,81900021,I,6819,Tornquist,Hosp. Zonal Gral. de Ag. M. V. de Martinez,3.366,45.665,6.964,,2.642,4.026,11,4.316,"107,2","239,5",3.767,"1,4",9,"0,3"
2024,Municipal,81900039,I,6819,Tornquist,Hosp. Zonal Gral. de Ag. M. V. de Martinez,3.965,93.419,11.207,,3.018,20.862,57,22.592,"108,3","52,8",25.399,"8,4",43,"1,4"
2024,Municipal,81900047,I,6819,Tornquist,Hosp. Zonal Gral. de Ag. M. V. de Martinez,2.985,13.799,159,,,,,,,,,,,
2024,Municipal,81900055,I,6819,Tornquist,Hosp. Zonal Gral. de Ag. M. V. de Martinez,1.403,12.564,,,,,,,,,,,,
2024,Municipal,81900071,I,6819,Tornquist,Hosp. Zonal Gral. de Ag. M. V. de Martinez,1.253,14.077,,,,,,,,,,,,
2024,Municipal,81900080,I,6819,Tornquist,Hosp. Zonal Gral. de Ag. M. V. de Martinez,1.882,16.777,,,,,,,,,,,,
2024,Municipal,81900098,I,6819,Tornquist,Hosp. Zonal Gral. de Ag. M. V. de Martinez,,,,,5,9.704,27,9.616,"99,1","0,2",15.698,"3.139,6",4,"80,0"
2024,Municipal,81900101,I,6819,Tornquist,Hosp. Zonal Gral. de Ag. M. V. de Martinez,1.588,14.155,3.504,,,,,,,,,,,
2024,Municipal,83300012,I,6833,Tres Arroyos,Hosp. Zonal Gral. de Ag. M. V. de Martinez,186,14.052,,,,,,,,,,,,
2024,Municipal,83300021,I,6833,Tres Arroyos,Hosp. Zonal Gral. de Ag. M. V. de Martinez,102,7.557,,,,,,,,,,,,
2024,Municipal,83300039,I,6833,Tres Arroyos,Hosp. Zonal Gral. de Ag. M. V. de Martinez,,7.768,,,,,,,,,,,,
2024,Municipal,83300047,I,6833,Tres Arroyos,Hosp. Zonal Gral. de Ag. M. V. de Martinez,723,10.794,548,,530,5.856,16,4.549,"77,7","33,0",4.46,"8,4",6,"1,1"
2024,Municipal,83300063,I,6833,Tres Arroyos,Hosp. Zonal Gral. de Ag. M. V. de Martinez,2.5,197.821,35.769,,7.301,49.411,135,40.812,"82,6","53,9",39.28,"5,4",252,"3,5"
2024,Municipal,83300128,I,6833,Tres Arroyos,Hosp. Zonal Gral. de Ag. M. V. de Martinez,564,10.954,,,,,,,,,,,,
2024,Municipal,83300195,I,6833,Tres Arroyos,Hosp. Zonal Gral. de Ag. M. V. de Martinez,271,11.177,434,,,,,,,,,,,
2024,Municipal,83300209,I,6833,Tres Arroyos,Hosp. Zonal Gral. de Ag. M. V. de Martinez,,406,,,,,,,,,,,,
2024,Municipal,83300225,I,6833,Tres Arroyos,Hosp. Zonal Gral. de Ag. M. V. de Martinez,,3.604,2.583,,,,,,,,,,,
2024,Municipal,83300233,I,6833,Tres Arroyos,Hosp. Zonal Gral. de Ag. M. V. de Martinez,553,12.423,2.095,,,,,,,,,,,
2024,Municipal,83300241,I,6833,Tres Arroyos,Hosp. Zonal Gral. de Ag. M. V. de Martinez,,10.618,1.904,,,,,,,,,,,
2024,Municipal,83300250,I,6833,Tres Arroyos,Hosp. Zonal Gral. de Ag. M. V. de Martinez,,6.635,2.76,,,,,,,,,,,
2024,Municipal,83300268,I,6833,Tres Arroyos,Hosp. Zonal Gral. de Ag. M. V. de Martinez,,5.844,842,,,,,,,,,,,
2024,Municipal,83300276,I,6833,Tres Arroyos,Hosp. Zonal Gral. de Ag. M. V. de Martinez,,3.78,1.719,,,,,,,,,,,
2024,Municipal,83300284,I,6833,Tres Arroyos,Hosp. Zonal Gral. de Ag. M. V. de Martinez,,8.802,2.618,,,,,,,,,,,
2024,Municipal,83300306,I,6833,Tres Arroyos,Hosp. Zonal Gral. de Ag. M. V. de Martinez,,9.658,1.657,,,,,,,,,,,
2024,Municipal,83300331,I,6833,Tres Arroyos,Hosp. Zonal Gral. de Ag. M. V. de Martinez,727,11.134,1.505,,,,,,,,,,,
2024,Municipal,83300349,I,6833,Tres Arroyos,Hosp. Zonal Gral. de Ag. M. V. de Martinez,,10.833,658,,,,,,,,,,,
2024,Municipal,87500016,I,6875,Villarino,Hosp. Zonal Esp. Odontología y Ortodoncia Dr. J. U. Carrea,417,6.056,1.449,,238,4.026,11,338,"8,4","21,6",339,"1,4",3,"1,3"
2024,Municipal,87500041,I,6875,Villarino,Hosp. Zonal Esp. Odontología y Ortodoncia Dr. J. U. Carrea,795,48.973,4.415,,260,10.248,28,1.154,"11,3","9,3",1.154,"4,4",23,"8,8"
2024,Municipal,87500059,I,6875,Villarino,Hosp. Zonal Esp. Odontología y Ortodoncia Dr. J. U. Carrea,904,26.538,2.257,,,,,,,,,,,
2024,Municipal,87500083,I,6875,Villarino,Hosp. Zonal Esp. Odontología y Ortodoncia Dr. J. U. Carrea,0,27.025,494,,483,4.392,12,1.183,"26,9","40,1",1.204,"2,5",15,"3,1"
2024,Municipal,87500148,I,6875,Villarino,Hosp. Zonal Esp. Odontología y Ortodoncia Dr. J. U. Carrea,,290,147,,,,,,,,,,,
2024,Municipal,87500156,I,6875,Villarino,Hosp. Zonal Esp. Odontología y Ortodoncia Dr. J. U. Carrea,,58,,,,,,,,,,,,
2024,Municipal,87500164,I,6875,Villarino,Hosp. Zonal Esp. Odontología y Ortodoncia Dr. J. U. Carrea,,62,,,,,,,,,,,,
2024,Municipal,87500172,I,6875,Villarino,Hosp. Zonal Esp. Odontología y Ortodoncia Dr. J. U. Carrea,1.997,5.544,1.279,,,,,,,,,,,
2024,Municipal,87500181,I,6875,Villarino,Hosp. Zonal Esp. Odontología y Ortodoncia Dr. J. U. Carrea,65,3.252,833,,,,,,,,,,,
2024,Municipal,87500199,I,6875,Villarino,Hosp. Zonal Esp. Odontología y Ortodoncia Dr. J. U. Carrea,,443,19,,,,,,,,,,,
2024,Municipal,87500202,I,6875,Villarino,Hosp. Zonal Esp. Odontología y Ortodoncia Dr. J. U. Carrea,4.52,7.113,1.918,,,,,,,,,,,
2024,Municipal,87500211,I,6875,Villarino,Hosp. Zonal Esp. Odontología y Ortodoncia Dr. J. U. Carrea,419,12.642,1.142,,715,20.496,56,11.019,"53,8","12,7",9.699,"13,6",11,"1,5"
2024,Municipal,87500229,I,6875,Villarino,Hosp. Zonal Esp. Odontología y Ortodoncia Dr. J. U. Carrea,,,,,20,7.32,20,6.032,"82,4","1,0",6.973,"348,7",1,"5,0"
2024,Municipal,87500245,I,6875,Villarino,Hosp. Zonal Esp. Odontología y Ortodoncia Dr. J. U. Carrea,,,,,38,4.758,13,4.389,"92,2","2,9",5.044,"132,7",2,"5,3"
2024,Municipal,87500248,I,6876,Villarino,Hosp. Zonal Esp. Odontología y Ortodoncia Dr. J. U. Carrea,,,,,0,0,0,0,,"0,0",0,"0,0",0,"0,0"
2024,Municipal,14700017,II,6147,Carlos Casares,Unid. Sanit. Bellocq,1.109,8.779,2.676,,,,,,,,,,,
2024,Municipal,14700041,II,6147,Carlos Casares,Hosp. Munic. Dr. Julio F. Ramos,3.568,208.008,29.224,11.193,10.761,47.214,129,44.11,"88,8","83,2",42.563,"4,0",175,"1,6"
2024,Municipal,14700050,II,6147,Carlos Casares,Unid. Sanit. y Asilo Dr. Albert Schweitzer,880,8.434,,251,10,7.32,20,7.072,"96,6","0,5",12.637,"1.263,7",0,"0,0"
2024,Municipal,14700068,II,6147,Carlos Casares,Unid. Sanit. Smith,1.361,11.788,2.673,,,,,,,,,,,
2024,Municipal,14700092,II,6147,Carlos Casares,Unid. Sanit. Santa Teresa,1.26,12.484,5.28,,,,,,,,,,,
2024,Municipal,14700106,II,6147,Carlos Casares,Ctro. Perif. Evita,1.273,17.486,8.148,,,,,,,,,,,
2024,Municipal,14700114,II,6147,Carlos Casares,Unid. Sanit. Mauricio Hirsch,824,8.265,1.358,,,,,,,,,,,
2024,Municipal,14700122,II,6147,Carlos Casares,Unid. Sanit. Cadret,890,8.66,1.176,,,,,,,,,,,
2024,Municipal,14700131,II,6147,Carlos Casares,Unid. Sanit. Moctezuma,1.778,9.81,2.609,,,,,,,,,,,
2024,Municipal,14700149,II,6147,Carlos Casares,Unid. Sanit. Ordoqui,838,8.139,,,,,,,,,,,,
2024,Municipal,14700157,II,6147,Carlos Casares,Sala de Pros. Aux. Sind. Trab. y Empl. Municipales,881,9.784,1.545,,,,,,,,,,,
2024,Municipal,14700165,II,6147,Carlos Casares,Ctro. Perif. Dr. Jose Passerini,1.151,11.527,5.935,,,,,,,,,,,
2024,Municipal,14700181,II,6147,Carlos Casares,Sala de Pros. Aux. Dr. Roberto Gutiérrez,2.396,22.06,6.579,,,,,,,,,,,
2024,Municipal,14700203,II,6147,Carlos Casares,CIC Carlos Casares,2.846,21.013,8.798,,,,,,,,,,,
2024,Municipal,14700239,II,6147,Carlos Casares,Hogar Geriátrico,,,,,18,19.764,54,19.411,"98,2","0,3",15.266,"848,1",2,"11,1"
2024,Municipal,15400017,II,6154,Carlos Tejedor,Hosp. Munic. Garré,1.855,44.702,2.465,,1.562,13.542,37,7.444,"55,0","42,1",9.13,"5,8",48,"3,1"
2024,Municipal,15400025,II,6154,Carlos Tejedor,Unid. Sanit. Colonia Seré,956,2.782,1.566,,,,,,,,,,,
2024,Municipal,15400033,II,6154,Carlos Tejedor,Unid. Sanit. Curarú,835,2.694,1.562,,,,,,,,,,,
2024,Municipal,15400041,II,6154,Carlos Tejedor,Hosp. Munic. J. H. Ressano,698,33.248,3.981,5.787,612,6.954,19,2.569,"36,9","32,1",2.001,"3,3",27,"4,4"
2024,Municipal,15400050,II,6154,Carlos Tejedor,Unid. Sanit. Timote,876,2.402,1.81,,,,,,,,,,,
2024,Municipal,15400076,II,6154,Carlos Tejedor,Ctro. Comunitario Polivalente Munic.,,1.194,751,,,,,,,,,,,
2024,Municipal,15400084,II,6154,Carlos Tejedor,Hogar Geriátrico San José,,,,,20,18.3,50,16.218,"88,6","0,4",14.294,"714,7",3,"15,0"
2024,Municipal,23100014,II,6231,Daireaux,Unid. Sanit. Santa Máxima ,872,5.924,3.07,,,,,,,,,,,
2024,Municipal,23100022,II,6231,Daireaux,Hosp. Munic. Dr. Pedro M. Romanazzi,2.246,72.524,3.427,1.106,4.721,25.986,71,25.431,"97,2","66,3",25.241,"5,3",88,"1,9"
2024,Municipal,23100031,II,6231,Daireaux,Hosp. Munic. Dr. L. Tabares Salazar,994,9.049,2.497,0,375,6.222,17,4.594,"73,8","22,0",4.833,"12,9",17,"4,5"
2024,Municipal,23100065,II,6231,Daireaux,Ctro. de Salud Ramón Carrillo ,1.834,11.918,2.216,,,,,,,,,,,
2024,Municipal,23100073,II,6231,Daireaux,Sala de Pros. Aux. La Manuela,,2.001,,,,,,,,,,,,
2024,Municipal,23100081,II,6231,Daireaux,Sala de Pros. Aux. Santa María,,1.902,,,,,,,,,,,,
2024,Municipal,23100090,II,6231,Daireaux,Sala de Pros. Aux. Dr. J. O. Carlé,1.667,9.745,3.316,,,,,,,,,,,
2024,Municipal,23100103,II,6231,Daireaux,Hogar de Ancianos Dr. M. Oliver,,,,,72,21.96,60,21.415,"97,5","1,2",52.709,"732,1",6,"8,3"
2024,Municipal,23100124,II,6231,Daireaux,CAPS Santa María ,,256,,,,,,,,,,,,
2024,Municipal,39200006,II,6392,General Villegas,Hogar de Ancianos Banderalo,,,,,9,2.196,6,2.037,"92,8","1,5",2.262,"251,3",0,"0,0"
2024,Municipal,39200009,II,6392,General Villegas,Geriátrico Municipal de General Villegas,,,,,35,7.32,20,7.172,"98,0","1,7",4.362,"124,6",11,"31,4"
2024,Municipal,39200019,II,6392,General Villegas,Ctro. de Salud de Cañada Seca,537,8.884,,,,,,,,,,,,
2024,Municipal,39200027,II,6392,General Villegas,Ctro. de Salud de Coronel Charlone,1.321,22.692,,,,,,,,,,,,
2024,Municipal,39200043,II,6392,General Villegas,Ctro. de Salud Emilio Bunge,1.899,23.93,,,,,,,,,,,,
2024,Municipal,39200051,II,6392,General Villegas,Hosp. Munic.de Gral. Villegas Ntra. Sra del Carmen,4.27,265,18.652,,4.348,20.496,56,19.635,"80,2","77,4",14.22,"3,3",162,"3,7"
2024,Municipal,39200060,II,6392,General Villegas,Ctro. de Salud de Piedritas,2.118,30.872,,,,,,,,,,,,
2024,Municipal,39200078,II,6392,General Villegas,Ctro. de Salud de Villa Sauce,372,8.328,,,,,,,,,,,,
2024,Municipal,39200086,II,6392,General Villegas,Ctro. de Salud de Santa Regina,355,8.336,,,,,,,,,,,,
2024,Municipal,39200094,II,6392,General Villegas,Ctro. de Salud de Villa Saboya,361,8.329,,,,,,,,,,,,
2024,Municipal,39200141,II,6392,General Villegas,Ctro. de Salud de Santa Eleodora,355,8.462,,,,,,,,,,,,
2024,Municipal,39200159,II,6392,General Villegas,Ctro. de Salud Banderaló,1.532,23.666,,,,,,,,,,,,
2024,Municipal,39200191,II,6392,General Villegas,Hogar de Ancianos Dr. C. A. Seguí,,,,,9,7.32,20,6.793,"92,8","0,4",10.186,"1.131,8",3,"33,3"
2024,Municipal,39200205,II,6392,General Villegas,Hogar de Ancianos Dr. J. R. Lamas,,,,,29,11.712,32,9.528,"81,4","0,9",13.383,"461,5",1,"3,4"
2024,Municipal,39200248,II,6392,General Villegas,Hogar de Ancianos,,,,,11,5.856,16,5.664,"96,7","0,7",7.115,"646,8",2,"18,2"
2024,Municipal,39200256,II,6392,General Villegas,Hogar de Ancianos Coronel Charlone,,,,,9,5.49,15,5.496,"100,1","0,6",7.621,"846,8",3,"33,3"
2024,Municipal,39200264,II,6392,General Villegas,Hogar de Ancianos de Cañada Seca,,,,,9,5.49,15,4.39,"80,0","0,6",5.421,"602,3",4,"44,4"
2024,Municipal,39200265,II,6392,General Villegas,Centro de Atención Primaria de la Salud  Barrio Fonavi ,1.715,16.793,,,,,,,,,,,,
2024,Municipal,39200267,II,6392,General Villegas,Hogar de Ancianos Refugio de mis Años,,,,,4,3.294,9,3.296,"100,1","0,4",1.074,"268,5",0,"0,0"
2024,Municipal,39200279,II,6392,General Villegas,C.A.P.S. Leonardo Favio,848,3.912,1.255,,,,,,,,,,,
2024,Municipal,40600001,II,6406,Hipólito Yrigoyen,Caps Henderson ,1.284,9.928,694,,,,,,,,,,,
2024,Municipal,40600039,II,6406,Hipólito Yrigoyen,Hosp. Munic. Dr. S. M. Galvagni,6.878,123.677,2.925,1.207,2.733,16.104,44,7.84,"48,7","61,9",8.862,"3,2",75,"2,7"
2024,Municipal,40600055,II,6406,Hipólito Yrigoyen,Sala de Pros. Aux. Eva Perón,212,10.19,1.775,,,,,,,,,,,
2024,Municipal,40600063,II,6406,Hipólito Yrigoyen,Sala de Pros. Aux. María Auxiliadora,213,1.032,289,,,,,,,,,,,
2024,Municipal,40600071,II,6406,Hipólito Yrigoyen,Sala de Pros. Aux. Ramón Carrillo,1.329,17.287,1.347,,,,,,,,,,,
2024,Municipal,40600080,II,6406,Hipólito Yrigoyen,Hogar San José,,230,,,47,15.738,43,13.923,"88,5","1,1",13.874,"295,2",1,"2,1"
2024,Municipal,58800019,II,6588,9 de Julio,Unid. Sanit. Dr. Jorge Aguilar ,1.34,3.055,91,,,,,,,,,,,
2024,Municipal,58800027,II,6588,9 de Julio,Unid. Sanit. Dennehy,,258,0,,,,,,,,,,,
2024,Municipal,58800035,II,6588,9 de Julio,Unid. de Pros. Aux. Regina Trombetta (12 de Octubre),154,2.361,59,,,,,,,,,,,
2024,Municipal,58800043,II,6588,9 de Julio,Hosp. Munic. E. Dudignac,828,8.829,611,,192,4.758,13,230,"4,8","14,7",227,"1,2",0,"0,0"
2024,Municipal,58800051,II,6588,9 de Julio,Sala de Pros. Aux. H. Castellanos (French),375,3.439,241,,,,,,,,,,,
2024,Municipal,58800060,II,6588,9 de Julio,Unid. Sanit. Morea,234,1.66,,,,,,,,,,,,
2024,Municipal,58800124,II,6588,9 de Julio,Unid. Sanit. Patricios,1.5,5.14,133,,,,,,,,,,,
2024,Municipal,58800132,II,6588,9 de Julio,Hosp. Munic. Dr. Manuel F. Arce,1.463,8.278,1.047,,378,2.928,8,1.276,"43,6","47,1",1.797,"4,8",16,"4,2"
2024,Municipal,58800159,II,6588,9 de Julio,Sala de Pros. Aux. Dr. H. Lizarralde,1.721,14.088,969,,,,,,,,,,,
2024,Municipal,58800167,II,6588,9 de Julio,Unid. Sanit. E. Solabarrieta ,1.303,5.273,303,,,,,,,,,,,
2024,Municipal,58800175,II,6588,9 de Julio,Sala de Pros. Aux. El Provincial,1.797,4.412,186,,,,,,,,,,,
2024,Municipal,58800183,II,6588,9 de Julio,Unid. Sanit. Norumbega,,378,,,,,,,,,,,,
2024,Municipal,58800205,II,6588,9 de Julio,Unid. Sanit. Dr. Norman Moscato,2.062,12.944,2.66,,,,,,,,,,,
2024,Municipal,58800230,II,6588,9 de Julio,Unid. Sanit. Bo. Parque  J. de  Vedia,,5.266,972,,,,,,,,,,,
2024,Municipal,58800256,II,6588,9 de Julio,Unid. Sanit. Bo. Luján,1.853,12.352,636,,,,,,,,,,,
2024,Municipal,58800264,II,6588,9 de Julio,Sala de Pros. Aux. Alborada II,1.923,7.299,666,,,,,,,,,,,
2024,Municipal,58800299,II,6588,9 de Julio,Hogar de Ancianos Munic. Sto. D. de Guzmán,179,4.621,8.075,,52,22.692,62,17.585,"77,5","0,8",20.36,"391,5",1,"1,9"
2024,Municipal,58800302,II,6588,9 de Julio,Sala de Pros. Aux. Dr. Albert Sabín,,10.1,907,,,,,,,,,,,
2024,Municipal,58800345,II,6588,9 de Julio,Centro Integrador Comunitario Martin Callegaro,1.813,7.703,1.409,,,,,,,,,,,
2024,Municipal,60900012,II,6609,Pehuajó,Unid. Sanit. Dr. Cumba de Fco. Madero,3.152,5.693,2.137,,128,10.248,28,5.102,"49,8","4,6",1.94,"15,2",6,"4,7"
2024,Municipal,60900021,II,6609,Pehuajó,Unid. Sanit. E. Rogero,1.991,6.262,,,,,,,,,,,,
2024,Municipal,60900039,II,6609,Pehuajó,Hosp. Local Dr. F. Benincasa,1.648,6.101,1.901,,229,17.568,48,4.841,"27,6","4,8",4.351,"19,0",10,"4,4"
2024,Municipal,60900047,II,6609,Pehuajó,Unid. Sanit. Dr. B. Loza,167,2.371,,,,,,,,,,,,
2024,Municipal,60900055,II,6609,Pehuajó,Unid. Sanit. Dr. Allieni de Mones Cazón,1.047,4.551,1.548,,146,9.882,27,7.476,"75,7","5,4",9.307,"63,7",8,"5,5"
2024,Municipal,60900063,II,6609,Pehuajó,Unid. Sanit. Dr. Cipolla,288,2.01,,,,,,,,,,,,
2024,Municipal,60900080,II,6609,Pehuajó,Hosp. Zonal Dr. J. C. Aramburu,91.933,301.605,31.276,,4.889,25.622,70,27.635,"95,0","69,6",24.73,"5,1",185,"3,8"
2024,Municipal,60900101,II,6609,Pehuajó,C.A.P.S. Dr. Ferreyra,1.042,4.881,1.502,,,,,,,,,,,
2024,Municipal,60900110,II,6609,Pehuajó,C.A.P.S. Dr. Raúl Peláez,,3.534,930,,,,,,,,,,,
2024,Municipal,60900136,II,6609,Pehuajó,C.A.P.S. Sta. Teresita Fonavi II,1.424,5.423,822,,,,,,,,,,,
2024,Municipal,60900144,II,6609,Pehuajó,C.A.P.S. El Cerrito,,3.599,966,,,,,,,,,,,
2024,Municipal,60900152,II,6609,Pehuajó,Unid. Sanit. de Chiclana,,2.083,,,,,,,,,,,,
2024,Municipal,60900161,II,6609,Pehuajó,C.A.P.S. José Hernández,2.979,2.863,649,,,,,,,,,,,
2024,Municipal,60900187,II,6609,Pehuajó,C.A.P.S. Don Domingo,,3.466,903,,,,,,,,,,,
2024,Municipal,60900217,II,6609,Pehuajó,Centro Integrador Comunitario,1.069,3.873,934,,,,,,,,,,,
2024,Municipal,60900250,II,6609,Pehuajó,Hogar de Ancianos de Juan Jose Paso,,572,,,6,7.32,20,6.37,"87,0","0,3",3.022,"503,7",3,"50,0"
2024,Municipal,60900258,II,6609,Pehuajó,Centro Oncológico Pehuajó,,3.517,2.026,,,,,994,,,,,,
2024,Municipal,60900259,II,6609,Pehuajó,"Hogar de Anciano ""Arnaldo Inchauspe""",,2.249,4.594,,38,22.692,62,22.394,"98,7","0,6",23.758,"625,2",4,"10,5"
2024,Municipal,60900261,II,6609,Pehuajó,Centro de Día para personas con Discapacidad Mental,,941,4.068,,,,,8.225,,,,,,
2024,Municipal,61600012,II,6616,Pellegrini,Hosp. Dr. Guillermo del Soldato,578,30.183,2.99,,1.451,9.516,26,3.561,"36,9","55,7",3.505,"2,4",31,"2,1"
2024,Municipal,61600047,II,6616,Pellegrini,Unid. Sanit. Bocayuba,,1.521,,,,,,,,,,,,
2024,Municipal,61600063,II,6616,Pellegrini,Unid. Sanit. de Bary,,1.485,,,,,,,,,,,,
2024,Municipal,61600071,II,6616,Pellegrini,Hogar de Ancianos Dr. A. Scarpetta,,,,,35,11.346,31,11.319,"99,8","1,1",11.259,"321,7",0,"0,0"
2024,Municipal,61600081,II,6616,Pellegrini,Sala de Primeros Auxilios Barrio 1° de Julio,,2.639,,,,,,,,,,,,
2024,Municipal,61600085,II,6616,Pellegrini,Centro de día Pellegrini,,,,,,,,7.443,,,,,,
2024,Municipal,67900026,IX,6672,Rauch,Hosp. Local Munic. de Rivadavia,1.648,52.053,14.519,,2.678,15.778,43,7.131,"45,2","62,0",8.629,"3,2",74,"2,8"
2024,Municipal,67900034,II,6679,Rivadavia,Unid. Sanit. Dr. P. Barguero,1.915,12.528,3.258,,65,3.66,10,563,"15,4","6,5",514,"7,9",6,"9,2"
2024,Municipal,67900042,II,6679,Rivadavia,Unid. Sanit. Sansinena,1.016,4.682,310,,27,2.562,7,2.284,"89,1","3,8",915,"33,9",2,"7,4"
2024,Municipal,67900051,II,6679,Rivadavia,Unid. Sanit. Dr. J. I. Mateos,869,6.572,2.869,,41,2.562,7,1.1,"42,9","5,8",905,"22,1",3,"7,3"
2024,Municipal,67900077,II,6679,Rivadavia,Unid. Sanit. Roosevelt,403,4.229,,,,,,,,,,,,
2024,Municipal,67900093,II,6679,Rivadavia,Dispensario Munic. N° 1 Dr. E. Groppo,1.734,3.946,46,,,,,,,,,,,
2024,Municipal,67900107,II,6679,Rivadavia,Dispensario Munic. N° r Dr. R. M. Zuccherino,2.272,3.017,2.171,,,,,,,,,,,
2024,Municipal,67900115,II,6679,Rivadavia,Dispensario Munic. N° 3 Dr. H. Nieto,,1.895,28,,,,,,,,,,,
2024,Municipal,67900131,II,6679,Rivadavia,Hogar de Ancianos Dr. J. I. Mateos,,,,,3,5.124,14,5.295,"103,3","0,2",8.839,"2.946,3",2,"66,7"
2024,Municipal,67900158,II,6679,Rivadavia,Geriátrico Nélida G. de Giordano,,,,,3,4.026,11,3.999,"99,3","0,3",2.168,"722,7",2,"66,7"
2024,Municipal,67900174,II,6679,Rivadavia,Complejo de Abuelos Comunitario Integrador Huellas,,,,,65,26.352,72,22.705,"86,2","0,9",22.116,"340,2",10,"15,4"
2024,Municipal,72100011,II,6721,Salliqueló,Sala de Pros. Aux. Quenumá,1.299,9.727,,,,,,,,,,,,
2024,Municipal,72100020,II,6721,Salliqueló,Hosp. Munic. de Salliqueló,3.67,37.499,10.126,2.568,1.844,15.372,42,9.493,"61,8","43,8",8.01,"4,3",50,"2,7"
2024,Municipal,72100038,II,6721,Salliqueló,Sala de Pros. Aux. Madre Teresa de Calcuta,,6.983,,,,,,,,,,,,
2024,Municipal,72100046,II,6721,Salliqueló,Sala de Pros. Aux. Ntra. Sra. de Fátima ,,10.417,,,,,,,,,,,,
2024,Municipal,72100054,II,6721,Salliqueló,Sala de Pros. Aux. San Cayetano,,7.12,,,,,,,,,,,,
2024,Municipal,72100073,II,6721,Salliqueló,Hogar Municipal Papa Francisco ,,,,,8,18.3,50,18.029,"98,5","0,2",3.152,"394,0",2,"25,0"
2024,Municipal,82600012,II,6826,Trenque Lauquen,Hosp. Zonal Gral. de Ag. M. V. de Martinez,1.912,11.35,2.056,,,,,,,,,,,
2024,Municipal,82600021,II,6826,Trenque Lauquen,Hosp. Zonal Gral. de Ag. M. V. de Martinez,253,1.544,11,,,,,,,,,,,
2024,Municipal,82600039,II,6826,Trenque Lauquen,Hosp. Zonal Gral. de Ag. M. V. de Martinez,1.959,31.293,8.693,,488,15.372,42,7.502,"48,8","11,6",17.62,"36,1",21,"4,3"
2024,Municipal,82600055,II,6826,Trenque Lauquen,Hosp. Zonal Gral. de Ag. M. V. de Martinez,,115.094,2.889,2.829,10.97,35.502,97,24.65,"69,4","112,8",25.026,"2,3",221,"2,0"
2024,Municipal,82600080,II,6826,Trenque Lauquen,Hosp. Zonal Gral. de Ag. M. V. de Martinez,,0,,,,,,,,,,,,
2024,Municipal,82600128,II,6826,Trenque Lauquen,Hosp. Zonal Gral. de Ag. M. V. de Martinez,4.074,17.348,1.666,,,,,,,,,,,
2024,Municipal,82600136,II,6826,Trenque Lauquen,Hosp. Zonal Gral. de Ag. M. V. de Martinez,5.786,21.746,2.092,,,,,,,,,,,
2024,Municipal,82600209,II,6826,Trenque Lauquen,Hosp. Zonal Gral. de Ag. M. V. de Martinez,9.718,20.587,22.187,,,,,,,,,,,
2024,Municipal,82600217,II,6826,Trenque Lauquen,Hosp. Zonal Gral. de Ag. M. V. de Martinez,20.017,43.954,,,61,23.424,64,22.484,"96,0","1,0",24.544,"402,4",8,"13,1"
2024,Municipal,82600226,II,6826,Trenque Lauquen,Hosp. Zonal Gral. de Ag. M. V. de Martinez,4.918,8.28,,,7,5.856,16,4.553,"77,7","0,4",5.006,"715,1",0,"0,0"
2024,Municipal,82600233,II,6826,Trenque Lauquen,Hosp. Zonal Gral. de Ag. M. V. de Martinez,1.599,21.284,2.432,,,,,,,,,,,
2024,Municipal,82600241,II,6826,Trenque Lauquen,Hosp. Zonal Gral. de Ag. M. V. de Martinez,884,1.958,204,,,,,,,,,,,
2024,Municipal,82600250,II,6826,Trenque Lauquen,Hosp. Zonal Gral. de Ag. M. V. de Martinez,3.992,13.896,1.093,,,,,,,,,,,
2024,Municipal,82600268,II,6826,Trenque Lauquen,Hosp. Zonal Gral. de Ag. M. V. de Martinez,,2.969,3.249,,,,,,,,,,,
2024,Municipal,82600370,II,6826,Trenque Lauquen,Hosp. Zonal Gral. de Ag. M. V. de Martinez,3.038,7.535,,,5,4.758,13,3.769,"79,2","0,4",3.917,"783,4",1,"20,0"
2024,Municipal,84700010,II,6847,Tres Lomas,UPA 16,9.482,38.922,2.276,2.742,2.351,28.182,77,17.93,"63,6","30,4",13.056,"5,6",43,"1,8"
2024,Municipal,84700022,II,6847,Tres Lomas,UPA 16,2.32,3.453,198,,,,,,,,,,,
2024,Municipal,84700049,II,6847,Tres Lomas,UPA 16,,7.624,167,,,,,,,,,,,
2024,Municipal,84700057,II,6847,Tres Lomas,UPA 16,,7.457,,,,,,,,,,,,
2024,Municipal,84700073,II,6847,Tres Lomas,UPA 16,,6.354,,,,,,,,,,,,
2024,Municipal,21000012,III,6210,Chacabuco,Hosp. Local Gral. Tomás Keating,911,10.896,15.341,,27,10.77,30,10.67,"99,1","0,9",1.521,"56,3",0,"0,0"
2024,Municipal,21000039,III,6210,Chacabuco,Hosp. Munic. Ntra. Sra. del Carmen,11.533,352.424,121.441,,21.263,74.298,204,72.119,"97,1","104,5",62.801,"3,0",236,"1,1"
2024,Municipal,21000047,III,6210,Chacabuco,Unid. Sanit. de O´higgins,1.099,10.811,8.729,,,,,,,,,,,
2024,Municipal,21000055,III,6210,Chacabuco,Hosp. Local Munic. A. Rossi y C. Z. de Rossi,1.918,11.317,12.043,,283,12.444,34,11.953,"96,1","8,3",14.586,"51,5",4,"1,4"
2024,Municipal,21000080,III,6210,Chacabuco,Unid. Sanit. Madre Teresa de Calcuta,1.261,8.514,12.619,,,,,,,,,,,
2024,Municipal,21000161,III,6210,Chacabuco,Unid. Sanit. Dr. C. Natelli (La Unión),1.206,8.822,8.562,,,,,,,,,,,
2024,Municipal,21000179,III,6210,Chacabuco,Unid. Sanit. San Cayetano,1.882,12.983,11.404,,,,,,,,,,,
2024,Municipal,21000187,III,6210,Chacabuco,Unid. Sanit. Ubaldo Martínez,1.47,9.047,10.217,,,,,,,,,,,
2024,Municipal,21000195,III,6210,Chacabuco,Unid. Sanit. Los Angeles,939,3.989,,,,,,,,,,,,
2024,Municipal,21000225,III,6210,Chacabuco,Unid. Sanit. Dr. E. Casasco,1.324,9.712,12.064,,,,,,,,,,,
2024,Municipal,21000233,III,6210,Chacabuco,Unid. Sanit. Santa Clara de Asís,,8.641,9.399,,,,,,,,,,,
2024,Municipal,21000241,III,6210,Chacabuco,Unid. Sanit. Dora Pietranera,1.078,8.439,8.66,,,,,,,,,,,
2024,Municipal,21000250,III,6210,Chacabuco,Unid. Sanit. Dr. Osvaldo Buey,1.06,8.928,9.054,,,,,,,,,,,
2024,Municipal,21000268,III,6210,Chacabuco,Unid. Sanit. Matadero,1.21,8.407,10.855,,,,,,,,,,,
2024,Municipal,21000284,III,6210,Chacabuco,Hogar Geriátrico,,,,,0,3.66,10,3.66,"100,0","0,0",0,,0,
2024,Municipal,21000292,III,6210,Chacabuco,Hogar de Ancianos Juan Falabella,,,,,26,10.976,30,10.658,"97,1","0,9",12.955,"498,3",5,"19,2"
2024,Municipal,21000349,III,6210,Chacabuco,Hogar de Ancianos Santa Ana,,,,,16,9.13,25,9.369,"102,6","0,6",12.36,"772,5",5,"31,3"
2024,Municipal,27700016,III,6277,Florentino Ameghino,Unid. Sanit. Blaquier,1.302,9.407,4.379,,,,,,,,,,,
2024,Municipal,27700024,III,6277,Florentino Ameghino,Hosp. Local Dr. Felipe Peláez,3.513,297.476,43.197,0,1.101,20.862,57,12.863,"61,7","19,3",2.367,"2,1",23,"2,1"
2024,Municipal,27700059,III,6277,Florentino Ameghino,Unid. Sanit. El Porvenir,,6.857,,,,,,,,,,,,
2024,Municipal,27700067,III,6277,Florentino Ameghino,Unid. Sanit. Dr. J. M. Cano,,8.571,,,,,,,,,,,,
2024,Municipal,27700083,III,6277,Florentino Ameghino,Hogar Geriátrico Blaquier,,588,,,5,3.504,10,2.912,"83,1","0,5",1.02,"204,0",0,"0,0"
2024,Municipal,29400006,III,6294,General Arenales,CAPS La Trinidad,,5.432,,,,,,,,,,,,
2024,Municipal,29400010,III,6294,General Arenales,Unid. Sanit. Arribeños,,15.157,407,,,,,,,,,,,
2024,Municipal,29400028,III,6294,General Arenales,Unid. Sanit. Ascensión,317,20.54,,,,,,,,,,,,
2024,Municipal,29400036,III,6294,General Arenales,Hosp.Munic. Dr. Ignacio Pirovano,429,129.643,7.924,,1.972,22.087,61,16.775,"75,9","32,6",11.371,"5,8",60,"3,0"
2024,Municipal,29400061,III,6294,General Arenales,Unid. Sanit. Ferré,295,29.433,991,,18,6.94,19,7.2,"103,7","0,9",8.31,"461,7",2,"11,1"
2024,Municipal,29400087,III,6294,General Arenales,Unid. Sanit. La Angelita,,1.621,,,,,,,,,,,,
2024,Municipal,29400095,III,6294,General Arenales,Unid. Sanit.  Estación Ascensión -,,5.876,,,,,,,,,,,,
2024,Municipal,29400109,III,6294,General Arenales,Unid. Sanit. El Chingolo,,1.565,,,,,,,,,,,,
2024,Municipal,35100002,III,6351,General Pinto,CAPS Eva Perón,799,7.219,459,,,,,,,,,,,
2024,Municipal,35100003,III,6351,General Pinto,Centro Nefrológico Municipal,,111,,,,,,,,,,,,
2024,Municipal,35100015,III,6351,General Pinto,Sala de Pros. Aux. Cnel. Granada,497,12.11,,,50,2.196,6,1.546,"70,4","8,3",5.223,"104,5",1,"2,0"
2024,Municipal,35100023,III,6351,General Pinto,Hosp. Munic. Dr. Alberto L. Videla,0,40.676,2.411,,1.738,31.476,86,20.437,"64,9","20,2",11.242,"6,5",88,"5,1"
2024,Municipal,35100031,III,6351,General Pinto,Sala de Pros. Aux. La Fuente Guisasola,1.181,10.417,,,68,6.588,18,5.846,"88,7","3,8",4.113,"60,5",4,"5,9"
2024,Municipal,35100040,III,6351,General Pinto,Sala de Pros. Aux. Iriarte ,1.403,9.969,,,,,,,,,,,,
2024,Municipal,35100074,III,6351,General Pinto,Sala de Pros. Aux. Bo. Malvinas Argentinas,,5.043,,,,,,,,,,,,
2024,Municipal,35100082,III,6351,General Pinto,Sala de Pros. Aux. Bo. San Cayetano,,1.001,,,,,,,,,,,,
2024,Municipal,35100091,III,6351,General Pinto,Sala de Pros. Aux. de Ingeniero Balbín,,,,,,,,,,,,,,
2024,Municipal,35100104,III,6351,General Pinto,CAPS Centro Integrador Comunitario Gral Pinto,1.318,12.126,,,,,,,,,,,,
2024,Municipal,35100113,III,6351,General Pinto,Centro Integrador Comunitario C.I.C. Mínimo,522,3.757,,,,,,,,,,,,
2024,Municipal,35100114,III,6351,General Pinto,Hogar Geriatrico Casa de los abuelos,,,,,3,5.856,16,5.842,"99,8","0,2",1.704,"568,0",0,"0,0"
2024,Municipal,35100115,III,6351,General Pinto,Hospital de Día de Rehabilitacion Psicofisica San Cayetano,,,4.738,,,,,5.112,,,,,,
2024,Municipal,38500002,III,6385,General Viamonte,Centro de día Despertar,,19.372,10.337,,,,,5.755,,,,,,
2024,Municipal,38500027,III,6385,General Viamonte,Hosp. Subz. de Gral. Viamonte,9.697,492.582,7.269,5.823,6.279,19.394,53,15.067,"77,7","118,2",15.362,"2,4",77,"1,2"
2024,Municipal,38500035,III,6385,General Viamonte,Unid. Sanit. San Emilio,808,25.673,1.89,,,,,,,,,,,
2024,Municipal,38500043,III,6385,General Viamonte,Unid. Sanit. Zavalía,902,25.958,,,,,,,,,,,,
2024,Municipal,38500051,III,6385,General Viamonte,Unid. Sanit. Baigorrita,3.808,73.081,3.881,,,,,,,,,,,
2024,Municipal,38500086,III,6385,General Viamonte,Unid. Sanit. Juan XXIII,3.813,56.701,3.957,,,,,,,,,,,
2024,Municipal,38500094,III,6385,General Viamonte,Unid. Sanit. Cuartel II,394,15.615,,,,,,,,,,,,
2024,Municipal,41300012,III,6413,Junín,Unid. Sanit. Agustina,,643,1.611,,,,,,,,,,,
2024,Municipal,41300021,III,6413,Junín,Unid. Sanit. Fortín Tiburcio,,1.196,1.305,,,,,,,,,,,
2024,Municipal,41300080,III,6413,Junín,Unid. Sanit. Safocarda,,1.241,274,,,,,,,,,,,
2024,Municipal,41300128,III,6413,Junín,Unid. Sanit. A.  Roca,,4.075,3.134,,,,,,,,,,,
2024,Municipal,41300241,III,6413,Junín,Unid. Sanit. Morse,,1.566,3.551,,,,,,,,,,,
2024,Municipal,41300250,III,6413,Junín,Unid. Sanit. N° 3 Prado Español,,2.362,3.669,,,,,,,,,,,
2024,Municipal,41300268,III,6413,Junín,Unid. Sanit. N° 2 Loreto,,6.032,10.763,,,,,,,,,,,
2024,Municipal,41300276,III,6413,Junín,Unid. Sanit. N° 1 del Carmen,,1.543,3.142,,,,,,,,,,,
2024,Municipal,41300284,III,6413,Junín,Unid. Sanit. N° 5 San Jorge,,3.997,20.656,,,,,,,,,,,
2024,Municipal,41300292,III,6413,Junín,Unid. Sanit. N° 4 Emilio Mitre,,4.061,8.243,,,,,,,,,,,
2024,Municipal,41300497,III,6413,Junín,Unid. Sanit. Nº 6 Bo. Norte,,2.7,16.669,,,,,,,,,,,
2024,Municipal,41300519,III,6413,Junín,Unid. Sanit. N° 8 Va. del Parque,,2.353,14.116,,,,,,,,,,,
2024,Municipal,41300527,III,6413,Junín,Unid. Sanit. N° 7 Eusebio Marsilla,,2.368,5.818,,,,,,,,,,,
2024,Municipal,41300535,III,6413,Junín,Unid. Sanit. Nº 10 Bo. Ferroviario,,1.612,2.356,,,,,,,,,,,
2024,Municipal,41300543,III,6413,Junín,Unid. Odontológica Móvil,8.829,,,,,,,,,,,,,
2024,Municipal,41300551,III,6413,Junín,Unid. Sanit. Nº 9 Los Almendros,,2.459,6.252,,,,,,,,,,,
2024,Municipal,41300578,III,6413,Junín,Departamento de Medicina Preventiva,,59.425,,,,,,,,,,,,
2024,Municipal,41300594,III,6413,Junín,Unid. Sanit. Balneario Municipal,,659,2.127,,,,,,,,,,,
2024,Municipal,46200016,III,6462,Leandro N. Alem,Unid. Sanit. Colonia Alberdi,,1.987,,,,,,,,,,,,
2024,Municipal,46200024,III,6462,Leandro N. Alem,Unid. Sanit. El Dorado,,3.126,,,,,,,,,,,,
2024,Municipal,46200032,III,6462,Leandro N. Alem,Unid. Sanit. de Fortín Acha,,2.349,,,,,,,,,,,,
2024,Municipal,46200041,III,6462,Leandro N. Alem,Unid. Sanit. Dr. P. R. Groupierre,481,13.67,,,458,7.32,20,1.773,"24,2","22,8",1.399,"3,1",17,"3,7"
2024,Municipal,46200067,III,6462,Leandro N. Alem,Unid. Sanit. L. N. Alem,192,6.724,,246,105,2.928,8,349,"11,9","13,1",349,"3,3",5,"4,8"
2024,Municipal,46200083,III,6462,Leandro N. Alem,Hosp. Munic. Leandro N. Alem,297,45.971,9.149,,2.196,14.993,41,7.363,"49,1","53,5",9.353,"4,3",108,"4,9"
2024,Municipal,46200121,III,6462,Leandro N. Alem,Unid. Sanit. Bo. El Humo,,3.043,,,,,,,,,,,,
2024,Municipal,46200130,III,6462,Leandro N. Alem,Hogar de Ancianos de Vedia,,,,,41,18.3,50,14.021,"76,6","0,8",7,"170,7",2,"4,9"
2024,Municipal,46200148,III,6462,Leandro N. Alem,Hogar Geriátrico Beatus Vir,,,,,25,7.32,20,7.1,"97,0","1,2",7.724,"309,0",0,"0,0"
2024,Municipal,46200156,III,6462,Leandro N. Alem,Hogar para Personas con Capacidades Diferentes,,,,,4,8.052,22,7.316,"90,9","0,2",1.118,"279,5",0,"0,0"
2024,Municipal,46200164,III,6462,Leandro N. Alem,Hogar de Ancianos L. N. Alen,,,,,7,4.392,12,3.154,"71,8","0,6",1.511,"215,9",0,"0,0"
2024,Municipal,46900018,III,6469,Lincoln,Unid. Sanit. P. Lacau,661,3.965,606,,41,4.392,12,3.293,"75,0","3,4",998,"24,3",4,"9,8"
2024,Municipal,46900026,III,6469,Lincoln,Unid. Sanit. de Bayauca,133,6.668,440,,,,,,,,,,,
2024,Municipal,46900034,III,6469,Lincoln,Unid. Sanit. Carlos Salas,0,1.423,70,,,,,,,,,,,
2024,Municipal,46900051,III,6469,Lincoln,Unid. Sanit. El Triunfo,310,6.206,469,,119,3.294,9,2.41,"73,2","13,2",1.069,"9,0",6,"5,0"
2024,Municipal,46900085,III,6469,Lincoln,Hosp.Subz. Munic. Dr. R. O. Miravalle,5.498,82.263,15.452,,4.455,42.09,115,25.045,"59,5","38,6",14.263,"3,2",121,"2,7"
2024,Municipal,46900093,III,6469,Lincoln,Unid. Sanit. M. de Hoz,651,5.329,634,,55,3.294,9,2.576,"78,2","6,1",992,"18,0",4,"7,3"
2024,Municipal,46900107,III,6469,Lincoln,Unid. Sanit. de Pasteur,865,6.908,770,,19,5.49,15,4.291,"78,2","1,3",2.522,"132,7",5,"26,3"
2024,Municipal,46900182,III,6469,Lincoln,Unid. Sanit. de Roberts,412,8.958,1.523,,319,11.346,31,9.412,"83,0","10,3",2.111,"6,6",9,"2,8"
2024,Municipal,46900191,III,6469,Lincoln,Unid. Sanit. Las Toscas,106,1.692,77,,,,,,,,,,,
2024,Municipal,46900204,III,6469,Lincoln,Sala de Pros. Aux. Bo. La Rural,567,3.325,549,,,,,,,,,,,
2024,Municipal,46900212,III,6469,Lincoln,Sala de Pros. Aux. Bo. Norte,920,5.551,1.263,,,,,,,,,,,
2024,Municipal,46900221,III,6469,Lincoln,Sala de Pros. Aux. Bo. San José,1.228,6.621,614,,,,,,,,,,,
2024,Municipal,46900239,III,6469,Lincoln,Sala de Pros. Aux. de Bermudez,,641,20,,,,,,,,,,,
2024,Municipal,46900247,III,6469,Lincoln,Unid. Sanit. Mat. Infantil,1.142,5.187,1.236,,,,,,,,,,,
2024,Municipal,46900255,III,6469,Lincoln,Sala de Pros. Aux. Bo. Don Vicente,957,6.803,701,,,,,,,,,,,
2024,Municipal,46900352,III,6469,Lincoln,Centro de Día Frida,,,2.314,,,,,25.73,,,,,,
2024,Municipal,7700028,IV,6077,Arrecifes,Hosp. Munic. Santa Francisca Romana,5.909,121.127,11.936,,3.984,33.672,92,12.595,"37,4","43,2",20.784,"5,2",182,"4,6"
2024,Municipal,7700036,IV,6077,Arrecifes,C.A.P.S. Tood,1.024,2.429,107,,,,,,,,,,,
2024,Municipal,7700052,IV,6077,Arrecifes,C.A.P.S. Viña,437,2.629,,,,,,,,,,,,
2024,Municipal,7700061,IV,6077,Arrecifes,C.A.P.S. Bo. FONAVI R. Carrillo,0,12.327,2.415,,,,,,,,,,,
2024,Municipal,7700079,IV,6077,Arrecifes,C.A.P.S. Bo. Santa Teresita,2.274,6.256,616,,,,,,,,,,,
2024,Municipal,7700087,IV,6077,Arrecifes,C.A.P.S. Villa Sanguinetti J. Aguilera,1.059,15.648,1.482,,,,,,,,,,,
2024,Municipal,7700095,IV,6077,Arrecifes,Hogar de Ancianos Josefa Rosello,,,,,34,21.228,58,15.781,"74,3","0,6",15.126,"444,9",6,"17,6"
2024,Municipal,7700109,IV,6077,Arrecifes,C.A.P.S. La Cumbre,146,13.378,1.295,,,,,,,,,,,
2024,Municipal,7700117,IV,6077,Arrecifes,C.A.P.S. Bo. Santa Lina,546,1.777,315,,,,,,,,,,,
2024,Municipal,7700125,IV,6077,Arrecifes,C.A.P.S. Bo. El Sol,,4.412,0,,,,,,,,,,,
2024,Municipal,7000034,IV,6070,Baradero,Hosp. Subz. Gral. Dr. L. Piñeiro,247,66.418,7.998,,2.69,15.372,42,9.196,"59,8","63,9",7.384,"2,7",72,"2,7"
2024,Municipal,7000042,IV,6070,Baradero,C.A.P.S. Carmelo Di Gregorio ,0,4.835,19,,,,,,,,,,,
2024,Municipal,7000051,IV,6070,Baradero,C.A.P.S. Intendente P. Carossi - Alsina,0,11.782,567,,,,,,,,,,,
2024,Municipal,7000069,IV,6070,Baradero,C.A.P.S. Santa Coloma,0,2.56,13,,,,,,,,,,,
2024,Municipal,7000166,IV,6070,Baradero,C.A.P.S. José P. Astigueta,0,6.161,501,,,,,,,,,,,
2024,Municipal,7000174,IV,6070,Baradero,C.A.P.S. Dr. Luis F. Leloir,1.933,8.001,458,,,,,,,,,,,
2024,Municipal,7000204,IV,6070,Baradero,C.A.P.S. Intendente P. Carossi,0,8.128,1.767,,,,,,,,,,,
2024,Municipal,7000212,IV,6070,Baradero,Hogar de Ancianos San José,,,,,14,13.542,37,12.918,"95,4","0,4",4.636,"331,1",0,"0,0"
2024,Municipal,7000239,IV,6070,Baradero,C.A.P.S. Los Patos,,243,,,,,,,,,,,,
2024,Municipal,7000247,IV,6070,Baradero,C.A.P.S. Los Laureles,,266,,,,,,,,,,,,
2024,Municipal,7000298,IV,6070,Baradero,Centro Integrador Comunitario (CIC),2.286,14.114,1.312,,,,,,,,,,,
2024,Municipal,14000015,IV,6140,Capitán Sarmiento,Hosp. Munic. San Carlos,,44.556,160,0,4.245,17.214,47,13.541,"78,7","90,0",13.528,"3,2",81,"1,9"
2024,Municipal,14000023,IV,6140,Capitán Sarmiento,Unid. Sanit. La Luisa,348,1.809,188,,,,,,,,,,,
2024,Municipal,14000040,IV,6140,Capitán Sarmiento,Unid. Sanit. La Loma,772,17.049,16.049,,,,,,,,,,,
2024,Municipal,14000058,IV,6140,Capitán Sarmiento,Unid. Sanit. Dr. J. Espinel Bavio ,1.566,20.853,7.225,,,,,,,,,,,
2024,Municipal,14000066,IV,6140,Capitán Sarmiento,Unid. Sanit. San Cayetano,,288,0,,,,,,,,,,,
2024,Municipal,16100025,IV,6161,Carmen de Areco,C.A.P.S. Tres Sargentos,342,5.787,329,,,,,,,,,,,
2024,Municipal,16100041,IV,6161,Carmen de Areco,C.A.P.S. Gowin,,1.704,52,,,,,,,,,,,
2024,Municipal,16100050,IV,6161,Carmen de Areco,C.A.P.S. Bo. Norte,61,8.644,905,,,,,,,,,,,
2024,Municipal,16100068,IV,6161,Carmen de Areco,C.A.P.S. Bo. Marín,403,7.356,318,,,,,,,,,,,
2024,Municipal,16100076,IV,6161,Carmen de Areco,C.A.P.S. Bo. Abel Etchart,297,5.427,196,,,,,,,,,,,
2024,Municipal,16100092,IV,6161,Carmen de Areco,C.A.P.S. Barrio Altos del Canal,,3.332,596,,,,,,,,,,,
2024,Municipal,16100106,IV,6161,Carmen de Areco,CAPS José Escobedo,,6.352,917,,,,,,,,,,,
2024,Municipal,17500027,IV,6175,Colón,Hosp. Munic. de Colón,3.481,103.002,12.84,,3.979,24.342,67,13.041,"53,6","59,7",10.994,"2,8",164,"4,1"
2024,Municipal,17500035,IV,6175,Colón,Unid. Sanit. El Arbolito,,1.56,,,,,,,,,,,,
2024,Municipal,17500043,IV,6175,Colón,Unid. Sanit. Pearson,,1.451,,,,,,,,,,,,
2024,Municipal,17500051,IV,6175,Colón,Unid. Sanit. Sarasa,,1.546,,,,,,,,,,,,
2024,Municipal,17500086,IV,6175,Colón,Unid. Sanit. 9 de Julio,266,8.144,553,,,,,,,,,,,
2024,Municipal,17500116,IV,6175,Colón,Unid. Sanit. Barracas,,4.531,512,,,,,,,,,,,
2024,Municipal,17500141,IV,6175,Colón,Unid. Sanit. Rivadavia,,4.754,612,,,,,,,,,,,
2024,Municipal,17500159,IV,6175,Colón,Hogar de Ancianos Carlos Stebb,,,,,81,22.692,62,19.855,"87,5","1,3",15.347,"189,5",15,"18,5"
2024,Municipal,62300012,IV,6623,Pergamino,Ctro. de Atenc. Primaria Acevedo Pueblo,,3.242,,,,,,,,,,,,
2024,Municipal,62300021,IV,6623,Pergamino,Ctro. de Atenc. Primaria El Socorro,,3.115,,,,,,,,,,,,
2024,Municipal,62300039,IV,6623,Pergamino,Ctro. de Atenc. Primaria Guerrico,,2.978,,,,,,,,,,,,
2024,Municipal,62300047,IV,6623,Pergamino,Ctro. de Atenc. Primaria La Violeta,,2.487,,,,,,,,,,,,
2024,Municipal,62300055,IV,6623,Pergamino,Ctro. de Atenc. Primaria Manuel Ocampo,,2.971,,,,,,,,,,,,
2024,Municipal,62300063,IV,6623,Pergamino,Ctro. de Atenc. Primaria M. Benítez,,1.493,,,,,,,,,,,,
2024,Municipal,62300128,IV,6623,Pergamino,Ctro. de Atenc. Primaria Pinzón,,2.645,,,,,,,,,,,,
2024,Municipal,62300136,IV,6623,Pergamino,Ctro. de Atenc. Primaria Rancagua,951,3.328,,,,,,,,,,,,
2024,Municipal,62300152,IV,6623,Pergamino,Ctro. de Atenc. Primaria Urquiza,,7.249,,,,,,,,,,,,
2024,Municipal,62300250,IV,6623,Pergamino,Ctro. de Atenc. Primaria M. H. Alfonso,,2.152,,,,,,,,,,,,
2024,Municipal,62300268,IV,6623,Pergamino,Ctro. de Atenc. Primaria Otero,795,11.759,4.071,,,,,,,,,,,
2024,Municipal,62300276,IV,6623,Pergamino,Ctro. de Atenc. Primaria Dr. O. Bustos,1.607,20.293,4.607,,,,,,,,,,,
2024,Municipal,62300284,IV,6623,Pergamino,Ctro. de Atenc. Primaria Virgen de Luján,1.633,14.192,4.249,,,,,,,,,,,
2024,Municipal,62300292,IV,6623,Pergamino,Ctro. de Atenc. Primaria John Kennedy,,12.976,4.021,,,,,,,,,,,
2024,Municipal,62300306,IV,6623,Pergamino,Ctro. de Atenc. Primaria Dra. S. Fernández,,11.409,3.679,,,,,,,,,,,
2024,Municipal,62300314,IV,6623,Pergamino,Ctro. de Atenc. Primaria J. A. de la Peña,,2.725,,,,,,,,,,,,
2024,Municipal,62300322,IV,6623,Pergamino,Ctro. de Atenc. Primaria 12 de Octubre,,25.244,4.829,,,,,,,,,,,
2024,Municipal,62300331,IV,6623,Pergamino,Ctro. de Atenc. Primaria Villa Alicia,,11.374,4.258,,,,,,,,,,,
2024,Municipal,62300349,IV,6623,Pergamino,Ctro. de Atenc. Primaria San José,,,,,,,,,,,,,,
2024,Municipal,62300365,IV,6623,Pergamino,Ctro. de Atenc. Primaria Bo. Acevedo,4.04,37.39,6.35,,,,,,,,,,,
2024,Municipal,62300381,IV,6623,Pergamino,Ctro. de Atenc. Primaria Dr. I. Viglierchio,2.379,12.887,3.62,,,,,,,,,,,
2024,Municipal,62300390,IV,6623,Pergamino,Ctro. de Atenc. Primaria R. Carrillo,1.58,23.239,4.166,,,,,,,,,,,
2024,Municipal,62300438,IV,6623,Pergamino,Ctro. de Atenc. Primaria Raúl Arballo,1.929,12.984,3.958,,,,,,,,,,,
2024,Municipal,66500016,IV,6665,Ramallo,Hosp. J. M. Gomendio,2.722,62.373,14.651,,4.599,34.033,93,20.541,"60,4","49,3",13.704,"3,0",155,"3,4"
2024,Municipal,66500041,IV,6665,Ramallo,Unid. Sanit. Pérez Millán,1.585,18.062,4.568,,,,,,,,,,,
2024,Municipal,66500113,IV,6665,Ramallo,Unid. Sanit. Villa Gral. Savio,992,5.887,817,,,,,,,,,,,
2024,Municipal,66500121,IV,6665,Ramallo,Sala de Pros. Aux. El Paraíso,394,1.601,406,,,,,,,,,,,
2024,Municipal,66500130,IV,6665,Ramallo,Unid. Sanit. Villa Ramallo,1.963,19.936,2.557,,,,,,,,,,,
2024,Municipal,66500148,IV,6665,Ramallo,Unid. Sanit. Dr. S. Cucurullú,,2.398,47,,,,,,,,,,,
2024,Municipal,66500245,IV,6665,Ramallo,Unid. Sanit. Las Bahamas,,,,,,,,,,,,,,
2024,Municipal,68600018,IV,6686,Rojas,C.A.P.S. Carabelas,,17.278,633,,,,,,,,,,,
2024,Municipal,68600034,IV,6686,Rojas,Hosp. Subz. Gral. S. Unzué,5.404,144.349,15.573,,3.816,43.554,119,23.446,"53,8","32,0",17.233,"4,5",139,"3,6"
2024,Municipal,68600051,IV,6686,Rojas,C.A.P.S. R. Obligado,1.02,17.652,686,,,,,,,,,,,
2024,Municipal,68600077,IV,6686,Rojas,C.A.P.S. Bo. Progreso,3.548,17.093,4.848,,,,,,,,,,,
2024,Municipal,68600085,IV,6686,Rojas,C.A.P.S. Bo. Unión,540,7.823,809,,,,,,,,,,,
2024,Municipal,68600093,IV,6686,Rojas,C.A.P.S. Bo. Sta. Teresa,814,6.869,687,,,,,,,,,,,
2024,Municipal,68600123,IV,6686,Rojas,Centro de Atención primaria de la Salud Los Indios,,1.785,,,,,,,,,,,,
2024,Municipal,71400011,IV,6714,Salto,Unid. Sanit. Arroyo Dulce,0,7.317,1.362,,,,,,,,,,,
2024,Municipal,71400020,IV,6714,Salto,Unid. Sanit. Gahan,,5.476,1.824,,,,,,,,,,,
2024,Municipal,71400038,IV,6714,Salto,Unid. Sanit. Inés Indart,426,8.058,241,,,,,,,,,,,
2024,Municipal,71400054,IV,6714,Salto,Hosp. Munic. de Salto Presidente J. D. Perón,4.894,168.314,54.026,,6.151,24.888,68,14.673,"59,0","90,2",13.829,"2,2",146,"2,4"
2024,Municipal,71400071,IV,6714,Salto,Unid. Sanit. Berdier,,4.135,51,,,,,,,,,,,
2024,Municipal,71400160,IV,6714,Salto,Ctro. de Atenc. Primaria Bo. Retiro,946,6.789,5.484,,,,,,,,,,,
2024,Municipal,71400178,IV,6714,Salto,Ctro. de Atenc. Primaria Bo. Trocha,,4.364,6.032,,,,,,,,,,,
2024,Municipal,71400186,IV,6714,Salto,Ctro. de Atenc. Primaria Bo. Alonso,912,4.414,2.943,,,,,,,,,,,
2024,Municipal,71400194,IV,6714,Salto,Ctro. Integrador Comunitario Bo. Molino,919,14.287,5.081,,,,,,,,,,,
2024,Municipal,71400208,IV,6714,Salto,Unid. Sanit. La Invencible,,5.712,16,,,,,,,,,,,
2024,Municipal,71400259,IV,6714,Salto,C.A.P.S Dr. Ramón Carrillo,270,4.092,2.257,,,,,,,,,,,
2024,Municipal,71400291,IV,6714,Salto,Centro de Dia Municipal de Salto,,,,,,,,1.441,,,,,,
2024,Municipal,72800013,IV,6728,San Andrés de Giles,Hosp. Munic. San Andrés,0,43.981,50.911,0,2.641,28.914,79,10.837,"37,5","33,3",10.532,"4,0",119,"4,5"
2024,Municipal,72800021,IV,6728,San Andrés de Giles,Sala de Pros. Aux. de Solís,,949,0,,,,,,,,,,,
2024,Municipal,72800030,IV,6728,San Andrés de Giles,Unid. Sanit. Villa Ruiz,,852,0,,,,,,,,,,,
2024,Municipal,72800048,IV,6728,San Andrés de Giles,Sala de Pros. Aux. de Azcuénaga,,484,0,,,,,,,,,,,
2024,Municipal,72800056,IV,6728,San Andrés de Giles,Sala de Pros. Aux. Sta. Teresita ,,1.464,0,,,,,,,,,,,
2024,Municipal,72800081,IV,6728,San Andrés de Giles,Sala de Pros. Aux. de Villa Espil,,343,,,,,,,,,,,,
2024,Municipal,72800099,IV,6728,San Andrés de Giles,Sala de Pros. Aux. D. Dominé ,,1.214,,,,,,,,,,,,
2024,Municipal,72800102,IV,6728,San Andrés de Giles,Unid. Odontológica Móvil,1.386,,,,,,,,,,,,,
2024,Municipal,72800111,IV,6728,San Andrés de Giles,Sala de Pros. Aux. Monte de Novi,,7.607,277,,,,,,,,,,,
2024,Municipal,72800129,IV,6728,San Andrés de Giles,Sala de Pros. Aux. de Franklin,,994,,,,,,,,,,,,
2024,Municipal,72800137,IV,6728,San Andrés de Giles,C.A.P.S. Ramón Carrillo,,727,,,,,,,,,,,,
2024,Municipal,72800145,IV,6728,San Andrés de Giles,Hogar Geriátrico Nuestra Sra. de Luján,,,,,40,27.084,74,26.81,"99,0","0,5",17.96,"449,0",10,"25,0"
2024,Municipal,73500013,IV,6735,San Antonio de Areco,Unid. Sanit. de Duggan,1.922,25.092,2.168,,,,,,,,,,,
2024,Municipal,73500021,IV,6735,San Antonio de Areco,Hosp. Munic. Emilio Zerboni,2.053,91.885,11.829,7.553,6.059,24,66,12.688,"52,9","92,1",12.665,"2,1",123,"2,0"
2024,Municipal,73500048,IV,6735,San Antonio de Areco,Unid. Sanit. Villa Lía,906,21.892,6.705,257,673,7.686,21,6.289,"81,8","32,0",7.396,"11,0",2,"0,3"
2024,Municipal,73500056,IV,6735,San Antonio de Areco,Ctro. de Atenc. Primaria Dr. Tyrrell,,24.889,3.249,,,,,,,,,,,
2024,Municipal,73500064,IV,6735,San Antonio de Areco,Ctro. de Atenc. Primaria Dr. Disanto,1.532,23.997,3.85,,,,,,,,,,,
2024,Municipal,73500081,IV,6735,San Antonio de Areco,Ctro. de Atenc. Primaria Dr. Dominguez,,17.097,3.744,,,,,,,,,,,
2024,Municipal,73500112,IV,6735,San Antonio de Areco,Centro Integrador Comunitario San Antonio de Areco,,33.221,8.267,,,,,,,,,,,
2024,Municipal,76300015,IV,6763,San Nicolás,Ctro. de Atenc. Primaria S. San. Conessa,315,3.605,,,,,,,,,,,,
2024,Municipal,76300023,IV,6763,San Nicolás,Ctro. de Atenc. Primaria S. San. A. Clerici,471,7.711,,,,,,,,,,,,
2024,Municipal,76300040,IV,6763,San Nicolás,Ctro. de Medicina Preventiva Dr. C. Ferreyra,3.698,136.868,23.941,,,,,,,,,,,
2024,Municipal,76300210,IV,6763,San Nicolás,Ctro. de Atenc. Primaria S. San. Erezcano,,993,,,,,,,,,,,,
2024,Municipal,76300228,IV,6763,San Nicolás,Ctro. de Atenc. Primaria S. San. Dr. O. Ricardini,0,0,0,,,,,,,,,,,
2024,Municipal,76300236,IV,6763,San Nicolás,Ctro. de Atenc. Primaria S. San. San Roque,,223,0,,,,,,,,,,,
2024,Municipal,76300244,IV,6763,San Nicolás,Ctro. de Atenc. Primaria S. San. Ntra. Sra. de las Viñas,,,,,,,,,,,,,,
2024,Municipal,76300252,IV,6763,San Nicolás,Ctro. de Atenc. Primaria S. San. Dr. R. Lombardi,1.051,5.921,404,,,,,,,,,,,
2024,Municipal,76300261,IV,6763,San Nicolás,Ctro. de Atenc. Primaria S. San. Campo Salles,0,4.188,0,,,,,,,,,,,
2024,Municipal,76300279,IV,6763,San Nicolás,Ctro. de Atenc. Primaria S. San. P. D. Wagner,,0,,,,,,,,,,,,
2024,Municipal,76300350,IV,6763,San Nicolás,Ctro. de Atenc. Primaria S. San. Ntra. Sra. de Guadalupe,,3.048,132,,,,,,,,,,,
2024,Municipal,76300376,IV,6763,San Nicolás,Ctro. de  Atenc. Primaria Villa Esperanza,,769,,,,,,,,,,,,
2024,Municipal,76300406,IV,6763,San Nicolás,Ctro. de  Atenc. Primaria S. San. Luis Gallo,,272,0,,,,,,,,,,,
2024,Municipal,76300414,IV,6763,San Nicolás,Ctro. de  Atenc. Primaria S. San. Farm. Biasoli,0,0,0,,,,,,,,,,,
2024,Municipal,76300422,IV,6763,San Nicolás,Ctro. de Atenc. 24 horas M. Ramírez  ,,7.482,183,,,,,,,,,,,
2024,Municipal,76300431,IV,6763,San Nicolás,Ctro. de Atenc. 24 horas E. Barbarito,,0,0,,,,,,,,,,,
2024,Municipal,76300457,IV,6763,San Nicolás,Ctro. de Atenc. Primaria S. San. Asonia,0,808,0,,,,,,,,,,,
2024,Municipal,76300465,IV,6763,San Nicolás,Ctro. de Atenc. Primaria S. San. Villa Canto,,787,,,,,,,,,,,,
2024,Municipal,76300473,IV,6763,San Nicolás,Ctro. de Atenc. Primaria S. San. H. R. Cardinale,0,0,0,,,,,,,,,,,
2024,Municipal,76300503,IV,6763,San Nicolás,Ctro. de Atenc. Primaria S. San. O. Fussi,0,0,0,,,,,,,,,,,
2024,Municipal,76300511,IV,6763,San Nicolás,Ctro. de Atenc. Primaria S. San. R. E. Mayor,,744,,,,,,,,,,,,
2024,Municipal,76300520,IV,6763,San Nicolás,Ctro. de Atenc. Primaria S. San. Gral. Savio,,276,0,,,,,,,,,,,
2024,Municipal,76300538,IV,6763,San Nicolás,Ctro. de Atenc. Primaria S. San. Virgen del Rosario,,330,,,,,,,,,,,,
2024,Municipal,76300546,IV,6763,San Nicolás,Ctro. de Atenc. 24 horas H. Panzardi,0,1.234,0,,,,,,,,,,,
2024,Municipal,76300571,IV,6763,San Nicolás,Ctro. de Atenc. Primaria S. San. J. Rosello,,1.12,0,,,,,,,,,,,
2024,Municipal,76300619,IV,6763,San Nicolás,Ctro. de Atenc. Primaria S. San. 7 de Septiembre,,1.264,0,,,,,,,,,,,
2024,Municipal,76300627,IV,6763,San Nicolás,Ctro. de Atenc. Primaria S. San. Los Provincianos,,248,0,,,,,,,,,,,
2024,Municipal,76300865,IV,6763,San Nicolás,"Centro de medicina preventiva ""Zona Norte""",4.136,79.621,8.296,,2.616,2.928,8,2.625,"89,7","326,1",2.625,"1,0",0,"0,0"
2024,Municipal,77000015,IV,6770,San Pedro,Hosp. Local 26 de Julio,1.555,24.94,2.646,,249,2.928,8,513,"17,5","31,0",857,"3,4",2,"0,8"
2024,Municipal,77000023,IV,6770,San Pedro,Ctro. de Salud Vuelta de Obligado,,8.414,,,,,,,,,,,,
2024,Municipal,77000031,IV,6770,San Pedro,Ctro. de Salud Dr. Aran Río Tala,1.647,22.046,,,,,,,,,,,,
2024,Municipal,77000074,IV,6770,San Pedro,Hosp. Subz. Gral. Dr. E. Ruffo,3.523,256.174,6.593,,5.102,28.182,77,21.321,"75,7","66,1",20.291,"4,0",232,"4,5"
2024,Municipal,77000082,IV,6770,San Pedro,Hosp. Santa Lucía,1.29,44.613,3.612,,409,24.888,68,21.792,"87,6","6,0",14.771,"36,1",12,"2,9"
2024,Municipal,77000155,IV,6770,San Pedro,Ctro. de Salud y Medicina del Deporte,,7.052,,,,,,,,,,,,
2024,Municipal,77000163,IV,6770,San Pedro,Ctro. de Salud Pueblo Doyle,,8.647,,,,,,,,,,,,
2024,Municipal,77000171,IV,6770,San Pedro,Ctro. de Salud Las Canaletas,,24.655,,,,,,,,,,,,
2024,Municipal,77000180,IV,6770,San Pedro,Ctro. de Salud Villa Depieti,,9.653,,,,,,,,,,,,
2024,Municipal,77000198,IV,6770,San Pedro,Ctro. de Salud 1º de Mayo,,15.988,,,,,,,,,,,,
2024,Municipal,77000201,IV,6770,San Pedro,Ctro. de Salud Mateo Sberg,,10.924,,,,,,,,,,,,
2024,Municipal,77000210,IV,6770,San Pedro,Ctro. de Salud Federico Rosito,,6.813,,,,,,,,,,,,
2024,Municipal,77000228,IV,6770,San Pedro,Ctro. de Salud Los Aromos,,10.082,,,,,,,,,,,,
2024,Municipal,77000244,IV,6770,San Pedro,Ctro. de Salud La Buena Moza,,5.9,,,,,,,,,,,,
2024,Municipal,77000261,IV,6770,San Pedro,Ctro. de Salud Arco Iris,,12.172,,,,,,,,,,,,
2024,Municipal,77000279,IV,6770,San Pedro,Ctro. de Salud Bajo Campodónico,,5.448,,,,,,,,,,,,
2024,Municipal,77000287,IV,6770,San Pedro,Ctro. Integrador Comunitario,,23.538,,,,,,,,,,,,
2024,Municipal,12600017,V,6126,Campana,Hogar municipal para personas con discapacidad,,,,,9,11.712,32,3.914,"33,4","0,3",1.081,"120,1",0,"0,0"
2024,Municipal,12600021,V,6126,Campana,CAPS Barrio San Felipe Dra. María Nélida Goris,,10.566,2.952,,,,,,,,,,,
2024,Municipal,12600022,V,6126,Campana,CAPS Barrio Las acacias Enfermera Leonor Ana Paredes,,13.693,4.316,,,,,,,,,,,
2024,Municipal,12600024,V,6126,Campana,CAPS Barrio Las campanas Dr. Rubén Alberto Perea ,1.144,12.015,3.376,,,,,,,,,,,
2024,Municipal,12600040,V,6126,Campana,Hospital San José,13.586,448.508,42.277,30.415,16.584,46.209,127,46.163,"98,5","131,0",45.917,"2,8",287,"1,7"
2024,Municipal,12600058,V,6126,Campana,C.A.P.S. Nº 1 Del Pino,,16.635,5.099,,,,,,,,,,,
2024,Municipal,12600074,V,6126,Campana,C.A.P.S. Nº 6 Villanueva,3.113,28.978,7.482,,,,,,,,,,,
2024,Municipal,12600082,V,6126,Campana,C.I.C Nº 3 Lubo,3.158,103.426,8.803,,,,,,,,,,,
2024,Municipal,12600104,V,6126,Campana,C.IC. Nº 4 San Cayetano,2.815,100.225,7.568,,,,,,,,,,,
2024,Municipal,12600163,V,6126,Campana,C.A.P.S. Nº 5 Ariel del Plata,,14.106,4.631,,,,,,,,,,,
2024,Municipal,12600171,V,6126,Campana,C.A.P.S. Nº 8 Islas,955,8.99,1.861,,,,,,,,,,,
2024,Municipal,12600180,V,6126,Campana,C.A.P.S. Nº 2 Otamendi,,4.247,1.822,,,,,,,,,,,
2024,Municipal,12600228,V,6126,Campana,C.A.P.S. Nº 7 Las Acacias,,16.747,3.843,,,,,,,,,,,
2024,Municipal,12600236,V,6126,Campana,C.A.P.S. Nº 12 San Felipe,,13.747,4.001,,,,,,,,,,,
2024,Municipal,12600244,V,6126,Campana,C.A.P.S. Nº 11 Santa Lucía,,18.136,3.974,,,,,,,,,,,
2024,Municipal,12600252,V,6126,Campana,C.A.P.S. Nº 10,2.907,25.597,6.592,,,,,,,,,,,
2024,Municipal,12600261,V,6126,Campana,C.I.C. Nº 25 9 de Julio ,,124.652,6.106,,,,,,,,,,,
2024,Municipal,12600279,V,6126,Campana,C.A.P.S. Nº 14 Las Praderas,2.747,21.467,6.526,,,,,,,,,,,
2024,Municipal,12600295,V,6126,Campana,C.A.P.S. Nº 15 Río Paraná,,7.607,1.692,,,,,,,,,,,
2024,Municipal,12600309,V,6126,Campana,C.A.P.S. Nº 16 San Jacinto,,94.171,4.282,,,,,,,,,,,
2024,Municipal,12600317,V,6126,Campana,C.A.P.S. Nº 17 Las Campanas,2.895,15.185,6.783,,,,,,,,,,,
2024,Municipal,12600325,V,6126,Campana,C.A.P.S. Nº 18 Siderca,,19.246,6.124,,,,,,,,,,,
2024,Municipal,12600333,V,6126,Campana,C.A.P.S. Nº 19 ,,,,,,,,,,,,,,
2024,Municipal,12600341,V,6126,Campana,C.A.P.S. Nº 20 Sarmiento,,15.515,5.537,,,,,,,,,,,
2024,Municipal,12600350,V,6126,Campana,C.A.P.S. Nº 21 Albizola,,14.588,2.288,,,,,,,,,,,
2024,Municipal,12600376,V,6126,Campana,Unid. Sanit. La Posta ,2.717,20.568,5.154,,,,,,,,,,,
2024,Municipal,12600384,V,6126,Campana,C.A.P.S. Nº 22 Canal Martín Irigoyen,1.261,10.229,3.896,,,,,,,,,,,
2024,Municipal,12600392,V,6126,Campana,Hogar de Ancianos San José,,,,,38,13.908,38,13.659,"98,2","1,0",10.494,"276,2",3,"7,9"
2024,Municipal,12600406,V,6126,Campana,C.A.P.S. Nº 24 Los Pioneros,,14.326,4.698,,,,,,,,,,,
2024,Municipal,12600481,V,6126,Campana,C.A.P.S N° 26,,4.971,1.887,,,,,,,,,,,
2024,Municipal,12600572,V,6126,Campana,Centro de Orientación y Asistencia en las Adicciones,,4.287,,,,,,,,,,,,
2024,Municipal,12600603,V,6126,Campana,C.A.P.S. Centro de Salud Colinas de Otamendi,2.192,33.652,8.195,,,,,,,,,,,
2024,Municipal,25200001,V,6252,Escobar,"Unidad de Diagnostico Precoz (UDP) ""Dr. Carlos Legaría""",,132.705,0,,9.581,4.392,12,11.49,"261,6","796,2",11.495,"1,2",39,"0,4"
2024,Municipal,25200022,V,6252,Escobar,Hospital del Bicentenario,,74.317,1.035,,2.094,20.496,56,17.48,"85,3","37,3",15.772,"7,5",146,"7,0"
2024,Municipal,25200033,V,6252,Escobar,CAPS Dra. Vanesa Noicoff,1.618,8.964,1.292,,,,,,,,,,,
2024,Municipal,25200041,V,6252,Escobar,Ctro. de Salud A. Torres,,50.475,3.023,,,,,,,,,,,
2024,Municipal,25200067,V,6252,Escobar,C.A.P.S. Dr. L. Resio ,,36.42,1.692,,,,,,,,,,,
2024,Municipal,25200091,V,6252,Escobar,Ctro. de Salud H. Canesi,,208.677,584,,5.485,1.83,5,5.771,"315,4","1.094,0",5.645,"1,0",6,"0,1"
2024,Municipal,25200105,V,6252,Escobar,C.A.P.S. Eva Perón,,80.331,2.922,,,,,,,,,,,
2024,Municipal,25200113,V,6252,Escobar,Ctro. de Salud Loma Verde,,109.029,1.841,,,,,,,,,,,
2024,Municipal,25200164,V,6252,Escobar,C.A.P.S. Juan C. Selles,,85.527,830,,,,,,,,,,,
2024,Municipal,25200229,V,6252,Escobar,Ctro. de Salud Cnel. Dorrego ,,41.342,948,,,,,,,,,,,
2024,Municipal,25200237,V,6252,Escobar,C.A.P.S. Alfredo Vilar ,,29.184,2.914,,,,,,,,,,,
2024,Municipal,25200253,V,6252,Escobar,Ctro. de Salud Periférico Carlos Menem Juniors,,,,,,,,,,,,,,
2024,Municipal,25200270,V,6252,Escobar,C.A.P.S. Ramón Carrillo,,35.615,3.006,,,,,,,,,,,
2024,Municipal,25200288,V,6252,Escobar,Centro Sanitario Móvil Dr. Horacio Dupuy,6.822,107.141,,,,,,,,,,,,
2024,Municipal,25200318,V,6252,Escobar,C.A.P.S. A. Peñalba,,21.357,577,,,,,,,,,,,
2024,Municipal,25200326,V,6252,Escobar,C.A.P.S. A. Sambrano,,13.927,,,,,,,,,,,,
2024,Municipal,25200423,V,6252,Escobar,Centro Odont. Munic. Dr. Goñi,183.388,,,,,,,,,,,,,
2024,Municipal,25200431,V,6252,Escobar,Laboratorio Municipal,,,,,,,,,,,,,,
2024,Municipal,25200458,V,6252,Escobar,Centro de Día Dr. René Favaloro,,,,,,,,1.96,,,,,,
2024,Municipal,25200491,V,6252,Escobar,Ctro de S. Catalina Modarelli de Lalli,,38.512,2.367,,,,,,,,,,,
2024,Municipal,25200555,V,6252,Escobar,Centro Oftalmológico Municipal Dr. Horacio López,,351.968,,,,,,,,,,,,
2024,Municipal,25200571,V,6252,Escobar,Hogar de Ancianos Eva Perón,,2.075,5.041,,43,7.686,21,6.041,"78,6","2,0",6.981,"162,3",1,"2,3"
2024,Municipal,25200580,V,6252,Escobar,Unidad de Diagnóstico Precoz Pediátrica,6.594,401.198,,,12.344,9.212,25,15.264,"165,7","489,1",16.052,"1,3",56,"0,5"
2024,Municipal,25200598,V,6252,Escobar,Unidad de Diagnóstico Precoz Dr. Horacio Dupuy,,393.172,,,17.607,23.43,64,32.268,"137,7","274,3",43.302,"2,5",255,"1,4"
2024,Municipal,25200601,V,6252,Escobar,Hospital de Día en Salud Mental Papa Francisco,,11.597,42.381,,,,,2.16,,,,,,
2024,Municipal,25200611,V,6252,Escobar,Centro de Desarrollo Infantil Temprano,,30.893,19.15,,,,,,,,,,,
2024,Municipal,25200612,V,6252,Escobar,Centro de Salud Los Arenales,,,,,,,,,,,,,,
2024,Municipal,25200613,V,6252,Escobar,Hospital de Rehabilitación y Kinesiología Dr. Enrique Sangalli Dupuy,,100.396,18.504,,221,12.81,35,11.602,"90,6","6,3",11.038,"49,9",21,"9,5"
2024,Municipal,25200615,V,6252,Escobar,Centro Municipal de rehabilitación kinesiologica ,,70.545,27.426,,,,,,,,,,,
2024,Municipal,25200617,V,6252,Escobar,Hospital Municipal Presidente Néstor Carlos Kirchner,,,,,4.686,36.234,99,34.724,"95,8","47,2",36.079,"7,7",641,"13,7"
2024,Municipal,25200642,V,6252,Escobar,C.A.P.S. DR. RAUL FRANCISCO PROTA,,18.868,1.094,,,,,,,,,,,
2024,Municipal,25200648,V,6252,Escobar,C.A.P.S. Dra Elena Del Carmen Rojas,,60.878,,,,,,,,,,,,
2024,Municipal,25200649,V,6252,Escobar,C.A.P.S. MARCELO ENRIQUE DIMAIO,,62.266,,,,,,,,,,,,
2024,Municipal,25200651,V,6252,Escobar,C.A.P.S. SAN MIGUEL,,15.477,,,,,,,,,,,,
2024,Municipal,25200658,V,6252,Escobar,U.D.P. Juana Azurduy,,52.651,1.81,,,,,,,,,,,
2024,Municipal,26600001,V,6266,Exaltación De La Cruz,"Hospital Municipal ""Héroes de la Pandemia Covid-19""",3.381,218.771,40.162,,332,3.294,9,455,"13,8","36,8",341,"1,0",0,"0,0"
2024,Municipal,26600018,V,6266,Exaltación De La Cruz,Hosp. Munic. San José,6.983,472.177,61.656,,8.291,33.304,91,29.023,"87,1","90,9",33.42,"4,0",216,"2,6"
2024,Municipal,26600026,V,6266,Exaltación De La Cruz,Ctro. Asist. Pavón,2.975,105.102,10.896,,,,,,,,,,,
2024,Municipal,26600034,V,6266,Exaltación De La Cruz,Sala de Pros. Aux. Parada Robles,4.416,223.663,31.145,,,,,,,,,,,
2024,Municipal,26600042,V,6266,Exaltación De La Cruz,Sala de Pros. Aux. Diego Gaynor,2.101,68.362,,,,,,,,,,,,
2024,Municipal,26600069,V,6266,Exaltación De La Cruz,Ctro. Asist. Bo. Esperanza,,35.725,8.166,,,,,,,,,,,
2024,Municipal,26600077,V,6266,Exaltación De La Cruz,Ctro. Asist. Los Ombúes,,33.069,,,,,,,,,,,,
2024,Municipal,26600085,V,6266,Exaltación De La Cruz,Hogar de Ancianos Vivir,,,,,4,4.392,12,4.391,"100,0","0,3",4.547,"1.136,8",1,"25,0"
2024,Municipal,37100017,V,6371,General San Martín,Unid. Sanit. Nº 16 Salvador Mazza,10.033,161.528,12.628,,,,,,,,,,,
2024,Municipal,37100033,V,6371,General San Martín,Ctro. de Salud Dr. L. Agote,26.212,531.333,30.49,,,,,,,,,,,
2024,Municipal,37100084,V,6371,General San Martín,Hosp. Munic. Dr. D. E. Thompson,42.59,1.094.660,50.91,,39.686,57.921,159,66.727,"115,2","250,1",69.868,"1,8",186,"0,5"
2024,Municipal,37100106,V,6371,General San Martín,C.A.P.S. A. Nº 10 Bo. Esperanza,7.034,145.152,13.708,,,,,,,,,,,
2024,Municipal,37100114,V,6371,General San Martín,Hosp. Local Dr. E. Marengo,33.413,639.727,49.174,,,,,,,,,,,
2024,Municipal,37100131,V,6371,General San Martín,Ctro. de Salud N° 3 Villa Concepción,23.355,264.323,48.304,,,,,,,,,,,
2024,Municipal,37100203,V,6371,General San Martín,Ctro. de Salud Nº 9,25.25,211.393,40.901,,,,,,,,,,,
2024,Municipal,37100246,V,6371,General San Martín,Ctro. de Salud N° 5 Dr. Ramón Carrillo ,22.523,161.49,41.945,,,,,,,,,,,
2024,Municipal,37100521,V,6371,General San Martín,Ctro. de Salud Nº 17 ,24.771,163.478,54.074,,,,,,,,,,,
2024,Municipal,37100530,V,6371,General San Martín,C.A.P.S. Nº 12 V. Piaggio,15.457,189.309,23.643,,,,,,,,,,,
2024,Municipal,37100548,V,6371,General San Martín,Hospital Local Dr. A. Fleming,18.637,424.804,34.326,,,,,,,,,,,
2024,Municipal,37100556,V,6371,General San Martín,Ctro. de Salud Nº 13 Villa Lynch,22.161,267.639,47.557,,,,,,,,,,,
2024,Municipal,37100564,V,6371,General San Martín,Ctro. de Atenc. Primaria Nº 14 Bo. UTA,16.596,195.357,35.247,,,,,,,,,,,
2024,Municipal,37100572,V,6371,General San Martín,Ctro. de Atenc. Primaria N° 15 Villla Lanzone,17.318,116.955,36.063,,,,,,,,,,,
2024,Municipal,37100653,V,6371,General San Martín,Ctro. de Salud Nº 8 Héroes de Malvinas,25.488,186.407,41.956,,,,,,,,,,,
2024,Municipal,37100661,V,6371,General San Martín,Ctro. de Salud Nº 7 J. Pereyra,21.35,149.991,49.84,,,,,,,,,,,
2024,Municipal,37100670,V,6371,General San Martín,Hospital de día Dr. E. Pichón Riviere,,118.224,55.044,,,,,,,,,,,
2024,Municipal,37100688,V,6371,General San Martín,Ctro. de Salud Nº 6 Bo. Libertador,23.297,232.205,45.083,,,,,,,,,,,
2024,Municipal,37100696,V,6371,General San Martín,Instituto de Rehabilitación Psicofísica,,72.705,81.566,,,,,,,,,,,
2024,Municipal,37100742,V,6371,General San Martín,Ctro. de Atenc. Primaria Nº 19 Villa Libertad,21.378,151.313,40.515,,,,,,,,,,,
2024,Municipal,37100769,V,6371,General San Martín,Dirección de Med. Preventiva,80.732,370.361,31.398,,,,,,,,,,,
2024,Municipal,37100785,V,6371,General San Martín,Hogar de Ancianos Sarah Forrest de Cuelli,,3.801,,,9,28.548,78,9.471,"33,2","0,1",6.471,"719,0",1,"11,1"
2024,Municipal,37100793,V,6371,General San Martín,Departamento de Medicina Laboral,,21.97,,,,,,,,,,,,
2024,Municipal,37100912,V,6371,General San Martín,Servicio de Emergencias Municipal,,,,,,,,,,,,,,
2024,Municipal,37101720,V,6371,General San Martín,Hospital Móvil,47.849,469.784,,,,,,,,,,,,
2024,Municipal,37101729,V,6371,General San Martín,CAPS Nº 21,,110.634,40.394,,,,,,,,,,,
2024,Municipal,37101737,V,6371,General San Martín,C.A.P.S. Nº11 Santa Ana,15.688,196.414,40.494,,,,,,,,,,,
2024,Municipal,41200388,V,6412,José C. Paz,Ctro. Asistencial 9 de Julio,2.051,14.239,5.022,,,,,,,,,,,
2024,Municipal,41200396,V,6412,José C. Paz,Ctro. Asistencial San Roque,,15.53,3.442,,,,,,,,,,,
2024,Municipal,41200418,V,6412,José C. Paz,Ctro. Asistencial Mirador Altube,,12.121,3.429,,,,,,,,,,,
2024,Municipal,41200558,V,6412,José C. Paz,Ctro. Asistencial J. Vucetich,,18.976,6.162,,,,,,,,,,,
2024,Municipal,41200574,V,6412,José C. Paz,Ctro. Asistencial Bo. Alberdi,,22.171,12.473,,,,,,,,,,,
2024,Municipal,41200591,V,6412,José C. Paz,Ctro. Asistencial Las Acacias,,15.285,3.634,,,,,,,,,,,
2024,Municipal,41200663,V,6412,José C. Paz,Ctro. Asistencial La Paz,520,20.027,2.908,,,,,,,,,,,
2024,Municipal,41200671,V,6412,José C. Paz,Ctro. Asistencial Las Heras,,31.174,10.316,,,,,,,,,,,
2024,Municipal,41200680,V,6412,José C. Paz,Ctro. Asistencial La Primavera,,22.552,8.288,,,,,,,,,,,
2024,Municipal,41200698,V,6412,José C. Paz,Ctro. Asistencial San Atilio,219,20.892,10.148,,,,,,,,,,,
2024,Municipal,41200817,V,6412,José C. Paz,Ctro. Asistencial Sagrada Familia,,18.042,4.865,,,,,,,,,,,
2024,Municipal,41200931,V,6412,José C. Paz,Ctro. Asistencial El Ombú,,16.883,3.904,,,,,,,,,,,
2024,Municipal,41200957,V,6412,José C. Paz,Ctro. Asistencial Suizo Infico,,10.216,3.537,,,,,,,,,,,
2024,Municipal,41200965,V,6412,José C. Paz,Ctro. Asistencial Zona Norte,873,14.71,5.807,,,,,,,,,,,
2024,Municipal,41201023,V,6412,José C. Paz,Ctro. Asistencial Urquiza,,13.093,5.432,,,,,,,,,,,
2024,Municipal,41201066,V,6412,José C. Paz,Ctro. Asistencial Sol y Verde,,25.908,11.355,,,,,,,,,,,
2024,Municipal,41201082,V,6412,José C. Paz,Dirección de Primer Nivel de Atención,937,163.383,23.941,,,,,,,,,,,
2024,Municipal,41201091,V,6412,José C. Paz,Ctro. Asistencial Santa Paula,,18.932,3.49,,,,,,,,,,,
2024,Municipal,41201104,V,6412,José C. Paz,Ctro. Asistencial Trailler Bo. Piñeiro,,14.731,2.937,,,,,,,,,,,
2024,Municipal,41201112,V,6412,José C. Paz,Ctro. Asistencial Suizo Ideal,802,9.32,12.517,,,,,,,,,,,
2024,Municipal,41201121,V,6412,José C. Paz,Departamento de Medicina Laboral,,2.893,,,,,,,,,,,,
2024,Municipal,41201163,V,6412,José C. Paz,Hosp. Odontológico Eva Perón,279.089,,,,,,,,,,,,,
2024,Municipal,41201171,V,6412,José C. Paz,Ctro. de Atenc. y Rehabilitación del Discapacitado,,32.359,36.35,,,,,,,,,,,
2024,Municipal,41201179,V,6412,José C. Paz,Ctro. Integral del Diabético,,76.781,76.986,,,,,,,,,,,
2024,Municipal,41201187,V,6412,José C. Paz,Hosp. Oftalmológico Pte. J.D.Perón,,86.781,,,,,,,,,,,,
2024,Municipal,41201195,V,6412,José C. Paz,C. Móvil Asist. Salud para mi Gente,55.117,497.436,43.94,,,,,,,,,,,
2024,Municipal,41201203,V,6412,José C. Paz,Trailler Sanitario Piñeiro II,,17.325,3.456,,,,,,,,,,,
2024,Municipal,41201269,V,6412,José C. Paz,Ctro. Asistencial Frino Sur,,1.929,4.162,,,,,,,,,,,
2024,Municipal,41201397,V,6412,José C. Paz,Unidad de Diagnóstico Precoz de Traumatología Domingo Angio,,77.922,4.024,,2.089,14.272,39,8.982,"62,9","53,4",9.04,"4,3",180,"8,6"
2024,Municipal,41201405,V,6412,José C. Paz,Hospital Unidad de Diagnóstico Precoz de Alta Complejidad Rubén Caporaletti,,104.956,4.342,,5.762,18.774,51,11.332,"60,4","112,0",11.57,"2,0",102,"1,8"
2024,Municipal,41201422,V,6412,José C. Paz,Hospital Oncologico- Centro de Tratamiento de HIFU Victoria Irene  Ishii,,9.315,2.267,,991,1.83,5,2.392,"54,2","197,7",991,"1,0",0,"0,0"
2024,Municipal,41201423,V,6412,José C. Paz,Hospital Unidad de Diagnóstico Precoz de la Mujer y el Niño Nelly Quiroga,,97.21,24.503,,3.317,8.418,23,4.451,"52,9","143,8",4.448,"1,3",3,"0,1"
2024,Municipal,41201424,V,6412,José C. Paz,Hospital de Salud Mental y Adicciones Lic. Ma. Edith Loiácono,,26.06,39.132,,,,,18.954,,,,,,
2024,Municipal,41201425,V,6412,José C. Paz,Hospital Unidad de Diagnóstico Precoz Cardiovascular y Enfermedades Metabólicas Miguel Ángel Buljan,,46.984,3.977,,3.856,10.248,28,6.975,"68,1","137,3",8.335,"2,2",17,"0,4"
2024,Municipal,51500191,V,6515,Malvinas Argentinas,Unid. Funcional Los Angeles ,,46.602,2.056,,,,,,,,,,,
2024,Municipal,51500221,V,6515,Malvinas Argentinas,Unid. Funcional Quesada Pacheco,,41.179,2.131,,,,,,,,,,,
2024,Municipal,51500230,V,6515,Malvinas Argentinas,Unid. Funcional El Sol,,56.193,3.349,,,,,,,,,,,
2024,Municipal,51500311,V,6515,Malvinas Argentinas,Hosp. Gral. Los Polvorines Dr. Carrillo,,22.124,4.399,,396,18.354,50,6.782,"37,0","7,9",7.016,"17,7",0,"0,0"
2024,Municipal,51500400,V,6515,Malvinas Argentinas,Unid. Funcional Unión y Progreso,,34.552,2.873,,,,,,,,,,,
2024,Municipal,51500426,V,6515,Malvinas Argentinas,Ctro. Asistencial Santa María,,45.718,3.277,,,,,,,,,,,
2024,Municipal,51500434,V,6515,Malvinas Argentinas,Ctro. de Salud San Jorge,,33.947,3.453,,,,,,,,,,,
2024,Municipal,51500442,V,6515,Malvinas Argentinas,Unid. Funcional Tierras Altas,,49.568,3.524,,,,,,,,,,,
2024,Municipal,51500451,V,6515,Malvinas Argentinas,Ctro. Asistencial Unión Vecinal Villa de Mayo,,,,,,,,,,,,,,
2024,Municipal,51500493,V,6515,Malvinas Argentinas,Unid. Funcional El Primaveral,,46.326,5.379,,,,,,,,,,,
2024,Municipal,51500531,V,6515,Malvinas Argentinas,Unid. Funcional 25 de Mayo,,38.183,2.227,,,,,,,,,,,
2024,Municipal,51500540,V,6515,Malvinas Argentinas,Unid. Funcional Gral. Belgrano,,27.809,1.683,,,,,,,,,,,
2024,Municipal,51500566,V,6515,Malvinas Argentinas,Unid. Funcional Parque Alvear,,45.189,2.17,,,,,,,,,,,
2024,Municipal,51500582,V,6515,Malvinas Argentinas,Unid. Funcional Km. 30,,47.885,2.451,,,,,,,,,,,
2024,Municipal,51500621,V,6515,Malvinas Argentinas,Ctro. de Salud Malvinas Pech,,34.922,1.657,,,,,,,,,,,
2024,Municipal,51500710,V,6515,Malvinas Argentinas,Ctro. de Salud San Calal,,43.764,2.142,,,,,,,,,,,
2024,Municipal,51500949,V,6515,Malvinas Argentinas,Unid. Funcional 11 de Febrero,,74.979,2.734,,,,,,,,,,,
2024,Municipal,51500981,V,6515,Malvinas Argentinas,Ctro. de Salud Solar del Norte,,28.161,2.11,,,,,,,,,,,
2024,Municipal,51501015,V,6515,Malvinas Argentinas,Ctro. Asistencial Ampliación Devoto,,33.268,1.382,,,,,,,,,,,
2024,Municipal,51501031,#N/D,#N/D,#N/D,Ctro. Asistencial Ampliación Devoto,,,,,,,,,,,,,,
2024,Municipal,51501058,V,6515,Malvinas Argentinas,Departamento de Promoción y Protección de la Salud,,118.322,,,,,,,,,,,,
2024,Municipal,51501163,V,6515,Malvinas Argentinas,Unid. Funcional Móvil Nº 85,,,,,,,,,,,,,,
2024,Municipal,51501171,V,6515,Malvinas Argentinas,Unid. Funcional Móvil Nº 86,,,,,,,,,,,,,,
2024,Municipal,51501180,V,6515,Malvinas Argentinas,Hosp. Odontológico,124.762,,,,,,,,,,,,,
2024,Municipal,51501198,V,6515,Malvinas Argentinas,Hosp. de Salud Mental Evita,,7.35,23.558,,,,,,,,,,,
2024,Municipal,51501201,V,6515,Malvinas Argentinas,Hogar Nuestros Mayores,,,,,19,6.954,19,3.596,"51,7","1,0",12.553,"660,7",0,"0,0"
2024,Municipal,51501210,V,6515,Malvinas Argentinas,Hosp. Oftalmológico Medalla Milagrosa,,146.437,,,,,,,,,,,,
2024,Municipal,51501236,V,6515,Malvinas Argentinas,Unid. Funcional Pueblo Chico Magdalena,,34.094,1.755,,,,,,,,,,,
2024,Municipal,51501244,#N/D,#N/D,#N/D,Unid. Funcional Pueblo Chico Magdalena,,,,,,,,,,,,,,
2024,Municipal,51501252,V,6515,Malvinas Argentinas,Ctro. de Alta Compl. Cardiovasc. Pte. J. D. Perón,,94.313,18.883,,23.748,53.924,148,55.807,"103,5","160,7",55.733,"2,3",368,"1,5"
2024,Municipal,51501261,V,6515,Malvinas Argentinas,Unid. Funcional Tte. Ibañez,,30.099,573,,,,,,,,,,,
2024,Municipal,51501279,V,6515,Malvinas Argentinas,Unid. Funcional Pueblo Chico La Loma,,30.095,1.03,,,,,,,,,,,
2024,Municipal,51501287,V,6515,Malvinas Argentinas,Unid. Funcional 8 de Octubre,,,,,,,,,,,,,,
2024,Municipal,51501295,V,6515,Malvinas Argentinas,Unid. Funcional Delegación Villa de Mayo,,41.728,3.012,,,,,,,,,,,
2024,Municipal,51501309,V,6515,Malvinas Argentinas,Unid. Funcional Bo. Santa Mónica,,25.591,2.311,,,,,,,,,,,
2024,Municipal,51501317,V,6515,Malvinas Argentinas,Unid. Funcional Libertad,,43.868,2.775,,,,,,,,,,,
2024,Municipal,51501325,V,6515,Malvinas Argentinas,Unid. Funcional El Chelito,,41.032,979,,,,,,,,,,,
2024,Municipal,51501334,V,6515,Malvinas Argentinas,Ctro. de Medicina del Deporte,,72.861,930,,,,,,,,,,,
2024,Municipal,51501342,V,6515,Malvinas Argentinas,Unid. Funcional Malvinas Argentinas,,22.797,270,,,,,,,,,,,
2024,Municipal,51501359,V,6515,Malvinas Argentinas,Unid. Funcional Bo. Panamericano,,33.601,1.803,,,,,,,,,,,
2024,Municipal,51501367,V,6515,Malvinas Argentinas,Ctro. Munic. de Diabetes Dr. A. Maggio,,42.998,12.23,,,,,,,,,,,
2024,Municipal,51501376,V,6515,Malvinas Argentinas,Hosp. Munic. de Trauma y Emerg. Dr. F. A. Abete,7.584,1.283.556,55.8,,89.411,200.568,550,161.529,"80,5","162,7",160.007,"1,8",1.461,"1,6"
2024,Municipal,51501436,V,6515,Malvinas Argentinas,Hospital Municipal de Rehabilitación Dr. A Drozdowski,,21.224,31.455,815,2.032,36.966,101,29.159,"78,9","20,1",29.316,"14,4",681,"33,5"
2024,Municipal,51501444,V,6515,Malvinas Argentinas,Centro de Salud Ferruccio Sábato,,55.538,1.448,,,,,,,,,,,
2024,Municipal,51501478,V,6515,Malvinas Argentinas,C.A.P.S. Grand Bourg Sur,,57.495,2.885,,,,,,,,,,,
2024,Municipal,51501522,V,6515,Malvinas Argentinas,Unidad Funcional Pueblo Chico - Haiti,,29.563,1.907,,,,,,,,,,,
2024,Municipal,51501530,V,6515,Malvinas Argentinas,Unidad Funcional Pueblo Chico Club Social y Polideportivo Grand Bourg,1.545,30.707,2.777,,,,,,,,,,,
2024,Municipal,51501564,V,6515,Malvinas Argentinas,CAPS San Eduardo,,15.178,510,,,,,,,,,,,
2024,Municipal,63800004,V,6638,Pilar,Hospital Central de Pilar,,10.726,,,10.064,31.11,85,29.916,"96,2","118,1",28.127,"2,8",375,"3,7"
2024,Municipal,63800014,V,6638,Pilar,Unid. Sanit. Pte. Derqui,7.331,220.166,16.025,,,,,,,,,,,
2024,Municipal,63800031,V,6638,Pilar,Hosp. Central de Pilar Juan C. Sanguinetti,,742.195,24.489,,25.33,59.961,164,61.018,"101,8","154,2",67.626,"2,7",298,"1,2"
2024,Municipal,63800065,V,6638,Pilar,Unid. Sanit. La Lonja,,66.091,12.805,,,,,,,,,,,
2024,Municipal,63800073,V,6638,Pilar,Unid. Sanit. Sta. Lucía,6.744,97.574,16.478,,,,,,,,,,,
2024,Municipal,63800081,V,6638,Pilar,Ctro. de Salud A. Manzanares,9.067,111.22,8.94,,,,,,,,,,,
2024,Municipal,63800090,V,6638,Pilar,Unid. Sanit. Zelaya,1.352,42.209,9.773,,,,,,,,,,,
2024,Municipal,63800111,V,6638,Pilar,Unid. Sanit. Villa Rosas,9.418,207.272,20.05,,,,,,,,,,,
2024,Municipal,63800189,V,6638,Pilar,Unid. Sanit. Ntra. Sra. de Fátima,8.27,40.003,7.479,,,,,,,,,,,
2024,Municipal,63800201,V,6638,Pilar,Unid. Sanit. M. Alberti,15.535,249.459,21.969,,30,1.089,9,526,"48,3","3,3",1.982,"66,1",0,"0,0"
2024,Municipal,63800205,V,6638,Pilar,Hosp. Munic. Pediátrico Dr. F. Falcón,12.472,394.457,25.151,,14.061,33.463,92,33.314,"99,6","153,4",34.688,"2,5",10,"0,1"
2024,Municipal,63800219,V,6638,Pilar,Unid. Sanit. Los Cachorros,4.473,69.806,9.431,,,,,,,,,,,
2024,Municipal,63800227,V,6638,Pilar,Unid. Sanit. Sta. Teresa,,52.081,4.113,,,,,,,,,,,
2024,Municipal,63800235,V,6638,Pilar,Unid. Sanit. María Auxiliadora,,57.956,6.565,,,,,,,,,,,
2024,Municipal,63800251,V,6638,Pilar,Unid. Sanit. Monterrey,5.48,162.87,8.405,,,,,,,,,,,
2024,Municipal,63800316,V,6638,Pilar,Unid. Sanit. San Alejo,9.925,57.498,4.084,,,,,,,,,,,
2024,Municipal,63800324,V,6638,Pilar,Unid. Sanit. La Lomita,,53.924,11.123,,,,,,,,,,,
2024,Municipal,63800332,V,6638,Pilar,Unid. Sanit. San Cayetano,,95.712,5.722,,,,,,,,,,,
2024,Municipal,63800341,V,6638,Pilar,Unid. Sanit. Villa Verde,8.042,133.773,17.882,,,,,,,,,,,
2024,Municipal,63800359,V,6638,Pilar,Unid. Sanit. Río Luján,5.723,75.489,7.9,,,,,,,,,,,
2024,Municipal,63800367,V,6638,Pilar,Unid. Sanit. Manzone,,40.077,5.254,,,,,,,,,,,
2024,Municipal,63800375,V,6638,Pilar,Unid. Sanit. Toro,,58.49,6.626,,,,,,,,,,,
2024,Municipal,63800383,V,6638,Pilar,Unid. Sanit. M. T. Reggio,4.035,55.387,2.062,,,,,,,,,,,
2024,Municipal,63800391,V,6638,Pilar,Unid. Sanit. Santa Ana,,40.325,8.624,,,,,,,,,,,
2024,Municipal,63800413,V,6638,Pilar,Unid. Sanit. Móvil,12.121,102.252,,,,,,,,,,,,
2024,Municipal,63800481,V,6638,Pilar,Hosp. Munic. Mat. Inf. Comodoro H. Meisner,,,,,,,,,,,,,,
2024,Municipal,63800502,V,6638,Pilar,Ctro. de Salud Agustoni - Enf. Juana C. Ataide,,56.908,4.771,,,,,,,,,,,
2024,Municipal,63800511,V,6638,Pilar,Ctro. de Salud Villa del Carmen - Nahuel Lorenzo,,53.139,3.773,,,,,,,,,,,
2024,Municipal,63800545,V,6638,Pilar,Ctro. de Ref. Munic. de Salud Mental,,82.545,11.807,,,,,7.816,,,,,,
2024,Municipal,63800561,V,6638,Pilar,Centro de Rehabilitación Pilares de Esperanza,,131.857,46.523,,,,,7.952,,,,,,
2024,Municipal,63800570,V,6638,Pilar,Centro Zoonosis,,42.604,,,,,,,,,,,,
2024,Municipal,63800588,V,6638,Pilar,Unid. Sanit. El Rocio,4.013,56.288,6.669,,,,,,,,,,,
2024,Municipal,63800596,V,6638,Pilar,Ctro. de Prev. Asist. de Violencia Familiar,,69.198,18.651,,,,,,,,,,,
2024,Municipal,63800701,V,6638,Pilar,Unid. Sanit. Pinazo,4.6,49.024,7.697,,,,,,,,,,,
2024,Municipal,63800910,V,6638,Pilar,Centro de Salud Municipal Almirante Irizar,,32.534,2.387,,,,,,,,,,,
2024,Municipal,63800979,V,6638,Pilar,CAPS Ctro de Educacion-Prevencion y Atencion al paciente Diabetico ,,61.575,12.881,,,,,,,,,,,
2024,Municipal,63800987,V,6638,Pilar,Centro de Atención Primaria de la Salud Medicina del Deporte,5.235,65.136,6.611,,,,,,,,,,,
2024,Municipal,63800988,V,6638,Pilar,Centro Odontológico Municipal Padre José María Jaime,35.641,,,,,,,,,,,,,
2024,Municipal,63800990,V,6638,Pilar,"Hospital Municipal ""Presidente Derqui""",,217.25,,,4.647,20.884,57,16.537,"79,2","81,2",17.173,"3,7",170,"3,7"
2024,Municipal,63800994,V,6638,Pilar,"CAPS ""Tratados del Pilar""",,7.541,,,,,,,,,,,,
2024,Municipal,63801006,V,6638,Pilar,"CAPS ""Tres Barrios""",1.854,59.222,1.788,,,,,,,,,,,
2024,Municipal,74900011,#N/D,#N/D,#N/D,Sala Perif. Munic. Alberto Menditeguy,,,,,,,,,,,,,,
2024,Municipal,74900015,V,6749,San Fernando,Ctro. de Salud  Nº  66 Dr. Pietranera,,15.968,268,,,,,,,,,,,
2024,Municipal,74900023,V,6749,San Fernando,Ctro. de Salud  Dr. E. Finochietto,1.978,51.221,1.047,,,,,,,,,,,
2024,Municipal,74900031,V,6749,San Fernando,Hosp. Dr. Oscar Do Porto,898,9.96,1.21,,2.157,14.64,40,11.826,"80,8","53,8",10.799,"5,0",5,"0,2"
2024,Municipal,74900040,V,6749,San Fernando,Hosp. Dr. Ramón Carrillo,654,13.697,686,,2.827,3.66,10,2.849,"77,8","281,9",2.85,"1,0",1,"0,0"
2024,Municipal,74900058,V,6749,San Fernando,Hosp. Dr. René Favaloro,1.014,9.629,579,,4.191,5.49,15,4.203,"76,6","278,6",4.207,"1,0",0,"0,0"
2024,Municipal,74900074,V,6749,San Fernando,Ctro. de Salud Nº 26,2.987,40.234,1.388,,,,,,,,,,,
2024,Municipal,74900091,V,6749,San Fernando,Ctro. de Salud  Dr. A. Reinecke,4.459,24.423,652,,,,,,,,,,,
2024,Municipal,74900155,V,6749,San Fernando,Ctro. de Salud  Pedro Di Mateo,,0,226,,,,,,,,,,,
2024,Municipal,74900163,V,6749,San Fernando,Ctro. de Salud Nº 31 ,,81.429,1.387,,,,,,,,,,,
2024,Municipal,74900180,V,6749,San Fernando,Consultorio Médico Municipal,,23.479,0,,,,,,,,,,,
2024,Municipal,74900295,V,6749,San Fernando,Ctro. de Salud  Dr. I. Galvéz,50.887,12.804,517,,,,,,,,,,,
2024,Municipal,74900333,V,6749,San Fernando,Instituto de Odontología y Ortodoncia Infantil,12.193,,,,,,,,,,,,,
2024,Municipal,74900341,V,6749,San Fernando,Ctro. de Salud Dr. H. Bertrés,2.566,50.183,1.364,,,,,,,,,,,
2024,Municipal,74900350,V,6749,San Fernando,Ctro. Asistencial.  A. Rojas,399,5.409,245,,,,,,,,,,,
2024,Municipal,74900376,V,6749,San Fernando,Ctro. de Salud  Crisol,960,26.143,6.555,,,,,,,,,,,
2024,Municipal,74900384,V,6749,San Fernando,Unid. Sanit. Bo. Mejoral,,0,0,,,,,,,,,,,
2024,Municipal,74900392,V,6749,San Fernando,Unid. Sanit.  La Unión,,14.203,10.706,,,,,,,,,,,
2024,Municipal,74900406,V,6749,San Fernando,Ctro. de Salud  María Isabel,2.062,62.365,535,,,,,,,,,,,
2024,Municipal,74900414,V,6749,San Fernando,Ctro. de Integración Comunitaria Villa Jardín,,33.138,1.012,,,,,,,,,,,
2024,Municipal,74900422,V,6749,San Fernando,Ctro. de Salud  Dr. I. Piaggi,,70.954,1.487,,,,,,,,,,,
2024,Municipal,74900431,V,6749,San Fernando,Unid. Sanit. Bo. Alsina,,5.124,,,,,,,,,,,,
2024,Municipal,74900449,V,6749,San Fernando,Unid. Sanit. San Ginés,,5.44,,,,,,,,,,,,
2024,Municipal,74900465,V,6749,San Fernando,Consultorio Móvil de Salud Escolar,13.304,20.963,2.022,,,,,,,,,,,
2024,Municipal,74900703,V,6749,San Fernando,Unidad de Diagnóstico Precoz N°27,,122.079,1.598,,,,,,,,,,,
2024,Municipal,74900759,V,6749,San Fernando,Sistema de Emergencia Municipal San Fernando Salud,,15.512,,,,,,,,,,,,
2024,Municipal,74900775,V,6749,San Fernando,Hospital Oftalmológico Municipal San Fernando de la Buena Vista,,141.434,,,,,,,,,,,,
2024,Municipal,74900776,V,6749,San Fernando,Hospital San Cayetano,24.361,439.581,47.323,,12.745,34.038,93,28.909,"84,9","136,7",28.441,"2,2",260,"2,0"
2024,Municipal,75600457,V,6756,San Isidro,Hosp. Munic. Ciudad de Boulogne,54.445,215.9,3.841,,20.461,20.862,57,30.59,"146,6","358,0",29.895,"1,5",149,"0,7"
2024,Municipal,75600465,V,6756,San Isidro,Hosp. Mat. Infantil de San Isidron Dr. C. Gianantonio,,176.662,8.428,,10.896,57.546,158,29.964,"52,1","69,1",30.575,"2,8",6,"0,1"
2024,Municipal,75600473,V,6756,San Isidro,Ctro. de Salud Dr. F. J. Muñiz,,33.408,1.475,,,,,,,,,,,
2024,Municipal,75600481,V,6756,San Isidro,Hosp. Central Munic. de San Isidro,62.54,569.027,24.14,,22.534,64.456,177,85.976,"125,0","127,6",82.867,"3,7",806,"3,6"
2024,Municipal,75600538,V,6756,San Isidro,C.A.P.S. Dr. R. Carrillo,,51.086,15.789,,,,,,,,,,,
2024,Municipal,75600546,V,6756,San Isidro,Ctro. Perif. Béccar,4.996,39.588,2.626,,,,,,,,,,,
2024,Municipal,75600635,V,6756,San Isidro,C.A.P.S. Diagonal Salta,2.1,21.427,2.083,,,,,,,,,,,
2024,Municipal,75600643,V,6756,San Isidro,Hogar Infantil de Tránsito Municipal,0,0,,,,,,,,,,,,
2024,Municipal,75600660,V,6756,San Isidro,C.A.P.S. Bajo Boulogne,8.146,63.085,8.82,,,,,,,,,,,
2024,Municipal,75600678,V,6756,San Isidro,Ctro. Perif. Va. Adelina,2.88,31.201,2.058,,,,,,,,,,,
2024,Municipal,75600686,V,6756,San Isidro,Ctro. Perif. Martínez,6.494,30.031,2.429,,,,,,,,,,,
2024,Municipal,75600724,V,6756,San Isidro,Ctro. de Psicopatología Infanto Juvenil,,144.429,46.034,,,,,,,,,,,
2024,Municipal,75600732,V,6756,San Isidro,C.A.P.S.  La  Rivera,13.493,30.412,5.501,,,,,,,,,,,
2024,Municipal,75600805,V,6756,San Isidro,Ctro. de Atenc. Laboral Munic.,,14.127,,,,,,,,,,,,
2024,Municipal,75600813,V,6756,San Isidro,Ctro. de Medicina Preventiva y Sanit.,,27.938,,,,,,,,,,,,
2024,Municipal,75600821,V,6756,San Isidro,Ctro. de Zoonosis,,2.269,,,,,,,,,,,,
2024,Municipal,75600830,V,6756,San Isidro,Ctro. de Prevención Accident. de Tránsito,,124.112,,,,,,,,,,,,
2024,Municipal,75600848,#N/D,#N/D,#N/D,Ctro. de Prevención Accident. de Tránsito,,,,,,,,,,,,,,
2024,Municipal,75600864,V,6756,San Isidro,Guardería Santa Rita,0,187,,,,,,,,,,,,
2024,Municipal,75600872,V,6756,San Isidro,Ctro. de Prom. de la Salud,,117.571,,,,,,,,,,,,
2024,Municipal,75600881,V,6756,San Isidro,Ctro. de Prom. Tercera Edad,,43.506,,,,,,,,,,,,
2024,Municipal,75600899,V,6756,San Isidro,Ctro. de Rehabilitación Cardíaca,,5.09,,,,,,,,,,,,
2024,Municipal,75601194,V,6756,San Isidro,C.A.P.S. San Isidro Labrador,49.817,46.987,4.965,,,,,,,,,,,
2024,Municipal,75601935,V,6756,San Isidro,C.A.P.S San Pantaleón.,3.336,5.28,1.251,,,,,,,,,,,
2024,Municipal,75601936,V,6756,San Isidro,Centro de desarrollo infantil y estimulación temprana  Dra. Ana Menendez- El Nido,,94.824,20.224,,,,,,,,,,,
2024,Municipal,75601990,V,6756,San Isidro,C.A.P.S. Bo. Obrero,12.419,20.339,3.396,,,,,,,,,,,
2024,Municipal,76000045,V,6760,San Miguel,Consultorio Móvil (CAPS),,8.995,,,,,,,,,,,,
2024,Municipal,76000248,#N/D,#N/D,#N/D,Consultorio Móvil (CAPS),,,,,,,,,,,,,,
2024,Municipal,76000329,V,6760,San Miguel,Hosp. Munic.Dr. Raúl F. Larcade,16.048,959.68,45.662,71.702,26.687,79.276,217,74.896,"94,5","122,9",73.693,"2,8",465,"1,7"
2024,Municipal,76000361,V,6760,San Miguel,Ctro. de Salud Dr. R. Matera,6,44.696,3.564,,,,,,,,,,,
2024,Municipal,76000469,V,6760,San Miguel,Ctro. de Salud Dra. M. Antoniazzi,11.943,67.695,4.874,,,,,,,,,,,
2024,Municipal,76000523,V,6760,San Miguel,Ctro. de Salud Pte. J. D. Perón,6.249,64.597,3.787,,,,,,,,,,,
2024,Municipal,76000604,V,6760,San Miguel,Ctro. de Salud R. Podestá,,64.309,2.915,,,,,,,,,,,
2024,Municipal,76000612,V,6760,San Miguel,Ctro. de Salud Dr. F. Laloir,7.02,79.279,5.753,,,,,,,,,,,
2024,Municipal,76000639,V,6760,San Miguel,Ctro. de Salud 17 de Agosto,,58.094,4.209,,,,,,,,,,,
2024,Municipal,76000647,V,6760,San Miguel,Ctro. de Salud Bella Vista Norte,5.432,53.228,3.536,,,,,,,,,,,
2024,Municipal,76000655,V,6760,San Miguel,Ctro. de Salud UFO,7.052,67.34,3.699,,,,,,,,,,,
2024,Municipal,76000841,V,6760,San Miguel,Ctro. de Salud Dr. A. Sabín,5.046,44.532,2.774,,,,,,,,,,,
2024,Municipal,76000850,V,6760,San Miguel,Ctro. de Salud Cándido Castello,,46.629,2.745,,,,,,,,,,,
2024,Municipal,76000876,V,6760,San Miguel,Ctro. de Salud R. Carrillo,,48.968,3.152,,,,,,,,,,,
2024,Municipal,76000990,V,6760,San Miguel,Ctro. de Salud Dr. René Favaloro,4.913,61.536,4.603,,,,,,,,,,,
2024,Municipal,76001333,V,6760,San Miguel,Ctro. de Medicina Laboral,,14.707,,,,,,,,,,,,
2024,Municipal,76001368,V,6760,San Miguel,Hosp. Odontológico,104.203,,,,,,,,,,,,,
2024,Municipal,76001376,V,6760,San Miguel,Hosp. Oftalmológico Mon. José Barbich,,48.07,,,,,,,,,,,,
2024,Municipal,76001683,V,6760,San Miguel,CAPS CIC Maria Lobato,6.956,72.16,4.887,,,,,,,,,,,
2024,Municipal,76001743,V,6760,San Miguel,CAPS Dr. Luis Suarez Paris,,65.303,2.513,,,,,,,,,,,
2024,Municipal,76001750,V,6760,San Miguel,Centro de Salud 29 de Septiembre,,61.349,3.604,,,,,,,,,,,
2024,Municipal,76001825,V,6760,San Miguel,CAPS San Miguel Oeste,,35.585,1.432,,,,,,,,,,,
2024,Municipal,76001834,V,6760,San Miguel,CAPS Padre Mora,6.783,84.779,3.506,,,,,,,,,,,
2024,Municipal,76001926,V,6760,San Miguel,CAPS Venerable Madre Camila Rolon,,68.967,4.464,,,,,,,,,,,
2024,Municipal,76001935,V,6760,San Miguel,CAPS 20 de Julio,,41.743,1.51,,,,,,,,,,,
2024,Municipal,76001969,V,6760,San Miguel,Hospital Municipal San Miguel Arcángel,15.722,295.874,21.955,,5.561,20.26,56,19.917,"98,3","100,2",19.447,"3,5",343,"6,2"
2024,Municipal,76002009,V,6760,San Miguel,Hospital Municipal Santa María,,100.428,,,6.265,7.873,22,6.55,"83,2","290,5",7.732,"1,2",16,"0,3"
2024,Municipal,80500011,V,6805,Tigre,Servicio de Neumotisiología,5.269,69.461,9.629,,,,,,,,,,,
2024,Municipal,80500029,V,6805,Tigre,Servicio de Neumotisiología,4.311,25.547,3.596,,,,,,,,,,,
2024,Municipal,80500045,V,6805,Tigre,Servicio de Neumotisiología,2.453,34.32,6.625,,,,,,,,,,,
2024,Municipal,80500070,V,6805,Tigre,Servicio de Neumotisiología,12.652,23.303,6.017,,,,,,,,,,,
2024,Municipal,80500088,V,6805,Tigre,Servicio de Neumotisiología,1.219,5.71,2.211,,,,,,,,,,,
2024,Municipal,80500096,V,6805,Tigre,Servicio de Neumotisiología,8.486,67.361,2.446,,,,,,,,,,,
2024,Municipal,80500215,V,6805,Tigre,Hosp. Zonal Gral. de Ag. M. V. de Martinez,7.827,58.38,6.509,,,,,,,,,,,
2024,Municipal,80500266,V,6805,Tigre,Hosp. Zonal Gral. de Ag. M. V. de Martinez,6.885,38.165,3.827,,,,,,,,,,,
2024,Municipal,80500274,V,6805,Tigre,Hosp. Zonal Gral. de Ag. M. V. de Martinez,5.268,23.727,3.286,,,,,,,,,,,
2024,Municipal,80500321,V,6805,Tigre,Hosp. Zonal Gral. de Ag. M. V. de Martinez,4.322,28.693,3.308,,,,,,,,,,,
2024,Municipal,80500339,V,6805,Tigre,Hosp. Zonal Gral. de Ag. M. V. de Martinez,7.798,32.899,6.432,,,,,,,,,,,
2024,Municipal,80500347,V,6805,Tigre,Hosp. Zonal Gral. de Ag. M. V. de Martinez,3.015,7.395,2.361,,,,,,,,,,,
2024,Municipal,80500380,V,6805,Tigre,Hosp. Zonal Gral. de Ag. M. V. de Martinez,7.905,25.993,6.51,,,,,,,,,,,
2024,Municipal,80500401,V,6805,Tigre,Hosp. Zonal Gral. de Ag. M. V. de Martinez,10.867,65.619,7.582,,,,,,,,,,,
2024,Municipal,80500410,V,6805,Tigre,Hosp. Zonal Gral. de Ag. M. V. de Martinez,5.325,18.022,3.557,,,,,,,,,,,
2024,Municipal,80500452,V,6805,Tigre,Hosp. Zonal Gral. de Ag. M. V. de Martinez,,7.263,1.8,,,,,,,,,,,
2024,Municipal,80500461,V,6805,Tigre,Hosp. Zonal Gral. de Ag. M. V. de Martinez,4.078,10.808,3.503,,,,,,,,,,,
2024,Municipal,80500479,V,6805,Tigre,Hosp. Zonal Gral. de Ag. M. V. de Martinez,,65.29,,,,,,,,,,,,
2024,Municipal,80500860,V,6805,Tigre,Hosp. Zonal Gral. de Ag. M. V. de Martinez,,122.345,,,,,,,,,,,,
2024,Municipal,80500924,V,6805,Tigre,Hosp. Zonal Gral. de Ag. M. V. de Martinez,,15.374,10.952,,,,,,,,,,,
2024,Municipal,80500983,V,6805,Tigre,Hosp. Zonal Gral. de Ag. M. V. de Martinez,8.101,24.701,4.261,,,,,,,,,,,
2024,Municipal,80501025,V,6805,Tigre,Hosp. Zonal Gral. de Ag. M. V. de Martinez,202.369,,,,,,,,,,,,,
2024,Municipal,80501033,V,6805,Tigre,Hosp. Zonal Gral. de Ag. M. V. de Martinez,1.267,18.815,4.629,,,,,,,,,,,
2024,Municipal,80501041,V,6805,Tigre,Hosp. Zonal Gral. de Ag. M. V. de Martinez,0,26.258,4.905,,,,,,,,,,,
2024,Municipal,80501068,V,6805,Tigre,Hosp. Zonal Gral. de Ag. M. V. de Martinez,,173.32,17.828,,13.366,56.562,155,35.074,"62,0","86,3",35.886,"2,7",18,"0,1"
2024,Municipal,80501076,V,6805,Tigre,Hosp. Zonal Gral. de Ag. M. V. de Martinez,8.179,111.436,960,,8.628,8.784,24,10.93,"124,4","358,5",12.09,"1,4",44,"0,5"
2024,Municipal,80501084,V,6805,Tigre,Hosp. Zonal Gral. de Ag. M. V. de Martinez,,4.527,37.724,,,,,,,,,,,
2024,Municipal,80501085,V,6805,Tigre,Hosp. Zonal Gral. de Ag. M. V. de Martinez,8.466,93.33,10.786,,1.507,7.686,21,6.339,"82,5","71,6",5.086,"3,4",22,"1,5"
2024,Municipal,80501086,V,6805,Tigre,Hosp. Zonal Gral. de Ag. M. V. de Martinez,5.563,92.731,3.004,,5.178,10.98,30,5.893,"53,7","172,1",5.791,"1,1",16,"0,3"
2024,Municipal,80501103,V,6805,Tigre,Hosp. Zonal Gral. de Ag. M. V. de Martinez,,13.453,15.013,,,,,,,,,,,
2024,Municipal,86100022,V,6861,Vicente López,UPA 16,2.216,363.793,1.924,,,,,,,,,,,
2024,Municipal,86100073,V,6861,Vicente López,Hosp. Zonal del Tórax Dr. Cetrángolo,,27.284,6.024,,2.864,38.064,104,11.989,"31,5","27,5",11.789,"4,1",9,"0,3"
2024,Municipal,86100103,V,6861,Vicente López,Hosp. Zonal del Tórax Dr. Cetrángolo,,49.971,4.697,,27,29.28,80,28.616,"97,7","0,3",16.195,"599,8",10,"37,0"
2024,Municipal,86100146,V,6861,Vicente López,Hosp. Zonal Esp. Odontología y Ortodoncia Dr. J. U. Carrea,,501.667,17.748,,24.935,77.624,213,80.869,"100,5","117,2",83.707,"3,4",1.013,"4,1"
2024,Municipal,86100197,V,6861,Vicente López,Hosp. Zonal Esp. Odontología y Ortodoncia Dr. J. U. Carrea,,98.765,43.341,,,,,,,,,,,
2024,Municipal,86100731,V,6861,Vicente López,Hosp. Zonal Esp. Odontología y Ortodoncia Dr. J. U. Carrea,2.246,94.812,3.652,,,,,,,,,,,
2024,Municipal,86100804,V,6861,Vicente López,Hosp. Zonal Esp. Odontología y Ortodoncia Dr. J. U. Carrea,1.335,25.481,2.33,,,,,,,,,,,
2024,Municipal,86100961,V,6861,Vicente López,Hosp. Zonal Esp. Odontología y Ortodoncia Dr. J. U. Carrea,0,39.367,2.026,,,,,,,,,,,
2024,Municipal,86100987,V,6861,Vicente López,Hosp. Zonal Esp. Odontología y Ortodoncia Dr. J. U. Carrea,,,0,,,,,,,,,,,
2024,Municipal,86100995,V,6861,Vicente López,Hosp. Zonal Esp. Odontología y Ortodoncia Dr. J. U. Carrea,611,17.801,384,,,,,,,,,,,
2024,Municipal,86101002,V,6861,Vicente López,Hosp. Zonal Esp. Odontología y Ortodoncia Dr. J. U. Carrea,,0,0,,,,,,,,,,,
2024,Municipal,86101011,V,6861,Vicente López,Hosp. Zonal Esp. Odontología y Ortodoncia Dr. J. U. Carrea,,,,,,,,,,,,,,
2024,Municipal,86101029,V,6861,Vicente López,Hosp. Zonal Esp. Odontología y Ortodoncia Dr. J. U. Carrea,0,17.476,1.126,,,,,,,,,,,
2024,Municipal,86101037,V,6861,Vicente López,Hosp. Zonal Esp. Odontología y Ortodoncia Dr. J. U. Carrea,0,28.475,3.947,,,,,,,,,,,
2024,Municipal,86101045,V,6861,Vicente López,Hosp. Zonal Esp. Odontología y Ortodoncia Dr. J. U. Carrea,0,27.74,1.221,,,,,,,,,,,
2024,Municipal,86101061,V,6861,Vicente López,Hosp. Zonal Esp. Odontología y Ortodoncia Dr. J. U. Carrea,1.835,23.824,1.676,,,,,,,,,,,
2024,Municipal,86101070,V,6861,Vicente López,Hosp. Zonal Esp. Odontología y Ortodoncia Dr. J. U. Carrea,0,22.422,2.002,,,,,,,,,,,
2024,Municipal,86101088,V,6861,Vicente López,Hosp. Zonal Esp. Odontología y Ortodoncia Dr. J. U. Carrea,2.518,27.082,4.709,,,,,,,,,,,
2024,Municipal,86101096,V,6861,Vicente López,Hosp. Zonal Esp. Odontología y Ortodoncia Dr. J. U. Carrea,860,23.765,1.488,,,,,,,,,,,
2024,Municipal,86101118,V,6861,Vicente López,Hosp. Zonal Esp. Odontología y Ortodoncia Dr. J. U. Carrea,3.058,26.195,4.517,,,,,,,,,,,
2024,Municipal,86101134,V,6861,Vicente López,Hosp. Zonal Esp. Odontología y Ortodoncia Dr. J. U. Carrea,,22.389,3.692,,,,,,,,,,,
2024,Municipal,86101169,V,6861,Vicente López,Hosp. Zonal Esp. Odontología y Ortodoncia Dr. J. U. Carrea,,0,,,,,,,,,,,,
2024,Municipal,86101207,V,6861,Vicente López,Hosp. Zonal Esp. Odontología y Ortodoncia Dr. J. U. Carrea,,30.996,16.663,,,,,,,,,,,
2024,Municipal,86101258,V,6861,Vicente López,Hosp. Zonal Esp. Odontología y Ortodoncia Dr. J. U. Carrea,39.855,,,,,,,,,,,,,
2024,Municipal,86101274,V,6861,Vicente López,Hosp. Zonal Esp. Odontología y Ortodoncia Dr. J. U. Carrea,,19.446,1.654,,,,,,,,,,,
2024,Municipal,86102162,V,6861,Vicente López,Hosp. Zonal Esp. Odontología y Ortodoncia Dr. J. U. Carrea,0,75.227,5.222,,,,,,,,,,,
2024,Municipal,86102347,V,6861,Vicente López,Hosp. Zonal Esp. Odontología y Ortodoncia Dr. J. U. Carrea,0,234.899,804,,808,2.196,6,1.305,"59,4","134,3",2.756,"3,4",1,"0,1"
2024,Municipal,88200083,V,6882,Zárate,Hosp. Zonal Gral. de Ag. Virgen del Carmen,2.457,78.355,6.534,,,,,,,,,,,
2024,Municipal,88200091,V,6882,Zárate,Hosp. Zonal Gral. de Ag. Virgen del Carmen,,3.149,495,,,,,,,,,,,
2024,Municipal,88200105,V,6882,Zárate,Hosp. Zonal Gral. de Ag. Virgen del Carmen,,,,,,,,,,,,,,
2024,Municipal,88200156,V,6882,Zárate,Hosp. Zonal Gral. de Ag. Virgen del Carmen,,,,,,,,,,,,,,
2024,Municipal,88200164,V,6882,Zárate,Hosp. Zonal Gral. de Ag. Virgen del Carmen,,9.78,8.937,,,,,,,,,,,
2024,Municipal,88200172,V,6882,Zárate,Hosp. Zonal Gral. de Ag. Virgen del Carmen,,1.297,,,,,,,,,,,,
2024,Municipal,88200181,V,6882,Zárate,Hosp. Zonal Gral. de Ag. Virgen del Carmen,2.432,17.093,6.43,,,,,,,,,,,
2024,Municipal,88200199,V,6882,Zárate,Hosp. Zonal Gral. de Ag. Virgen del Carmen,,2.09,323,,,,,,,,,,,
2024,Municipal,88200261,V,6882,Zárate,Hosp. Zonal Gral. de Ag. Virgen del Carmen,,,,,,,,,,,,,,
2024,Municipal,88200270,V,6882,Zárate,Hosp. Zonal Gral. de Ag. Virgen del Carmen,,,,,,,,,,,,,,
2024,Municipal,88200288,V,6882,Zárate,Hosp. Zonal Gral. de Ag. Virgen del Carmen,,,,,,,,,,,,,,
2024,Municipal,88200296,V,6882,Zárate,Hosp. Zonal Gral. de Ag. Virgen del Carmen,2.405,12.838,2.114,,,,,,,,,,,
2024,Municipal,88200300,V,6882,Zárate,Hosp. Zonal Gral. de Ag. Virgen del Carmen,,3.131,,,,,,,,,,,,
2024,Municipal,88200318,V,6882,Zárate,Hosp. Zonal Gral. de Ag. Virgen del Carmen,,0,0,,,,,,,,,,,
2024,Municipal,88200377,V,6882,Zárate,Hosp. Zonal Gral. de Ag. Virgen del Carmen,2.381,15.581,1.774,,,,,,,,,,,
2024,Municipal,88200385,V,6882,Zárate,Hosp. Zonal Gral. de Ag. Virgen del Carmen,,,,,,,,,,,,,,
2024,Municipal,88200393,V,6882,Zárate,Hosp. Zonal Gral. de Ag. Virgen del Carmen,3.176,36.045,6.918,,,,,,,,,,,
2024,Municipal,88200407,V,6882,Zárate,Hosp. Zonal Gral. de Ag. Virgen del Carmen,,0,,,,,,,,,,,,
2024,Municipal,88200415,V,6882,Zárate,Hosp. Zonal Gral. de Ag. Virgen del Carmen,,,0,,,,,,,,,,,
2024,Municipal,88200482,V,6882,Zárate,Hosp. Zonal Gral. de Ag. Virgen del Carmen,,,0,,,,,,,,,,,
2024,Municipal,88200491,V,6882,Zárate,Hosp. Zonal Gral. de Ag. Virgen del Carmen,,,,,,,,,,,,,,
2024,Municipal,88200504,V,6882,Zárate,Hosp. Zonal Gral. de Ag. Virgen del Carmen,,0,0,,,,,,,,,,,
2024,Municipal,88200512,V,6882,Zárate,Hosp. Zonal Gral. de Ag. Virgen del Carmen,,5.818,486,,,,,,,,,,,
2024,Municipal,88200539,V,6882,Zárate,Hosp. Zonal Gral. de Ag. Virgen del Carmen,,,,,,,,,,,,,,
2024,Municipal,88200563,V,6882,Zárate,Hosp. Zonal Gral. de Ag. Virgen del Carmen,,19.063,2.377,,,,,,,,,,,
2024,Municipal,88200571,V,6882,Zárate,Hosp. Zonal Gral. de Ag. Virgen del Carmen,,0,0,,,,,,,,,,,
2024,Municipal,88200636,V,6882,Zárate,Hosp. Zonal Gral. de Ag. Virgen del Carmen,3.166,23.786,5.663,,,,,,,,,,,
2024,Municipal,88200661,V,6882,Zárate,Hosp. Zonal Gral. de Ag. Virgen del Carmen,,,0,,,,,,,,,,,
2024,Municipal,88200679,V,6882,Zárate,Hosp. Zonal Gral. de Ag. Virgen del Carmen,,0,,,,,,,,,,,,
2024,Municipal,88200687,V,6882,Zárate,Hosp. Zonal Gral. de Ag. Virgen del Carmen,,5.48,4.45,,,,,,,,,,,
2024,Municipal,88200695,V,6882,Zárate,Hosp. Zonal Gral. de Ag. Virgen del Carmen,,,,,,,,,,,,,,
2024,Municipal,88200881,V,6882,Zárate,Hosp. Zonal Gral. de Ag. Virgen del Carmen,3.761,162.549,9.903,,2.747,3.66,10,3.599,"98,3","273,9",5.06,"1,8",11,"0,4"
2024,Municipal,2800032,VI,6028,Almirante Brown,Dispensario Antirrábico,,10.177,,,,,,,,,,,,
2024,Municipal,2800041,VI,6028,Almirante Brown,U.S. Nº 3 Bo. Lindo,3.536,51.362,2.678,,,,,,,,,,,
2024,Municipal,2800075,VI,6028,Almirante Brown,Ctro. Municipal de Diag. y Prev. para la Salud,,204.27,23.002,,,,,,,,,,,
2024,Municipal,2800121,VI,6028,Almirante Brown,U.S. Nº 2 Horizonte,,13.868,3.748,,,,,,,,,,,
2024,Municipal,2800199,VI,6028,Almirante Brown,Ctro. Materno Infantil Nº 5 Rayito de Sol,7.121,39.089,4.367,,,,,,,,,,,
2024,Municipal,2800202,VI,6028,Almirante Brown,U.S. Nº 4 San José,2.825,50.043,7.406,,,,,,,,,,,
2024,Municipal,2800211,VI,6028,Almirante Brown,U.S. Cristo Redentor,2.042,29.598,4.203,,,,,,,,,,,
2024,Municipal,2800229,VI,6028,Almirante Brown,U.S. N° 1 - Mtro. Rivadavia,3.947,78.464,13.279,,,,,,,,,,,
2024,Municipal,2800245,VI,6028,Almirante Brown,U.S. Los Alamos,3.149,42.081,3.786,,,,,,,,,,,
2024,Municipal,2800318,VI,6028,Almirante Brown,U.S. Vendramin,4.767,32.736,2.865,,,,,,,,,,,
2024,Municipal,2800342,VI,6028,Almirante Brown,U.S. Glew I,3.74,37.652,3.872,,,,,,,,,,,
2024,Municipal,2800351,VI,6028,Almirante Brown,U.S. 13 de Julio,5.067,36.409,3.825,,,,,,,,,,,
2024,Municipal,2800369,VI,6028,Almirante Brown,U.S. Glew II,4.885,37.203,4.642,,,,,,,,,,,
2024,Municipal,2800377,VI,6028,Almirante Brown,U.S. Rafael Calzada,4.242,41.041,4.717,,,,,,,,,,,
2024,Municipal,2800385,VI,6028,Almirante Brown,U.S. Don Orione,7.294,87.092,14.333,,,,,,,,,,,
2024,Municipal,2800407,VI,6028,Almirante Brown,U.S. Burzaco,5.951,39.798,3.691,,,,,,,,,,,
2024,Municipal,2800415,VI,6028,Almirante Brown,Dispensario Salud Mental,,0,25.946,,,,,,,,,,,
2024,Municipal,2800555,VI,6028,Almirante Brown,U.S. La Gloria,1.272,40.489,3.59,,,,,,,,,,,
2024,Municipal,2800601,VI,6028,Almirante Brown,U.S. 28 de Diciembre,5.049,27.769,3.647,,,,,,,,,,,
2024,Municipal,2800610,VI,6028,Almirante Brown,U.S. San Agustín,5.831,25.664,3.089,,,,,,,,,,,
2024,Municipal,2800652,VI,6028,Almirante Brown,U.S. Móvil N° 20,3.009,62.269,,,,,,,,,,,,
2024,Municipal,2800741,VI,6028,Almirante Brown,U.S. El Hornero,,6.355,,,,,,,,,,,,
2024,Municipal,2800750,VI,6028,Almirante Brown,U.S. N° 21 Pte. Perón,,33.237,4.097,,,,,,,,,,,
2024,Municipal,2800776,VI,6028,Almirante Brown,U.S. N° 22 Loma Verde,,36.353,5.303,,,,,,,,,,,
2024,Municipal,2800806,VI,6028,Almirante Brown,U.S. Juan Glew (Glew Sur),4.686,15.253,6.589,,,,,,,,,,,
2024,Municipal,2800814,VI,6028,Almirante Brown,U.S. 15 de Enero,,5.975,,,,,,,,,,,,
2024,Municipal,2800822,VI,6028,Almirante Brown,U.S. La Casona,,4.703,,,,,,,,,,,,
2024,Municipal,2800831,VI,6028,Almirante Brown,U.S. El Progreso,,6.013,,,,,,,,,,,,
2024,Municipal,2800849,VI,6028,Almirante Brown,U.S. Los Aviadores,,4.946,,,,,,,,,,,,
2024,Municipal,2800857,VI,6028,Almirante Brown,Posta Mater Dei,,5.882,,,,,,,,,,,,
2024,Municipal,2800865,VI,6028,Almirante Brown,Posta La Cumbre,,5.085,,,,,,,,,,,,
2024,Municipal,2800873,VI,6028,Almirante Brown,Posta Villa París,,5.989,,,,,,,,,,,,
2024,Municipal,2801039,VI,6028,Almirante Brown,Centro de Atención Primaria de la Salud La Esther,1.722,30.189,6.862,,,,,,,,,,,
2024,Municipal,2801055,VI,6028,Almirante Brown,CAPS N° 25   2 de Abril,,24.895,3.118,,,,,,,,,,,
2024,Municipal,2801063,VI,6028,Almirante Brown,Centro de Atención Primaria de la Salud N°28 SAKURA,4.528,39.598,3.114,,,,,,,,,,,
2024,Municipal,2801071,VI,6028,Almirante Brown,Centro de Atención Primaria de la Salud  N°30 Los Pinos,,27.966,4.466,,,,,,,,,,,
2024,Municipal,2801080,VI,6028,Almirante Brown, CAPS N°26 Unidad de Salud Ambiental (USAM),2.289,31.413,3.615,,,,,,,,,,,
2024,Municipal,2801110,VI,6028,Almirante Brown,CAPS N° 24  8 de Diciembre Virgen María,4.044,20.606,4.737,,,,,,,,,,,
2024,Municipal,2801212,VI,6028,Almirante Brown,CAPS N° 32  San José II,1.828,24.994,2.474,,,,,,,,,,,
2024,Municipal,2801213,VI,6028,Almirante Brown,CAPS N° 31 Yapeyu,,17.498,2.831,,,,,,,,,,,
2024,Municipal,3500105,VI,6035,Avellaneda,Unid. Sanit. Nº 1 ,18.227,20.851,2.196,,,,,,,,,,,
2024,Municipal,3500253,VI,6035,Avellaneda,Unid. Sanit. Nº 5,,22.697,3.335,,,,,,,,,,,
2024,Municipal,3500261,VI,6035,Avellaneda,Ctro. de Salud Nº 11,18.002,20.207,2.843,,,,,,,,,,,
2024,Municipal,3500351,VI,6035,Avellaneda,Unid. Sanit. Nº 2 ,18.487,20.548,2.815,,,,,,,,,,,
2024,Municipal,3500369,VI,6035,Avellaneda,Unid. Sanit. Nº 9 ,18.495,20.515,2.769,,,,,,,,,,,
2024,Municipal,3500393,VI,6035,Avellaneda,Unid. Sanit. Nº 8,,22.719,0,,,,,,,,,,,
2024,Municipal,3500440,VI,6035,Avellaneda,Unid. Sanit. Nº 3 ,17.797,19.579,1.827,,,,,,,,,,,
2024,Municipal,3500466,VI,6035,Avellaneda,Unid. Sanit. Nº 6 ,17.981,20.209,2.093,,,,,,,,,,,
2024,Municipal,3500482,VI,6035,Avellaneda,Instituto de Odontología Infantil,116.619,,3.296,,,,,,,,,,,
2024,Municipal,3500504,VI,6035,Avellaneda,Unid. Sanit. Nº 7 ,17.037,19.83,1.565,,,,,,,,,,,
2024,Municipal,3500512,VI,6035,Avellaneda,Unid. Sanit. Nº 4,18.922,20.726,3.625,,,,,,,,,,,
2024,Municipal,3500563,VI,6035,Avellaneda,Unid. Sanit. Casella Piñero,18.389,24.025,4.456,,,,,,,,,,,
2024,Municipal,3500571,VI,6035,Avellaneda,Unid. Sanit. Odontológica C. Larralde,30.603,,,,,,,,,,,,,
2024,Municipal,3500580,VI,6035,Avellaneda,Unid. Sanit. Nº 10,18.344,20.409,3.014,,,,,,,,,,,
2024,Municipal,3500601,VI,6035,Avellaneda,Unid. Sanit. Nº 15 ,18.377,19.764,2.691,,,,,,,,,,,
2024,Municipal,3500610,VI,6035,Avellaneda,Unid. Sanit. Nº 16,18.416,20.082,2.582,,,,,,,,,,,
2024,Municipal,3500628,VI,6035,Avellaneda,Unid. Sanit. Nº 12,17.73,19.68,1.262,,,,,,,,,,,
2024,Municipal,3500636,VI,6035,Avellaneda,Unid. Sanit. Gerli Este,17.891,19.528,2.053,,,,,,,,,,,
2024,Municipal,3500644,VI,6035,Avellaneda,Departamento de Libretas Sanitarias,,8.445,,,,,,,,,,,,
2024,Municipal,3500679,VI,6035,Avellaneda,Unid. Sanit. Dr. R. Salvarredy,18.113,20.41,3.56,,,,,,,,,,,
2024,Municipal,3500687,VI,6035,Avellaneda,Unid. Sanit. Nº 17,19.096,24.665,2.885,,,,,,,,,,,
2024,Municipal,3500695,VI,6035,Avellaneda,Unid. Sanit. Nº 18,17.88,19.886,997,,,,,,,,,,,
2024,Municipal,3500709,VI,6035,Avellaneda,Instituto Munic. de Medicina del Deporte,,26.71,11.321,,,,,,,,,,,
2024,Municipal,3500971,VI,6035,Avellaneda,Unid. Sanit. Torres de Wilde,17.476,19.514,1.834,,,,,,,,,,,
2024,Municipal,3500989,VI,6035,Avellaneda,Unid. Sanit. Barrio Agüero,17.482,19.858,2.7,,,,,,,,,,,
2024,Municipal,3500997,VI,6035,Avellaneda,Unid. Sanit. Islas Malvinas,18.739,20.934,3.012,,,,,,,,,,,
2024,Municipal,3501004,VI,6035,Avellaneda,Unid. Sanit. Nº 19,,20.131,2.437,,,,,,,,,,,
2024,Municipal,3501012,VI,6035,Avellaneda,Unid. Sanit. R. Carrillo,18.155,20.194,2.994,,,,,,,,,,,
2024,Municipal,3501098,VI,6035,Avellaneda,C.I.C. San Lorenzo ,,19.119,1.224,,,,,,,,,,,
2024,Municipal,3501101,VI,6035,Avellaneda,Inst. Munic. Prevención y Asistencia a las Adicciones,,11.5,15.355,,,,,,,,,,,
2024,Municipal,3501128,VI,6035,Avellaneda,Puesto Sanit. S. M. de Porres,17.47,22.613,1.194,,,,,,,,,,,
2024,Municipal,3501136,VI,6035,Avellaneda,Instituto Munic. de Rehabilitación,,14.469,50.333,,,,,,,,,,,
2024,Municipal,3501144,VI,6035,Avellaneda,Dirección de Tránsito,,32.421,,,,,,,,,,,,
2024,Municipal,3501161,VI,6035,Avellaneda,Unid. Sanit. Trailler ,,37.106,,,,,,,,,,,,
2024,Municipal,3501179,VI,6035,Avellaneda,Móvil Odontológico,85.353,,,,,,,,,,,,,
2024,Municipal,3501209,VI,6035,Avellaneda,Móvil Ginecológico,,29.918,,,,,,,,,,,,
2024,Municipal,3501217,VI,6035,Avellaneda,Móvil Pediátrico,,64.395,,,,,,,,,,,,
2024,Municipal,3501712,VI,6035,Avellaneda,C.I.C. Santo Domingo ,17.641,19.102,2.712,,,,,,,,,,,
2024,Municipal,3501755,VI,6035,Avellaneda,Centro Municipal de Cuidado Familiar Unidad Sanitaria Azul ,18.433,20.379,3.5,,,,,,,,,,,
2024,Municipal,3501821,VI,6035,Avellaneda,Unidad Sanitaria Dr Luis Parrilla ,18.321,22.665,3.925,,,,,,,,,,,
2024,Municipal,3501823,VI,6035,Avellaneda,Hospital de Ojos,,12.693,,,,,,,,,,,,
2024,Municipal,9100079,VI,6091,Berazategui,Unid. Sanit. Nº 11 ,2.035,181.717,1.669,,3.046,3.042,8,3.969,"130,5","365,5",3.411,"1,1",0,"0,0"
2024,Municipal,9100095,VI,6091,Berazategui,Unid. Sanit. Nº 10,1.254,59.701,2.062,,,,,,,,,,,
2024,Municipal,9100176,VI,6091,Berazategui,Unid. Sanit. Nº 3 ,2.228,95.789,2.297,,4.283,1.83,5,5.288,"289,0","854,3",8.063,"1,9",0,"0,0"
2024,Municipal,9100192,VI,6091,Berazategui,Unid. Sanit. Nº 2 ,2.757,117.876,1.883,,,,,,,,,,,
2024,Municipal,9100222,VI,6091,Berazategui,Ctro. de Diag. y Trat. Dr. J. A. Sábatto,,503.452,1.037,,9.732,4.088,11,9.916,"242,6","868,9",9.732,"1,0",0,"0,0"
2024,Municipal,9100273,VI,6091,Berazategui,Unid. Sanit. Nº 4,,58.482,1.573,,,,,,,,,,,
2024,Municipal,9100281,VI,6091,Berazategui,Unid. Sanit. Nº 6 ,,129.985,1.998,,,,,,,,,,,
2024,Municipal,9100290,VI,6091,Berazategui,Ctro. de Salud Animal y Zoonosis,,163.943,,,,,,,,,,,,
2024,Municipal,9100320,VI,6091,Berazategui,Unid. Sanit. Nº 12,1.258,67.199,3.506,,,,,,,,,,,
2024,Municipal,9100338,VI,6091,Berazategui,Unid. Sanit. Nº 13,2.101,50.162,2.497,,,,,,,,,,,
2024,Municipal,9100346,VI,6091,Berazategui,Unid. Sanit. Nº 14,3.032,103.787,890,,,,,,,,,,,
2024,Municipal,9100354,VI,6091,Berazategui,Unid. Sanit. Nº 15 ,2.477,72.646,3.197,,,,,,,,,,,
2024,Municipal,9100362,VI,6091,Berazategui,Unid. Sanit. Nº 5,2.733,141.074,1.603,,,,,,,,,,,
2024,Municipal,9100389,VI,6091,Berazategui,Ctro. de Salud Nº 17 ,,39.315,859,,,,,,,,,,,
2024,Municipal,9100397,VI,6091,Berazategui,Ctro. de Salud Nº 22 ,,97.254,1.417,,,,,,,,,,,
2024,Municipal,9100401,VI,6091,Berazategui,Unid. Sanit. N° 29,,134.887,1.786,,,,,,,,,,,
2024,Municipal,9100419,VI,6091,Berazategui,Unid. Sanit. Nº 25,2.531,70.154,1.661,,,,,,,,,,,
2024,Municipal,9100508,VI,6091,Berazategui,Unid. Sanit. Nº 16,,39.113,1.228,,,,,,,,,,,
2024,Municipal,9100516,VI,6091,Berazategui,Unid. Sanit. Nº 18,,128.186,1.387,,,,,,,,,,,
2024,Municipal,9100524,VI,6091,Berazategui,Unid. Sanit. Nº 19,,54.041,1.565,,,,,,,,,,,
2024,Municipal,9100532,VI,6091,Berazategui,Unid. Sanit. Nº 20,,52.244,1.662,,,,,,,,,,,
2024,Municipal,9100541,VI,6091,Berazategui,Unid. Sanit. Nº 21,,50.132,2.04,,,,,,,,,,,
2024,Municipal,9100559,VI,6091,Berazategui,Unid. Sanit. Nº 23 ,,37.48,1.442,,,,,,,,,,,
2024,Municipal,9100575,VI,6091,Berazategui,Dirección de Salud Mental,,42.866,14.944,,,,,,,,,,,
2024,Municipal,9100583,VI,6091,Berazategui,Unid. Sanit. Nº 9 ,,57.857,2.013,,,,,,,,,,,
2024,Municipal,9100591,VI,6091,Berazategui,Unid. Sanit. N° 26,2.824,127.288,1.592,,,,,,,,,,,
2024,Municipal,9100605,VI,6091,Berazategui,Dirección de Epidemiología,,432.225,,,,,,,,,,,,
2024,Municipal,9100621,VI,6091,Berazategui,Unid. Sanit. Nº 28 ,,44.989,1.067,,,,,,,,,,,
2024,Municipal,9100630,VI,6091,Berazategui,Ctro. Prev. y Asist. a la Violencia Familiar,,13.921,,,,,,,,,,,,
2024,Municipal,9100656,VI,6091,Berazategui,Unid. Sanit. Nº 24 ,,112.09,1.297,,,,,,,,,,,
2024,Municipal,9100664,VI,6091,Berazategui,Unid. Sanit. N° 8 (Ctro. E.T.S. y Sida),,30.082,330,,,,,,,,,,,
2024,Municipal,9100681,VI,6091,Berazategui,Unid. Sanit. Nº 27,,50.793,1.015,,,,,,,,,,,
2024,Municipal,9100699,VI,6091,Berazategui,Programa P/el Control de Enf. Crónicas Prevalentes,,20.236,,,,,,,,,,,,
2024,Municipal,9100702,VI,6091,Berazategui,Jornadas Solidarias de Salud (Móvil),,160.648,1.313,,,,,,,,,,,
2024,Municipal,9100729,VI,6091,Berazategui,Dirección de Inpec. y Tránsito,,58.424,,,,,,,,,,,,
2024,Municipal,9100737,VI,6091,Berazategui,Ctro. de Día Para Discapac. S. Motores,,25.945,5.902,,,,,17.728,,#¡NUM!,,#¡NUM!,,#¡NUM!
2024,Municipal,9100753,VI,6091,Berazategui,Unid. Sanit. Nro. 31 ,,39.25,1.199,,,,,,,,,,,
2024,Municipal,9100761,VI,6091,Berazategui,Unid. Sanit. Nº 32,,97.198,1.155,,,,,,,,,,,
2024,Municipal,9100788,VI,6091,Berazategui,Unid. Sanit. Nº 33,,64.269,1.582,,,,,,,,,,,
2024,Municipal,9100800,VI,6091,Berazategui,Consultorio de Medicina Deportiva,,140.954,,,,,,,,,,,,
2024,Municipal,9100818,VI,6091,Berazategui,Unid. Sanit. N° 35,,71.164,898,,,,,,,,,,,
2024,Municipal,9100885,VI,6091,Berazategui,Unid. Sanit. N° 36,,122.351,2.498,,,,,,,,,,,
2024,Municipal,9100907,VI,6091,Berazategui,Ctro. de Emergencias Médicas,,18.081,,,,,,,,,,,,
2024,Municipal,9100915,VI,6091,Berazategui,Unid. Sanit. Movil N` 37,,146.938,,,,,,,,,,,,
2024,Municipal,9100923,VI,6091,Berazategui,Unid. Sanit. Movil N` 38,,161.431,,,,,,,,,,,,
2024,Municipal,9100940,VI,6091,Berazategui,Ctro. Oftalmológico Clínico Quirúrgico San Camilo,,101.926,,,,,,4.884,,#¡NUM!,,#¡NUM!,,#¡NUM!
2024,Municipal,9101121,VI,6091,Berazategui,Centro Odontológico Municipal-Berazategui,80.345,,,,,,,,,,,,,
2024,Municipal,9101148,VI,6091,Berazategui,Centro de Rehabilitacion Dep. Municipal,,22.647,12.326,,,,,,,,,,,
2024,Municipal,26000034,VI,6260,Esteban Echeverría,Unid. Sanit. Nº 1 ,8.146,18.395,3.805,,,,,,,,,,,
2024,Municipal,26000051,VI,6260,Esteban Echeverría,Policlínico S. T. Santamarina,34.787,1.359.948,39.847,44.796,27.294,61.294,168,56.603,"92,3","162,5",56.64,"2,1",194,"0,7"
2024,Municipal,26000093,VI,6260,Esteban Echeverría,Unid. Sanit. Nº 2 ,,13.206,1.103,,,,,,,,,,,
2024,Municipal,26000310,VI,6260,Esteban Echeverría,Unid. Sanit. Nº 9 ,,13.411,627,,,,,,,,,,,
2024,Municipal,26000336,VI,6260,Esteban Echeverría,Unid. Sanit. Nº 3 ,8.593,26.337,1.847,,,,,,,,,,,
2024,Municipal,26000352,VI,6260,Esteban Echeverría,Unid. Sanit. Nº 4,5.99,36.748,2.149,,,,,,,,,,,
2024,Municipal,26000361,VI,6260,Esteban Echeverría,Unid. Sanit. Nº 5,8.783,13.873,723,,,,,,,,,,,
2024,Municipal,26000379,VI,6260,Esteban Echeverría,Unid. Sanit. Nº 6 ,8.073,51.131,3.218,,,,,,,,,,,
2024,Municipal,26000492,VI,6260,Esteban Echeverría,Unid. Sanit. Nº 10,6.088,17.995,3.733,,,,,,,,,,,
2024,Municipal,26000549,VI,6260,Esteban Echeverría,Unid. Sanit. Nº 11 ,6.518,13.797,1.376,,,,,,,,,,,
2024,Municipal,26000557,VI,6260,Esteban Echeverría,Móvil Munic. N° 22 ,,197.538,81.109,,,,,,,,,,,
2024,Municipal,26000565,VI,6260,Esteban Echeverría,Unid. Sanit. Nº 14,,13.176,608,,,,,,,,,,,
2024,Municipal,26000573,VI,6260,Esteban Echeverría,Unid. Sanit. N° 7,,13.359,953,,,,,,,,,,,
2024,Municipal,26000581,VI,6260,Esteban Echeverría,Unid. Sanit. Nº 13,7.008,14.402,2.73,,,,,,,,,,,
2024,Municipal,26000603,VI,6260,Esteban Echeverría,Unid. Sanit. Nº 8,6.782,13.96,2.093,,,,,,,,,,,
2024,Municipal,26000611,VI,6260,Esteban Echeverría,Posta Sanit. Nº 15 ,6.248,14.347,1.965,,,,,,,,,,,
2024,Municipal,26000646,VI,6260,Esteban Echeverría,Unid. Sanit. Nro.16 ,10.352,14.103,1.181,,,,,,,,,,,
2024,Municipal,26000654,VI,6260,Esteban Echeverría,Unid. Sanit. Nº 17,,14.282,1.839,,,,,,,,,,,
2024,Municipal,26000671,VI,6260,Esteban Echeverría,Unid. Sanit. Nº 19,6.126,14.186,1.882,,,,,,,,,,,
2024,Municipal,26000697,VI,6260,Esteban Echeverría,Unid. Sanit. N° 20 ,,12.506,,,,,,,,,,,,
2024,Municipal,26000701,VI,6260,Esteban Echeverría,Unid. Móvil Domic. N° 21 ,,3.943,,,,,,,,,,,,
2024,Municipal,26000719,VI,6260,Esteban Echeverría,Unid. Sanit. N° 40 ,,39.287,,,,,,,,,,,,
2024,Municipal,26000727,VI,6260,Esteban Echeverría,Unid. Sanit. N° 41 ,,40.206,,,,,,,,,,,,
2024,Municipal,26000735,VI,6260,Esteban Echeverría,Unid. Sanit. N° 42 ,,41.346,,,,,,,,,,,,
2024,Municipal,26000743,VI,6260,Esteban Echeverría,Unid. Sanit. N° 12,,13.08,582,,,,,,,,,,,
2024,Municipal,26000751,VI,6260,Esteban Echeverría,Unid. Sanit. N° 23 Zoonosis ,,999,,,,,,,,,,,,
2024,Municipal,26000808,VI,6260,Esteban Echeverría,Unid. Sanit. N° 24,8.317,50.71,3.042,,,,,,,,,,,
2024,Municipal,26000816,VI,6260,Esteban Echeverría,Unid. Sanit. N° 25,,11.118,493,,,,,,,,,,,
2024,Municipal,26000883,VI,6260,Esteban Echeverría,U. S Nº 18,,13.918,2.263,,,,,,,,,,,
2024,Municipal,26001015,VI,6260,Esteban Echeverría,U. S Nº 27,,8.103,,,,,,,,,,,,
2024,Municipal,26001023,VI,6260,Esteban Echeverría,U. S Nº 28,,13.466,619,,,,,,,,,,,
2024,Municipal,26001068,VI,6260,Esteban Echeverría,Unidad Sanitaria Nº 29 - C.I.C.  La Victoria,,14.126,1.936,,,,,,,,,,,
2024,Municipal,26001069,VI,6260,Esteban Echeverría,Móvil Sanitario Nº 45,,89.78,31.787,,,,,,,,,,,
2024,Municipal,26001070,#N/D,#N/D,#N/D,Móvil Sanitario Nº 45,,16.753,1.289,,,,,,,,,,,
2024,Municipal,27000107,VI,6270,Ezeiza,Centro de Salud Nº 7,5.755,32.459,3.998,,,,,,,,,,,
2024,Municipal,27000182,VI,6270,Ezeiza,Centro de Salud Nº 5,1.586,32.664,2.789,,,,,,,,,,,
2024,Municipal,27000204,VI,6270,Ezeiza,Unidad Sanitaria Nº 8,,32.735,988,,,,,,,,,,,
2024,Municipal,27000280,VI,6270,Ezeiza,Centro de Salud Nº3,,13.38,743,,,,,,,,,,,
2024,Municipal,27000387,VI,6270,Ezeiza,Unidad Sanitaria Nº 2,1.208,44.418,4.274,,,,,,,,,,,
2024,Municipal,27000395,VI,6270,Ezeiza,Centro de Salud Nº 1,1.456,34.625,5.111,,,,,,,,,,,
2024,Municipal,27000531,VI,6270,Ezeiza,Unidad Sanitaria Nº 4,1.274,34.979,4.212,,,,,,,,,,,
2024,Municipal,27000590,VI,6270,Ezeiza,Unidad Sanitaria Nº 6,,32.585,2.788,,,,,,,,,,,
2024,Municipal,27000956,VI,6270,Ezeiza,Unid. de Terapia Intensiva Móvil,,18.298,,,,,,,,,,,,
2024,Municipal,27000972,VI,6270,Ezeiza,Trailler Móvil,,29.915,3.079,,,,,,,,,,,
2024,Municipal,27000981,VI,6270,Ezeiza,Ctro. Preventivo Asistencia a las Adicciones,,,230,,,,,,,,,,,
2024,Municipal,27000999,VI,6270,Ezeiza,Unidad Sanitaria Nº 10,,34.417,1.928,,,,,,,,,,,
2024,Municipal,27001006,VI,6270,Ezeiza,Unidad Sanitaria Nº 12,,56.375,1.434,,,,,,,,,,,
2024,Municipal,27001014,VI,6270,Ezeiza,Unidad Sanitaria Nº 14,903,39.137,3.838,,,,,,,,,,,
2024,Municipal,27001022,VI,6270,Ezeiza,Ctro. Antirrábico Humano,,796,,,,,,,,,,,,
2024,Municipal,27001049,VI,6270,Ezeiza,Secretaría de Transporte,,15.989,,,,,,,,,,,,
2024,Municipal,27001057,VI,6270,Ezeiza,Unidad Sanitaria Nº 16,,45.012,1.461,,,,,,,,,,,
2024,Municipal,27001065,VI,6270,Ezeiza,Unidad Sanitaria Nº 18,,40.503,2.504,,,,,,,,,,,
2024,Municipal,27001073,VI,6270,Ezeiza,Maternidad Ctral. de Ezeiza Dr. M. Rebagliatti Base XXII,,,,,,,,,,,,,,
2024,Municipal,27001111,VI,6270,Ezeiza,Base XXX Sanidad Aeroportuaria,,,,,,,,,,,,,,
2024,Municipal,27001120,VI,6270,Ezeiza,Base XXIV C.A.P.S. La Cunita,,24.572,3.824,,,,,,,,,,,
2024,Municipal,27001138,VI,6270,Ezeiza,Base XiX C.A.P.S.,,2.881,300,,,,,,,,,,,
2024,Municipal,27001146,VI,6270,Ezeiza,Base XX C.A.P.S.,,5.993,54,,,,,,,,,,,
2024,Municipal,27400018,VI,6274,Florencio Varela,Ctro. Perif. de Salud N° 2 - Zeballos II,,46.518,15.293,,,,,,,,,,,
2024,Municipal,27400069,VI,6274,Florencio Varela,Ctro. Perif. de Salud - La Esmeralda,,51.55,16.046,,,,,,,,,,,
2024,Municipal,27400093,VI,6274,Florencio Varela,Ctro. Perif. de Salud - Villa Angélica,,47.533,8.021,,,,,,,,,,,
2024,Municipal,27400115,VI,6274,Florencio Varela,U.S. Bo. Pepsi,2.724,44.517,12.582,,,,,,,,,,,
2024,Municipal,27400212,VI,6274,Florencio Varela,Ctro. Perif. de Salud N° 1 - Zeballos I,,48.259,9.793,,,,,,,,,,,
2024,Municipal,27400239,VI,6274,Florencio Varela,Consultorio Antirrábico Humano,,2.764,,,,,,,,,,,,
2024,Municipal,27400247,VI,6274,Florencio Varela,Ctro. Médico Municipal,,29.664,,,,,,,,,,,,
2024,Municipal,27400310,VI,6274,Florencio Varela,Ctro. Perif. de Salud Km. 26700 - E. Scrochi,6.998,52.56,5.468,,,,,,,,,,,
2024,Municipal,27400328,VI,6274,Florencio Varela,Ctro. Perif. de Salud Dra. Bengoechea - La Capilla,5.932,46.614,3.144,,,,,,,,,,,
2024,Municipal,27400336,VI,6274,Florencio Varela,Ctro. Perif. de Salud Ing. Allan,4.677,53.075,19.191,,,,,,,,,,,
2024,Municipal,27400344,VI,6274,Florencio Varela,Ctro. de Salud Ricardo Rojas,3.221,53.524,12.167,,,,,,,,,,,
2024,Municipal,27400361,VI,6274,Florencio Varela,Ctro. Perif. de Salud 20 de Junio San Nicolás,,54.115,12.914,,,,,,,,,,,
2024,Municipal,27400379,VI,6274,Florencio Varela,Ctro. Perif. de Salud - Villa Aurora,,43.597,3.487,,,,,,,,,,,
2024,Municipal,27400450,VI,6274,Florencio Varela,Ctro. Perif. de Salud Bo. La Sirena,,53.565,6.575,,,,,,,,,,,
2024,Municipal,27400468,VI,6274,Florencio Varela,Ctro. Perif. de Salud Bo. San Jorge,,47.047,4.193,,,,,,,,,,,
2024,Municipal,27400476,VI,6274,Florencio Varela,Ctro. Perif. de Salud Dr. S. Mandirola Bo. La Rotonda,,42.033,7.212,,,,,,,,,,,
2024,Municipal,27400484,VI,6274,Florencio Varela,Ctro. Perif. de Salud - Villa Argentina,,48.519,15.416,,,,,,,,,,,
2024,Municipal,27400492,VI,6274,Florencio Varela,Ctro. Perif. de Salud Dr. A. Roselli Va. Mónica,3.222,52.545,6.253,,,,,,,,,,,
2024,Municipal,27400506,VI,6274,Florencio Varela,Ctro. Perif. de Salud I Baigorri - Bo. Norte,2.828,51.414,13.621,,,,,,,,,,,
2024,Municipal,27400514,VI,6274,Florencio Varela,Ctro. Perif. de Salud Dr. E. Rodriguez Va. Hudson,3.526,55.263,10.775,,,,,,,,,,,
2024,Municipal,27400522,VI,6274,Florencio Varela,Ctro. Perif. de Salud S. Eduardo - Va. Bo. Abrille,2.355,35.616,9.747,,,,,,,,,,,
2024,Municipal,27400531,VI,6274,Florencio Varela,Ctro. Perif. Santo Tomás,2.172,34.339,4.384,,,,,,,,,,,
2024,Municipal,27400565,VI,6274,Florencio Varela,Ctro. Perif. de Salud - San Rudecindo,3.119,52.872,8.184,,,,,,,,,,,
2024,Municipal,27400573,VI,6274,Florencio Varela,Ctro. Perif- de Salud - Las Malvinas,,45.002,7.689,,,,,,,,,,,
2024,Municipal,27400581,VI,6274,Florencio Varela,Ctro. Perif. de Salud - M. Fierro,,47.091,2.477,,,,,,,,,,,
2024,Municipal,27400590,VI,6274,Florencio Varela,Ctro. Perif. de Salud - Villa del Plata,6.386,54.514,6.634,,,,,,,,,,,
2024,Municipal,27400701,VI,6274,Florencio Varela,Ctro. Perif. de Salud - Dr. A. Oñativia,,54.667,19.16,,,,,,,,,,,
2024,Municipal,27400719,VI,6274,Florencio Varela,Ctro. Perif. de Salud - San Francisco,3.399,53.594,13.073,,,,,,,,,,,
2024,Municipal,27400735,VI,6274,Florencio Varela,Equipo Móvil N° 2 Padre Mujica,,50.743,12.142,,,,,,,,,,,
2024,Municipal,27400786,VI,6274,Florencio Varela,Equipo Móvil N° 3 Don José,,50.248,7.149,,,,,,,,,,,
2024,Municipal,27400832,VI,6274,Florencio Varela,Equipo Móvil Nº 4 Carolina II,0,44.176,5.955,,,,,,,,,,,
2024,Municipal,27400859,VI,6274,Florencio Varela,Ctro. Perif. de Salud Sarmiento,,50.178,9.641,,,,,,,,,,,
2024,Municipal,27400875,VI,6274,Florencio Varela,Ctro. Perif. de Salud - Pico de Oro,2.734,54.756,13.601,,,,,,,,,,,
2024,Municipal,27400883,VI,6274,Florencio Varela,Ctro. Perif. Varelence de Rehab. Soc. Cevareso,,8.812,,,,,,,,,,,,
2024,Municipal,27400905,VI,6274,Florencio Varela,Dcción. de Medicina Prev. Tránsito,,31.163,,,,,,,,,,,,
2024,Municipal,27400930,VI,6274,Florencio Varela,Ctro. Estimulación y Aprendizaje Temprano,,1.091,,,,,,,,,,,,
2024,Municipal,27400948,VI,6274,Florencio Varela,Serv. de Emerg. Médica SUME 107,,15.992,,,,,,,,,,,,
2024,Municipal,27400956,VI,6274,Florencio Varela,Hogar de Ancianos Dr. Salvador Sallares,,8.907,,,2,17.568,48,9.536,"54,3","0,0",5.207,"2.603,5",1,"50,0"
2024,Municipal,27400999,VI,6274,Florencio Varela,Ctro. de Salud Los Tronquitos,,30.447,3.92,,,,,,,,,,,
2024,Municipal,27401006,VI,6274,Florencio Varela,Equipo Móvil,61.651,14.97,,,,,,,,,,,,
2024,Municipal,43400014,VI,6434,Lanús,Sociedad de Fomento Va. Urquiza Nº 2 ,,10.927,,,,,,,,,,,,
2024,Municipal,43400022,VI,6434,Lanús,Unid. Sanit. Nº 10 Va. Obrera,,11.519,,,,,,,,,,,,
2024,Municipal,43400031,VI,6434,Lanús,Unid. Sanit. Intermedia Ctro. Piloto Va. Jardín,13.211,180.622,25.156,,,,,,,,,,,
2024,Municipal,43400090,VI,6434,Lanús,Hosp. de Niños L. A. Máspero,13.712,255.59,33.541,,,,,,,,,,,
2024,Municipal,43400111,VI,6434,Lanús,Unid. Sanit. Nº 17 Cnel. Molinedo,10.422,0,,,,,,,,,,,,
2024,Municipal,43400171,VI,6434,Lanús,Unid. Sanit. Dr. A. Illia ,13.118,64.794,32.236,,,,,,,,,,,
2024,Municipal,43400201,VI,6434,Lanús,Unid. Sanit. Nº 27 J. Giardino,13.34,70.387,13.402,,,,,,,,,,,
2024,Municipal,43400235,VI,6434,Lanús,Ctro. de Salud Nº 29 1° de Mayo,,1.803,,,,,,,,,,,,
2024,Municipal,43400251,VI,6434,Lanús,Ctro. de Zoonosis y Medio Ambiente,,11.633,,,,,,,,,,,,
2024,Municipal,43400260,VI,6434,Lanús,Ctro. de Medicina Preventiva Dr. R. Favaloro,15.624,234.39,54.099,,,,,,,,,,,
2024,Municipal,43400286,VI,6434,Lanús,Unid. Sanit. Dr. N. Natiello,15.839,263.169,25.14,,,,,,,,,,,
2024,Municipal,43400294,VI,6434,Lanús,Unid. Sanit. Nº 39 Va. Esperanza,3.149,47.405,27.837,,,,,,,,,,,
2024,Municipal,43400308,VI,6434,Lanús,Unid. Sanit. Nº 9 El Triángulo,6.914,45.928,14.198,,,,,,,,,,,
2024,Municipal,43400316,VI,6434,Lanús,Unid. Sanit. Miranda Norgreen,14.991,184.139,31.826,,,,,,,,,,,
2024,Municipal,43400324,VI,6434,Lanús,Ctro. de Salud Nº 12 Santa María,,3.056,,,,,,,,,,,,
2024,Municipal,43400341,VI,6434,Lanús,Unid. Sanit. Intermedia Valentín Alsina,16.596,306.215,35.681,,,,,,,,,,,
2024,Municipal,43400545,VI,6434,Lanús,Unid. Sanit. Nº 4 Dr. C. Argerich,,14.314,0,,,,,,,,,,,
2024,Municipal,43400821,VI,6434,Lanús,Unid. Sanit. Edén Argentino,,12.431,,,,,,,,,,,,
2024,Municipal,43400898,VI,6434,Lanús,Unid. Sanit. Lanús Oeste,16.452,237.042,33.097,,,,,,,,,,,
2024,Municipal,43400901,VI,6434,Lanús,Unid. Sanit. Gral. San Martín,13.774,197.451,22.999,,,,,,,,,,,
2024,Municipal,43400979,VI,6434,Lanús,Unid. Sanit. Monte Chingolo,10.346,57.52,23.529,,,,,,,,,,,
2024,Municipal,43400987,VI,6434,Lanús,Unid. Sanit. Ramón Carrillo  ,797,69.583,26.753,,,,,,,,,,,
2024,Municipal,43401011,VI,6434,Lanús,Unid. Odontológica A. M. Gandolfo,,,,,,,,,,,,,,
2024,Municipal,43401045,VI,6434,Lanús,Ctro. de Salud Eva Perón,4.158,67.601,26.05,,,,,,,,,,,
2024,Municipal,43401053,VI,6434,Lanús,Unid. Sanit. Los Ceibos,15.035,65.93,33.999,,,,,,,,,,,
2024,Municipal,43401061,VI,6434,Lanús,Unid. Sanit. Nº 16 M. Güemes,13.766,42.942,19.143,,,,,,,,,,,
2024,Municipal,43401070,VI,6434,Lanús,Unid. Sanit. Nº 19 Balcarce,,11.429,,,,,,,,,,,,
2024,Municipal,43401088,VI,6434,Lanús,Unid. Sanit. Nº 45 Va. Eslovena,14.032,51.551,21.013,,,,,,,,,,,
2024,Municipal,43401223,VI,6434,Lanús,Unid. Sanit. Nro. 48 Villa Pora,13.993,76.674,9.986,,,,,,,,,,,
2024,Municipal,43401231,VI,6434,Lanús,Ctro. de Salud Nº 46 Monte Chingolo,,11.386,,,,,,,,,,,,
2024,Municipal,43401240,VI,6434,Lanús,Unid. Sanit. Nº 20 Va. Independencia,13.399,18.689,4.641,,,,,,,,,,,
2024,Municipal,43401274,VI,6434,Lanús,Unid. Sanit. Nº 18 26 de Abril,7.702,47.954,20.582,,,,,,,,,,,
2024,Municipal,43401312,VI,6434,Lanús,Unid. Sanit. Nº 24 Gral. Belgrano,,4.33,,,,,,,,,,,,
2024,Municipal,43401321,VI,6434,Lanús,Unid. Sanit. 1º de Mayo,16.24,224.395,29.512,,,,,,,,,,,
2024,Municipal,43401347,VI,6434,Lanús,Centro Odontológico Escuela Nº 9,,,,,,,,,,,,,,
2024,Municipal,43401355,VI,6434,Lanús,Ctro. de Salud Mental. 6 de Julio,,17.449,35.899,,,,,,,,,,,
2024,Municipal,43401371,VI,6434,Lanús,Unid. Sanit. N° 28 La Esperanza,,71.211,5.72,,,,,,,,,,,
2024,Municipal,43401398,VI,6434,Lanús,Ctro. de Salud Villa Industrial Fiorito,,0,,,,,,,,,,,,
2024,Municipal,43401401,VI,6434,Lanús,Ctro. de Salud y Fomento Campomar,,11.073,,,,,,,,,,,,
2024,Municipal,43401410,VI,6434,Lanús,Ctro. de Salud Villa Constitución,,11.214,,,,,,,,,,,,
2024,Municipal,43401428,VI,6434,Lanús,Ctro. de Salud Palacio Municipal,,13.892,4.33,,,,,,,,,,,
2024,Municipal,43401436,VI,6434,Lanús,Ctro. de Discapacitados Palacio Municipal,,5.817,4.387,,,,,,,,,,,
2024,Municipal,43401444,VI,6434,Lanús,Ctro. de Salud Gral. Don José de San Martín,,0,,,,,,,,,,,,
2024,Municipal,43401452,VI,6434,Lanús,Ctro. de Salud Bomberos Lanús Oeste,,11.583,,,,,,,,,,,,
2024,Municipal,43401487,VI,6434,Lanús,Operativo Sanit. Los Barrios Unid. Móvil I,9.68,51.524,12.843,,,,,,,,,,,
2024,Municipal,43401495,VI,6434,Lanús,Ctro. de Salud La Maquinita,,24.368,5.198,,,,,,,,,,,
2024,Municipal,43401509,VI,6434,Lanús,Sociedad de Fomento Héroes de Malvinas 1,,11.637,,,,,,,,,,,,
2024,Municipal,43401517,VI,6434,Lanús,Ctro. de Salud Va. Higuerita,,0,,,,,,,,,,,,
2024,Municipal,43401533,VI,6434,Lanús,Ctro. de Salud Villa Barceló,,0,,,,,,,,,,,,
2024,Municipal,49000063,VI,6490,Lomas de Zamora,Hospital de Diagnóstico Inmediato Nuevo Araoz Alfaro,,138.367,,,5.066,6.222,17,5.114,"82,2","297,2",5.115,"1,0",2,"0,0"
2024,Municipal,49000085,VI,6490,Lomas de Zamora,Hosp. Mat. Infantil Dr. Oscar E. Alende,191.747,618.478,42.152,643,10.556,27.816,76,23.583,"84,8","138,5",23.419,"2,2",16,"0,2"
2024,Municipal,49000093,VI,6490,Lomas de Zamora,Unid. Sanit. Lavallol,19.778,252.481,14.31,,,,,,,,,,,
2024,Municipal,49000098,VI,6490,Lomas de Zamora,Hospital de Diagnóstico Inmediato Roberto Sanchez,,84.895,,,6.288,9.384,51,6.302,"67,2","123,3",6.302,"1,0",0,"0,0"
2024,Municipal,49000131,VI,6490,Lomas de Zamora,Unid. Sanit. Dr. Gregorio A. Alfaro,,,,,,,,,,,,,,
2024,Municipal,49000204,VI,6490,Lomas de Zamora,Unid. Sanit. San José,,81.464,7.396,,,,,,,,,,,
2024,Municipal,49000212,VI,6490,Lomas de Zamora,Unid. Sanit. Dr. Angel A. Tullio,18.904,87.095,9.317,,,,,,,,,,,
2024,Municipal,49000247,VI,6490,Lomas de Zamora,Ctro. Odontológico Infantil,,,,,,,,,,,,,,
2024,Municipal,49000298,VI,6490,Lomas de Zamora,Unid. Sanit. Dr. A. Fonrouge,22.794,295.069,13.684,,,,,,,,,,,
2024,Municipal,49000301,VI,6490,Lomas de Zamora,Unid. Sanit. Va. Independencia,19.332,277.538,11.435,,,,,,,,,,,
2024,Municipal,49000310,VI,6490,Lomas de Zamora,Unid. Sanit. Vicente López,,78.097,3.015,,,,,,,,,,,
2024,Municipal,49000379,VI,6490,Lomas de Zamora,Unid. Sanit. Dr. Mariano Moreno,16.91,79.447,9.007,,,,,,,,,,,
2024,Municipal,49000506,VI,6490,Lomas de Zamora,Unid. Sanit. Dr. M. J. Oliveras,20.967,281.171,12.547,,,,,,,,,,,
2024,Municipal,49000603,VI,6490,Lomas de Zamora,Unid. Sanit. Ing-Budge,21.725,103.768,8.094,,,,,,,,,,,
2024,Municipal,49000611,VI,6490,Lomas de Zamora,Unid. Sanit. Sta. Marta,20.177,271.646,12.213,,,,,,,,,,,
2024,Municipal,49000620,VI,6490,Lomas de Zamora,Ctro. de Zoonosis,,19.003,,,,,,,,,,,,
2024,Municipal,49000638,VI,6490,Lomas de Zamora,Unid. Sanit. Provincias Unidas,21.385,83.034,9.489,,,,,,,,,,,
2024,Municipal,49000654,VI,6490,Lomas de Zamora,Unid. Sanit. Va. Gral. San Martín,21.19,104.919,6.458,,,,,,,,,,,
2024,Municipal,49000671,VI,6490,Lomas de Zamora,Unid. Sanit. Gral. Lamadrid,27.087,323.737,18.942,,,,,,,,,,,
2024,Municipal,49000689,VI,6490,Lomas de Zamora,Unid. Sanit. Nuevo Fiorito,20.8,285.201,13.335,,,,,,,,,,,
2024,Municipal,49000697,VI,6490,Lomas de Zamora,Unid. Sanit. Dr. E. Finochietto,22.609,273.923,12.736,,,,,,,,,,,
2024,Municipal,49000701,VI,6490,Lomas de Zamora,Unid. Sanit. Luis Agote,,78.108,7.986,,,,,,,,,,,
2024,Municipal,49000964,VI,6490,Lomas de Zamora,Unid. Sanit. Dr. R. Carrillo,,100.512,6.781,,,,,,,,,,,
2024,Municipal,49000981,VI,6490,Lomas de Zamora,Unid. Sanit. Va. Albertina,18.392,76.222,7.572,,,,,,,,,,,
2024,Municipal,49000999,VI,6490,Lomas de Zamora,Unid. Sanit. Va. El Faro,,78.722,7.319,,,,,,,,,,,
2024,Municipal,49001006,VI,6490,Lomas de Zamora,Unid. Sanit. Las Casuarinas,19.739,84,7.945,,,,,,,,,,,
2024,Municipal,49001103,VI,6490,Lomas de Zamora,Unid. Sanit. Móvil Nº 3 ,,49.427,16.755,,,,,,,,,,,
2024,Municipal,49001111,VI,6490,Lomas de Zamora,Equipo Móvil Nº 4 J. M. de Rosas,17.776,83,7.526,,,,,,,,,,,
2024,Municipal,49001146,VI,6490,Lomas de Zamora,Unid. Sanit. La Salud como Derecho,0,77.902,7.433,,,,,,,,,,,
2024,Municipal,49001154,VI,6490,Lomas de Zamora,Unid. Sanit. S.U.M. Arroyo del Rey,19.36,73.485,8.042,,,,,,,,,,,
2024,Municipal,49001201,VI,6490,Lomas de Zamora,Unid. Sanit. Eva Perón,0,82.588,7.242,,,,,,,,,,,
2024,Municipal,49001219,VI,6490,Lomas de Zamora,Unid. Sanit. Equipo Móvil de Salud Escolar,35.741,108.805,0,,,,,,,,,,,
2024,Municipal,49001227,VI,6490,Lomas de Zamora,Unid. Sanit. Cons. Odont. Escuela Nº 17 ,18.393,,,,,,,,,,,,,
2024,Municipal,49001243,VI,6490,Lomas de Zamora,Unid. Sanit. Bartolomé Mitre,21.768,97.483,3.545,,,,,,,,,,,
2024,Municipal,49001251,VI,6490,Lomas de Zamora,Unid. Sanit. 19 de Diciembre,18.183,75.035,10.422,,,,,,,,,,,
2024,Municipal,49001260,VI,6490,Lomas de Zamora,Unid. Sanit. Prosperidad,20.581,72.467,7.4,,,,,,,,,,,
2024,Municipal,49001308,VI,6490,Lomas de Zamora,Posta Sanit. 2 de Abril,18.356,69.551,9.097,,,,,,,,,,,
2024,Municipal,49001316,VI,6490,Lomas de Zamora,Unid. Sanit. Santa Catalina,21.521,74.513,7.691,,,,,,,,,,,
2024,Municipal,49001332,VI,6490,Lomas de Zamora,Laboratorio Central,,,,,,,,,,,,,,
2024,Municipal,49001341,VI,6490,Lomas de Zamora,Unid. Sanit. Villa Urbana,16.518,76.26,8.018,,,,,,,,,,,
2024,Municipal,49001359,VI,6490,Lomas de Zamora,Unid. Sanit. Sta. Rosa,5.768,71.445,4.083,,,,,,,,,,,
2024,Municipal,49001367,VI,6490,Lomas de Zamora,Unid. Sanit. Solidaridad,19.077,100.896,10.713,,,,,,,,,,,
2024,Municipal,49001375,VI,6490,Lomas de Zamora,Unid. Sanit. 25 de Mayo,0,75.13,7.405,,,,,,,,,,,
2024,Municipal,49001383,VI,6490,Lomas de Zamora,Unid. Sanit. Alicia Moreau de Justo,22.302,286.719,13.746,,,,,,,,,,,
2024,Municipal,49001391,VI,6490,Lomas de Zamora,Unid. Sanit. Dr. F. C. Payas,17.475,58.121,8.238,,,,,,,,,,,
2024,Municipal,49001405,VI,6490,Lomas de Zamora,Unid. Sanit. Medicina Preventiva,,136.402,,,,,,,,,,,,
2024,Municipal,49001448,VI,6490,Lomas de Zamora,Unid. Sanit. La Cortada,20.536,72.595,8.792,,,,,,,,,,,
2024,Municipal,49001499,VI,6490,Lomas de Zamora,Trailler Pediátrico,162.564,234.953,0,,,,,,,,,,,
2024,Municipal,49001502,VI,6490,Lomas de Zamora,Unid. Sanit. Posta Cementerio,,,,,,,,,,,,,,
2024,Municipal,49001613,VI,6490,Lomas de Zamora,Unid. Sanit. Barrio Obrero,17.769,83.498,8.965,,,,,,,,,,,
2024,Municipal,49001622,VI,6490,Lomas de Zamora,Unid. Sanit. Temperley Oeste,,69.895,1.537,,,,,,,,,,,
2024,Municipal,49003210,VI,6490,Lomas de Zamora,Unidad Sanitaria Nestor Kirchner,0,85.917,2.06,,,,,,,,,,,
2024,Municipal,49003251,VI,6490,Lomas de Zamora,Hospital Municipal DR NORBERTO RAUL PIACENTINI,,282.609,,,9.584,27.084,74,25.312,"93,5","129,2",24.918,"2,6",307,"3,2"
2024,Municipal,49003344,VI,6490,Lomas de Zamora,Hospital Odontológico Dr Enrique Ernesto Febbraro ,91.427,,,,,,,,,,,,,
2024,Municipal,49003359,VI,6490,Lomas de Zamora,Hospital Oftalmológico Dr Oscar Vicario,,85.004,,,,,,,,,,,,
2024,Municipal,65800016,VI,6658,Quilmes,Unid. Sanit. Bernal Oeste,1.755,7.454,1.818,,,,,,,,,,,
2024,Municipal,65800041,VI,6658,Quilmes,Unid. Sanit. Dr. P. Elustondo,5.226,23.976,1.053,,,,,,,,,,,
2024,Municipal,65800083,VI,6658,Quilmes,Sala de Pros. Aux. Los Fresnos,4.073,11.924,8.435,,,,,,,,,,,
2024,Municipal,65800199,VI,6658,Quilmes,Hosp. Subz. Esp. Mat. Infantil Dr. Eduardo Oller,,221.421,16.961,,2.856,45.735,125,11.783,"25,8","22,8",11.553,"4,0",49,"1,7"
2024,Municipal,65800202,VI,6658,Quilmes,Sala de Pros. Aux. Va. Alcira,1.956,12.431,2.663,,,,,,,,,,,
2024,Municipal,65800223,VI,6658,Quilmes,Subsecretaría de Transporte y Educación Vial,,92.484,,,,,,,,,,,,
2024,Municipal,65800245,VI,6658,Quilmes,Sala de Pros. Aux. Dr. Elías Tanus,0,6.15,463,,,,,,,,,,,
2024,Municipal,65800253,VI,6658,Quilmes,Unid. Sanit. Sta. María,2.128,11.717,3.563,,,,,,,,,,,
2024,Municipal,65800296,VI,6658,Quilmes,Unid. Sanit. La Ribera,3.373,10.593,3.14,,,,,,,,,,,
2024,Municipal,65800318,VI,6658,Quilmes,Unid. Sanit. Dr. D. Paroissien,2.337,9.964,1.409,,,,,,,,,,,
2024,Municipal,65800571,VI,6658,Quilmes,Inst. Munic. de Salud y Med. Prev. Dr. R. Carrillo,35.725,124.7,3.26,,,,,,,,,,,
2024,Municipal,65800687,VI,6658,Quilmes,Unid. Sanit. Cañada Gaete,6.203,12.374,1.316,,,,,,,,,,,
2024,Municipal,65800709,VI,6658,Quilmes,Unid. Sanit. La Paz,30.749,39.998,18.891,,,,,,,,,,,
2024,Municipal,65800717,VI,6658,Quilmes,Unid. Sanit. Dr. B. Houssay,1.419,11.376,3.036,,,,,,,,,,,
2024,Municipal,65800725,VI,6658,Quilmes,Unid. Sanit. Antártida Argentina,3.717,11.693,2.32,,,,,,,,,,,
2024,Municipal,65800733,VI,6658,Quilmes,Unid. Sanit. Villa Azul ,854,7.012,999,,,,,,,,,,,
2024,Municipal,65800750,VI,6658,Quilmes,Unid. Sanit. Los Eucaliptus,1.021,8.792,1.714,,,,,,,,,,,
2024,Municipal,65800768,VI,6658,Quilmes,Ctro. de Salud y Sala de Pros. Aux. 25 de Mayo,0,11.368,1.205,,,,,,,,,,,
2024,Municipal,65800776,VI,6658,Quilmes,Unid. Sanit. La Primavera,2.154,9.066,2.501,,,,,,,,,,,
2024,Municipal,65800784,VI,6658,Quilmes,Unid. Sanit. La Florida,1.67,13.625,2.462,,,,,,,,,,,
2024,Municipal,65801004,VI,6658,Quilmes,Unid. Sanit. Va. Itatí II,3.179,27.466,5.285,,,,,,,,,,,
2024,Municipal,65801021,VI,6658,Quilmes,Unid. Sanit. San Martín,3.345,25.032,5.235,,,,,,,,,,,
2024,Municipal,65801039,VI,6658,Quilmes,Ctro. de Salud y Sala de Pros. Aux. Va. Augusta,,12.738,1.914,,,,,,,,,,,
2024,Municipal,65801047,VI,6658,Quilmes,Sala de Pros. Aux. Dreymar,940,7.542,1.058,,,,,,,,,,,
2024,Municipal,65801055,VI,6658,Quilmes,Inst. Munic. de Salud Pública S. F. Solano,8.102,,,,,,,,,,,,,
2024,Municipal,65801161,VI,6658,Quilmes,Unid. Sanit. 2 de Abril,3.319,12.194,2.497,,,,,,,,,,,
2024,Municipal,65801195,VI,6658,Quilmes,Unid. Sanit. Va. del Carmen,,8.154,,,,,,,,,,,,
2024,Municipal,65801225,VI,6658,Quilmes,Unid. Sanit. 8 de Octubre II,,542,88,,,,,,,,,,,
2024,Municipal,65801241,VI,6658,Quilmes,División Médica CREM,,39.563,,,,,,,,,,,,
2024,Municipal,65801284,VI,6658,Quilmes,División Médica Centro Antirrábico,,27.015,,,,,,,,,,,,
2024,Municipal,65801349,VI,6658,Quilmes,Sala de Pros. Aux. Alicia Franco,1.189,38.639,3.508,,,,,,,,,,,
2024,Municipal,65801390,VI,6658,Quilmes,Unid. Sanit. Monteverde,1.806,7.686,1.171,,,,,,,,,,,
2024,Municipal,65801403,VI,6658,Quilmes,División Médica Polideportivo Municipal,,0,,,,,,,,,,,,
2024,Municipal,65801454,VI,6658,Quilmes,Unid. Sanit. 8 de Octubre I,,8.604,2.058,,,,,,,,,,,
2024,Municipal,65801462,VI,6658,Quilmes,Sala de Pros. Aux. La Sarita,3.768,17.43,3.382,,,,,,,,,,,
2024,Municipal,65801471,VI,6658,Quilmes,Sala de Pros. Aux. El Hornero,2.366,18.082,2.199,,,,,,,,,,,
2024,Municipal,65801489,VI,6658,Quilmes,Unid. Sanit. La Vera,,6.591,1.523,,,,,,,,,,,
2024,Municipal,65801497,VI,6658,Quilmes,Equipo Móvil de la Sec. de Salud,2.097,146.119,0,,,,,,,,,,,
2024,Municipal,65801501,VI,6658,Quilmes,Unid. Sanit. Eva Perón,,6.045,238,,,,,,,,,,,
2024,Municipal,65801519,VI,6658,Quilmes,Posta Sanit. Gral. Belgrano,2.593,21.527,2.159,,,,,,,,,,,
2024,Municipal,65801535,VI,6658,Quilmes,Primer Ctro. De Trat. y Rehab.,,7.602,15.798,,,,,,,,,,,
2024,Municipal,65801543,VI,6658,Quilmes,SAMYL Dirección de Salud Mental,,1.358,522,,,,,,,,,,,
2024,Municipal,65801560,VI,6658,Quilmes,Sala de Pros. Aux. Dos Avenidas,739,9.833,1.088,,,,,,,,,,,
2024,Municipal,65801578,VI,6658,Quilmes,Ctro. Asist. Modelo Don Bosco,6.912,40.035,6.433,,,,,,,,,,,
2024,Municipal,65801586,VI,6658,Quilmes,Sala de Pros. Aux. Islas Malvinas,,0,0,,,,,,,,,,,
2024,Municipal,65801594,VI,6658,Quilmes,Unid. Sanit. La Loma,5.924,5.552,459,,,,,,,,,,,
2024,Municipal,65801667,VI,6658,Quilmes,Unid. Sanit. Dr. Arturo Illia,3.36,11.394,3.952,,,,,,,,,,,
2024,Municipal,65801675,VI,6658,Quilmes,Unid. Sanit. Dr. René Favaloro,,10.472,2.928,,,,,,,,,,,
2024,Municipal,65802762,VI,6658,Quilmes,Hogar Municipal Ave Fénix,,4.92,,,0,5.324,15,3.66,"68,7","0,0",0,#¡NUM!,0,#¡NUM!
2024,Municipal,32900023,VII,6329,General Las Heras,Hosp. Munic. Dr. Pedro Arozarena,3.783,125.45,12.416,,2.408,12.444,34,4.675,"37,6","70,6",5.123,"2,1",32,"1,3"
2024,Municipal,32900031,VII,6329,General Las Heras,Unid. Sanit. Plomer,0,4.322,0,,,,,,,,,,,
2024,Municipal,32900040,VII,6329,General Las Heras,Unid. Sanit. Villars,0,26.827,2.042,,,,,,,,,,,
2024,Municipal,32900058,VII,6329,General Las Heras,Unid. Sanit. La Choza,,3.438,,,,,,,,,,,,
2024,Municipal,32900066,VII,6329,General Las Heras,Hogar de Ancianos San Martin de Porres,,,,,17,14.64,40,14.461,"98,8","0,4",18.036,"1.060,9",2,"11,8"
2024,Municipal,32900074,VII,6329,General Las Heras,Sala de Pros. Aux. 8 de diciembre,,7.585,799,,,,,,,,,,,
2024,Municipal,36400012,VII,6364,General Rodríguez,Caps N°20,,,,,,,,,,,,,,
2024,Municipal,36400033,VII,6364,General Rodríguez,Sala Central Sec. de Salud y Acción Social,5.49,276.301,6.55,,,,,,,,,,,
2024,Municipal,36400068,VII,6364,General Rodríguez,Sala Nº 4 de la Fraternidad Pque. Sarmiento,,47.603,2.183,,,,,,,,,,,
2024,Municipal,36400076,VII,6364,General Rodríguez,Sala N° 3 Los Naranjos,,27.126,1.065,,,,,,,,,,,
2024,Municipal,36400084,VII,6364,General Rodríguez,Sala Nº 9 Pque. Rivadavia,1.816,26.119,1.383,,,,,,,,,,,
2024,Municipal,36400092,VII,6364,General Rodríguez,Sala Nº 8 Agua de Oro,2.621,49.746,1.95,,,,,,,,,,,
2024,Municipal,36400114,VII,6364,General Rodríguez,Sala Nº 1 La Argentina,,27.825,1.032,,,,,,,,,,,
2024,Municipal,36400122,VII,6364,General Rodríguez,Sala Nº 6 Bo. San Martín,,28.418,1.247,,,,,,,,,,,
2024,Municipal,36400131,VII,6364,General Rodríguez,Ctro. de Salud N° 7 Almirante Brown,1.312,42.047,1.903,,,,,,,,,,,
2024,Municipal,36400165,VII,6364,General Rodríguez,Sala N° 2 Mi Rincón,,26.835,773,,,,,,,,,,,
2024,Municipal,36400173,VII,6364,General Rodríguez,Sala N° 5 Güemes,1.536,38.199,1.67,,,,,,,,,,,
2024,Municipal,36400181,VII,6364,General Rodríguez,Ctro. de Salud Nº 10 Vista Linda,,23.476,1.375,,,,,,,,,,,
2024,Municipal,36400203,VII,6364,General Rodríguez,Sala Nº 11 Bo. Marabó,,24.925,1.243,,,,,,,,,,,
2024,Municipal,36400211,VII,6364,General Rodríguez,Sala Nº 12 Los Aromos,,37.109,1.241,,,,,,,,,,,
2024,Municipal,36400220,VII,6364,General Rodríguez,Ctro. de Salud Nº 13 Altos del Oeste,1.623,35.59,1.861,,,,,,,,,,,
2024,Municipal,36400238,VII,6364,General Rodríguez,Sala N° 14 Bo. Almafuerte,,19.817,842,,,,,,,,,,,
2024,Municipal,36400254,VII,6364,General Rodríguez,Ctro. de Salud N° 15 Pque. Irigoyen,1.565,29.788,1.62,,,,,,,,,,,
2024,Municipal,36400319,VII,6364,General Rodríguez,CAPS Nº 17 Bo. Villa Vengochea,1.415,37.423,1.54,,,,,,,,,,,
2024,Municipal,36400327,VII,6364,General Rodríguez,Hospital Odontológico Municipal Dr. Mauricio Kaplan,152.634,,,,,,,,,,,,,
2024,Municipal,36400328,VII,6364,General Rodríguez,Centro de Atención Primaria de la Salud Nº19 Barrio Bicentenario,1.424,31.123,2.154,,,,,,,,,,,
2024,Municipal,36400329,VII,6364,General Rodríguez,Centro de Atención Primaria de la Salud Nº18 Barrio Villa Vengochea,1.777,33.901,1.857,,,,,,,,,,,
2024,Municipal,36400341,VII,6364,General Rodríguez,Hospital Oftalmologico Municipal Dr. Adolfo Aguirre Mundani,,58.28,,,,,,,,,,,,
2024,Municipal,40800076,VII,6408,Hurlingham,Hosp. Munic. San Bernardino de Siena,0,1.146.937,24.823,,6.937,27.816,76,18.604,"66,9","91,0",19.084,"2,8",186,"2,7"
2024,Municipal,40800572,VII,6408,Hurlingham,Unid. Sanit. Angel Bo,,48.12,3.656,,,,,,,,,,,
2024,Municipal,40800661,VII,6408,Hurlingham,Unid. Sanit. San Damián y Morris,,26.961,,,,,,,,,,,,
2024,Municipal,40800670,VII,6408,Hurlingham,Unid. Sanit. El Libertador,,40.83,2.362,,,,,,,,,,,
2024,Municipal,40800831,VII,6408,Hurlingham,Unid. Sanit. R. Carrillo,,43.86,1.708,,,,,,,,,,,
2024,Municipal,40800866,VII,6408,Hurlingham,Unid. Sanit. Bo. Mitre,,41.354,2.156,,,,,,,,,,,
2024,Municipal,40801021,VII,6408,Hurlingham,Unid. Sanit. San J. Obrero,,45.909,1.993,,,,,,,,,,,
2024,Municipal,40801153,VII,6408,Hurlingham,Unid. Sanit. 2 de Junio,,41.452,2.323,,,,,,,,,,,
2024,Municipal,40801234,VII,6408,Hurlingham,Unid. Sanit. 2 de Abril,,39.187,1.864,,,,,,,,,,,
2024,Municipal,40801404,VII,6408,Hurlingham,Unid. Sanit. Eva Perón,,47.332,2.84,,,,,,,,,,,
2024,Municipal,40801447,VII,6408,Hurlingham,Ctro. de Salud 21 de Agosto,,45.532,2.602,,,,,,,,,,,
2024,Municipal,40801455,VII,6408,Hurlingham,Ctro. de Estimulación e Intervención Temprana,,38.819,28.208,,,,,,,,,,,
2024,Municipal,40801472,VII,6408,Hurlingham,Hospital de Ojos,,39.033,,,,,,,,,,,,
2024,Municipal,40801531,VII,6408,Hurlingham,Hospital Odontológico de Hurlingham,444.409,,,,,,,,,,,,,
2024,Municipal,41000556,VII,6410,Ituzaingó,Hosp. Atenc. Médica Prim. de Ituzaingó,0,0,0,,,,,,,,,,,
2024,Municipal,41000564,VII,6410,Ituzaingó,Unid. Sanit. González Otharán,2.005,29.727,4.101,,,,,,,,,,,
2024,Municipal,41000882,VII,6410,Ituzaingó,Unid. Sanit. 17 de Octubre,2.899,14.132,866,,,,,,,,,,,
2024,Municipal,41000971,VII,6410,Ituzaingó,Unid. Sanit. Va. Las Naciones,,17.66,5.48,,,,,,,,,,,
2024,Municipal,41001471,VII,6410,Ituzaingó,Unid. Sanit. San Alberto,1.668,59.153,15.75,,,,,,,,,,,
2024,Municipal,41001498,VII,6410,Ituzaingó,Unid. Sanit. Ituzaingó Sur,1.737,25.14,4.456,,,,,,,,,,,
2024,Municipal,41001528,VII,6410,Ituzaingó,Unid. Sanit. Va. Angela,1.762,22.207,10.196,,,,,,,,,,,
2024,Municipal,41001542,VII,6410,Ituzaingó,Unid. Sanit. CE.M.E.T.R.I.,,76,5.784,,,,,,,,,,,
2024,Municipal,41001550,VII,6410,Ituzaingó,Ctro. de Atenc. de la Tercera Edad,,42.841,1.383,,,,,,,,,,,
2024,Municipal,49700044,VII,6497,Luján,Ctro. de Salud Santo Cristo,,11.657,12.575,,,,,,,,,,,
2024,Municipal,49700087,VII,6497,Luján,Ctro. de Salud Carlos Keen,,35.981,16.041,,,,,,,,,,,
2024,Municipal,49700095,VII,6497,Luján,Ctro. de Salud Olivera,6.487,56.236,17.776,,,,,,,,,,,
2024,Municipal,49700109,VII,6497,Luján,Ctro. de Salud San Francisco,,42.473,7.349,,,,,,,,,,,
2024,Municipal,49700133,VII,6497,Luján,Ctro. Medicina Preventiva y Social E. Perón,10.186,44.696,,,,,,,,,,,,
2024,Municipal,49700192,VII,6497,Luján,Ctro. de Salud Torres,24.129,44.915,13.824,,,,,,,,,,,
2024,Municipal,49700206,VII,6497,Luján,Ctro. de Salud Santa Elena,38.586,72.28,17.753,,,,,,,,,,,
2024,Municipal,49700214,VII,6497,Luján,Ctro. de Salud San Pedro,,49.192,7.445,,,,,,,,,,,
2024,Municipal,49700222,VII,6497,Luján,Ctro. de Salud Sta. María,,19.915,14.613,,,,,,,,,,,
2024,Municipal,49700231,VII,6497,Luján,Ctro. de Salud San Cayetano,,36.006,13.464,,,,,,,,,,,
2024,Municipal,49700257,VII,6497,Luján,Ctro. de Salud Juan XXIII,,57,6.907,,,,,,,,,,,
2024,Municipal,49700265,VII,6497,Luján,Ctro. de Salud La Loma ,,46.236,8.67,,,,,,,,,,,
2024,Municipal,49700346,VII,6497,Luján,C.A.P.S. Pque. Lasa,15.262,31.213,29.885,,,,,,,,,,,
2024,Municipal,49700362,VII,6497,Luján,CIC San Fermín,57.76,45.674,11.77,,,,,,,,,,,
2024,Municipal,49700371,VII,6497,Luján,CAPS Loreto,,,,,,,,,,,,,,
2024,Municipal,49700389,VII,6497,Luján,C.A.P.S. El Milagro,,63.776,,,,,,,,,,,,
2024,Municipal,49700397,VII,6497,Luján,Ctro. de Salud San Bernardo,,40.977,12.336,,,,,,,,,,,
2024,Municipal,49700419,VII,6497,Luján,C.A.P.S. Open Door,35.068,31.537,15.043,,,,,,,,,,,
2024,Municipal,49700427,VII,6497,Luján,Ctro. de Salud Lanusse,,46.965,13.164,,,,,,,,,,,
2024,Municipal,49700435,VII,6497,Luján,C.A.P.S. Ameghino,3.906,56.013,8.234,,,,,,,,,,,
2024,Municipal,49700451,VII,6497,Luján,C.A.P.S. Padre Varela,7.655,50.279,14.319,,,,,,,,,,,
2024,Municipal,49700460,VII,6497,Luján,Hogar Granja para Anc. Padre Varela,,15.285,15.572,7.028,0,27.45,75,27.634,"100,7","0,0",0,#¡NUM!,0,#¡NUM!
2024,Municipal,49700478,VII,6497,Luján,C.A.P.S. Los Laureles,,18.537,14.941,,,,,,,,,,,
2024,Municipal,49700508,VII,6497,Luján,Ctro. de Salud La Palomita,,12.568,4.48,,,,,,,,,,,
2024,Municipal,49700575,VII,6497,Luján,CAPS Los Gallitos,,12.815,5.547,,,,,,,,,,,
2024,Municipal,52500013,VII,6525,Marcos Paz,Hosp. Dr. Hétor J. DAgnillo,5.886,627.606,21.981,,11.859,33.909,93,29.256,"86,3","127,7",33.909,"2,9",229,"1,9"
2024,Municipal,52500048,VII,6525,Marcos Paz,Unid. Sanit. Gándara,205,802,1.724,,,,,,,,,,,
2024,Municipal,52500056,VII,6525,Marcos Paz,Unid. Sanit. Rayo de Sol,0,1.637,1.661,,,,,,,,,,,
2024,Municipal,52500064,VII,6525,Marcos Paz,Unid. Sanit. El Zorzal,0,582,739,,,,,,,,,,,
2024,Municipal,52500081,VII,6525,Marcos Paz,Unid. Sanit. Eva Perón,,1.152,296,,,,,,,,,,,
2024,Municipal,52500099,VII,6525,Marcos Paz,Unid. Sanit. Héroes de Malvinas,750,2.285,902,,,,,,,,,,,
2024,Municipal,52500102,VII,6525,Marcos Paz,Hogar Geriát. Munic. Santa Teresa de Journet,,2.253,,,474,7.32,20,6.849,"93,6","23,6",6.776,"14,3",0,"0,0"
2024,Municipal,52500161,VII,6525,Marcos Paz,UNIDAD SANITARIA EL PRADO,,994,1.363,,,,,,,,,,,
2024,Municipal,52500170,VII,6525,Marcos Paz,Centro de Atención Primaria de la Salud C.I.C. Néstor Kirchner,,,,,,,,,,,,,,
2024,Municipal,52500188,VII,6525,Marcos Paz,Centro de Atención Primaria de la Salud Unidad Sanitaria Ambiental,399,1.617,1.632,,,,,,,,,,,
2024,Municipal,53900031,VII,6539,Merlo,Hosp. Munic. Eva Perón,,1.235.745,56.172,,33.478,84.546,232,69.87,"82,6","144,5",75.625,"2,3",324,"1,0"
2024,Municipal,53900066,VII,6539,Merlo,Hosp. Mat. Infantil Pontevedra,0,270.589,45.364,,7.944,22.546,62,13.493,"59,8","128,6",14.682,"1,8",3,"0,0"
2024,Municipal,53900074,VII,6539,Merlo,Hosp. Mat. Infantil Dr. P. Chutro,,281.406,49.659,,3.58,19.764,54,9.569,"48,4","66,1",11.494,"3,2",5,"0,1"
2024,Municipal,53900104,VII,6539,Merlo,Unid. Sanit. Nº 11 ,3.188,60.737,14.048,,,,,,,,,,,
2024,Municipal,53900112,VII,6539,Merlo,Unid. Sanit. Nº 2 ,,40.294,14.109,,,,,,,,,,,
2024,Municipal,53900139,VII,6539,Merlo,Antropozoonosis,,3.076,,,,,,,,,,,,
2024,Municipal,53900180,VII,6539,Merlo,Dirección de Médica Preventiva,18.648,32.435,2.897,,,,,,,,,,,
2024,Municipal,53900198,VII,6539,Merlo,Unid. Sanit. Nº 4,1.885,29.008,7.57,,,,,,,,,,,
2024,Municipal,53900244,VII,6539,Merlo,Unid. Sanit. Nº 3 ,1.452,28.867,9.587,,,,,,,,,,,
2024,Municipal,53900287,VII,6539,Merlo,Unid. Sanit. Arco Iris,2.423,30.292,7.806,,,,,,,,,,,
2024,Municipal,53900295,VII,6539,Merlo,Unid. Sanit. Merlo Gómez ,2.556,32.531,5.936,,,,,,,,,,,
2024,Municipal,53900309,VII,6539,Merlo,Unid. Sanit. Bo. Samoré ,3.205,32.774,6.889,,,,,,,,,,,
2024,Municipal,53900317,VII,6539,Merlo,Unid. Sanit. Nº 5,2.298,24.938,15.174,,,,,,,,,,,
2024,Municipal,53900325,VII,6539,Merlo,Unid. Sanit. Nº 6 ,2.548,30.851,7.602,,,,,,,,,,,
2024,Municipal,53900333,VII,6539,Merlo,Unid. Sanit. Nº 9 CIC Bo. Alegre,,29.62,10.516,,,,,,,,,,,
2024,Municipal,53900341,VII,6539,Merlo,Unid. Sanit. Nº 13,2.731,28.238,10.579,,,,,,,,,,,
2024,Municipal,53900350,VII,6539,Merlo,Unid. Sanit. Nº 14,1.885,30.712,11.35,,,,,,,,,,,
2024,Municipal,53900376,VII,6539,Merlo,Unid. Sanit. Nº 24 ,3.404,31.064,7.111,,,,,,,,,,,
2024,Municipal,53900392,VII,6539,Merlo,Ctro. de Salud Nº 26,,30.304,8.255,,,,,,,,,,,
2024,Municipal,53900406,VII,6539,Merlo,Unid. Sanit. Nº 25,,28.614,11.588,,,,,,,,,,,
2024,Municipal,53900414,VII,6539,Merlo,Unid. Sanit. Nº 28 ,2.32,29.148,8.205,,,,,,,,,,,
2024,Municipal,53900422,VII,6539,Merlo,Unid. Sanit. Nº 20,,27.436,8.058,,,,,,,,,,,
2024,Municipal,53900431,VII,6539,Merlo,Unid. Sanit. Nº 15 CIC Santa Marta,2.554,67.621,12.547,,,,,,,,,,,
2024,Municipal,53900449,VII,6539,Merlo,Unid. Sanit. Nº 18,2.749,29.123,7.383,,,,,,,,,,,
2024,Municipal,53900465,VII,6539,Merlo,Unid. Sanit. Nº 17,,30.067,8.625,,,,,,,,,,,
2024,Municipal,53900490,VII,6539,Merlo,Unid. Sanit. N° 27 ,,31.789,8.017,,,,,,,,,,,
2024,Municipal,53900520,VII,6539,Merlo,Unid. Sanit. Los Cardales,2.036,26.805,7.764,,,,,,,,,,,
2024,Municipal,53900538,VII,6539,Merlo,Unid. Sanit. N° 31 ,,27.899,5.491,,,,,,,,,,,
2024,Municipal,53900597,VII,6539,Merlo,Unid. Sanit. N° 32,,27.41,6.993,,,,,,,,,,,
2024,Municipal,53900601,VII,6539,Merlo,Unid. Sanit. N° 32,2.83,30.342,7.967,,,,,,,,,,,
2024,Municipal,53900678,VII,6539,Merlo,Unid. Sanit. Nº 38,3.367,70.09,17.124,,,,,,,,,,,
2024,Municipal,53900732,VII,6539,Merlo,Unid. Sanit. Nº 35,3.706,28.412,5.694,,,,,,,,,,,
2024,Municipal,53900741,VII,6539,Merlo,Unid. Sanit. Nº 34 ,1.815,33.171,10.993,,,,,,,,,,,
2024,Municipal,53900767,VII,6539,Merlo,Unid. Sanit. N° 36,3.937,29.951,5.084,,,,,,,,,,,
2024,Municipal,53900805,VII,6539,Merlo,Unid. Sanit. Nº 37 ,,33.452,5.889,,,,,,,,,,,
2024,Municipal,53900864,VII,6539,Merlo,Hogar Geriátrico Santa Susana,1.621,20.779,6.769,,2,10.98,30,4.483,"40,8","0,1",3.355,"1.677,5",0,"0,0"
2024,Municipal,56000015,VII,6560,Moreno,Unid. Sanit. F. Alvarez,2.904,20.475,5.672,,,,,,,,,,,
2024,Municipal,56000058,VII,6560,Moreno,Unid. Sanit. La Perlita,3.213,9.835,5.379,,,,,,,,,,,
2024,Municipal,56000066,VII,6560,Moreno,Unid. Sanit. J. M.Cortéz,5.3,16.584,9.688,,,,,,,,,,,
2024,Municipal,56000074,VII,6560,Moreno,Unid. Sanit. F. M. Campos,9.242,28.417,7.632,,,,,,,,,,,
2024,Municipal,56000121,VII,6560,Moreno,Unid. Sanit. Dr. Corsi,1.887,10.43,4.629,,,,,,,,,,,
2024,Municipal,56000171,VII,6560,Moreno,Unid. Sanit. Indanbur ,3.204,16.093,7.442,,,,,,,,,,,
2024,Municipal,56000201,VII,6560,Moreno,Unid. Sanit. Santa Brígida,2.076,9.991,4.675,,,,,,,,,,,
2024,Municipal,56000210,VII,6560,Moreno,Unid. Sanit. Anderson,7.026,50.973,7.162,,,,,,,,,,,
2024,Municipal,56000228,VII,6560,Moreno,Unid. Sanit. Las Flores,3.54,12.365,4.631,,,,,,,,,,,
2024,Municipal,56000236,VII,6560,Moreno,Unid. Sanit. Nº 4 La Fortuna,3.307,42.145,4.937,,,,,,,,,,,
2024,Municipal,56000244,VII,6560,Moreno,Unid. Sanit. Nº 13 Lomas de Mariló,7.514,18.401,5.122,,,,,,,,,,,
2024,Municipal,56000261,VII,6560,Moreno,Unid. Sanit. Lomas de Casasco,4.671,18.232,4.723,,,,,,,,,,,
2024,Municipal,56000279,VII,6560,Moreno,Unid. Sanit. La Reja Grande,2.759,12.199,3.899,,,,,,,,,,,
2024,Municipal,56000341,VII,6560,Moreno,Unid. Sanit. Paso del Rey,1.977,5.854,2.047,,,,,,,,,,,
2024,Municipal,56000350,VII,6560,Moreno,Unid. Sanit. Juramento,4.497,14.567,4.386,,,,,,,,,,,
2024,Municipal,56000368,VII,6560,Moreno,Unid. Sanit. 25 de Mayo,3.373,14.8,5.276,,,,,,,,,,,
2024,Municipal,56000376,VII,6560,Moreno,Unid. Sanit. Cortejarena,3.5,10.544,4.66,,,,,,,,,,,
2024,Municipal,56000384,VII,6560,Moreno,Unid. Sanit. San Ambrosio,,8.128,3.371,,,,,,,,,,,
2024,Municipal,56000392,VII,6560,Moreno,Unid. Sanit. Bangiovano,,7.433,6.473,,,,,,,,,,,
2024,Municipal,56000406,VII,6560,Moreno,Unid. Sanit. La Reja Centro,,13.703,6.293,,,,,,,,,,,
2024,Municipal,56000414,VII,6560,Moreno,Unid. Sanit. Las Catonas,3.571,12.768,6.643,,,,,,,,,,,
2024,Municipal,56000422,VII,6560,Moreno,Unid. Sanit. San Brizzi,8.456,19.653,8.805,,,,,,,,,,,
2024,Municipal,56000431,VII,6560,Moreno,Unid. Sanit. Martín Fierro,,15.576,2.657,,,,,,,,,,,
2024,Municipal,56000449,VII,6560,Moreno,Unid. Sanit. José de San Martín,2.014,7.518,3.447,,,,,,,,,,,
2024,Municipal,56000457,VII,6560,Moreno,Unid. Sanit. San Carlos,3.721,13.211,4.107,,,,,,,,,,,
2024,Municipal,56000473,VII,6560,Moreno,Unid. Sanit. La Victoria,,10.363,5.019,,,,,,,,,,,
2024,Municipal,56000490,VII,6560,Moreno,Unid. Sanit. La Esperanza,3.368,13.614,4.425,,,,,,,,,,,
2024,Municipal,56000520,VII,6560,Moreno,Unid. Sanit. Los Paraisos,,8.494,4,,,,,,,,,,,
2024,Municipal,56000538,VII,6560,Moreno,Unid. Sanit. San Jorge,,5.177,3.782,,,,,,,,,,,
2024,Municipal,56000554,VII,6560,Moreno,Unid. Sanit. Va. Escobar,,9.93,3.894,,,,,,,,,,,
2024,Municipal,56000562,VII,6560,Moreno,Unid. Sanit. Cuatro  Vientos,,8.262,3.23,,,,,,,,,,,
2024,Municipal,56000571,VII,6560,Moreno,Unid. Sanit. Jardines l   ,,7.547,3.809,,,,,,,,,,,
2024,Municipal,56000589,VII,6560,Moreno,Ctro. De Enfermedades de Transm. Sexual,1.194,65.484,58.202,,,,,,,,,,,
2024,Municipal,56000597,VII,6560,Moreno,Red de Emergencias Médicas,,30.13,3.651,,,,,,,,,,,
2024,Municipal,56000619,VII,6560,Moreno,Unid. Sanit. San Carlos Ruta 25,,8.614,3.246,,,,,,,,,,,
2024,Municipal,56000627,VII,6560,Moreno,Unid. Sanit. Parque Paso del Rey,,9.181,4.798,,,,,,,,,,,
2024,Municipal,56000635,VII,6560,Moreno,Unid. Sanit. Altos de La Reja,,12.45,6.943,,,,,,,,,,,
2024,Municipal,56000643,VII,6560,Moreno,Unid. Sanit. Amancio Alcorta,,4.844,,,,,,,,,,,,
2024,Municipal,56000872,VII,6560,Moreno,Centro Integrador Comunitario La Bibiana ,2.839,45.393,8.325,,,,,,,,,,,
2024,Municipal,56000989,VII,6560,Moreno,Hospital de Dia en salud mental Espejos Cruzados,,7.389,7.875,,,,,13.32,,#¡NUM!,,#¡NUM!,,#¡NUM!
2024,Municipal,56800149,VII,6568,Morón,Hosp. Munic. O. B. de Lavignolle,,179.277,17.262,9.027,5.556,64.911,178,35.615,"54,9","31,2",48.633,"8,8",202,"3,6"
2024,Municipal,56800548,VII,6568,Morón,Hosp. Atenc. Primaria El Palomar,1.331,56.071,63.17,,,,,,,,,,,
2024,Municipal,56800637,VII,6568,Morón,C.A.P.S. Dr. Monte,0,49.525,22.254,,,,,,,,,,,
2024,Municipal,56800696,VII,6568,Morón,C.A.P.S. Malvinas Argentinas,4.049,4.608,24.111,,,,,,,,,,,
2024,Municipal,56800700,VII,6568,Morón,C.A.P.S. Va. Rivadavia,,2.777,26.069,,,,,,,,,,,
2024,Municipal,56800734,VII,6568,Morón,C.A.P.S. Loma Verde,,8.464,14.042,,,,,,,,,,,
2024,Municipal,56800807,VII,6568,Morón,C.A.P.S. Ntra. Sra. del Valle,,3.744,19.196,,,,,,,,,,,
2024,Municipal,56800891,VII,6568,Morón,C.A.P.S. Dr. Gelpi,2.73,69.598,35.601,,,,,,,,,,,
2024,Municipal,56800904,VII,6568,Morón,Unidad Sanitaria Mercedes Sosa,,4.39,26.293,,,,,,,,,,,
2024,Municipal,56800912,VII,6568,Morón,C.A.P.S. Pte. Ibañez,1.785,4.729,27.949,,,,,,,,,,,
2024,Municipal,56801269,VII,6568,Morón,C.A.P.S. Almafuerte,3.364,2.018,15.29,,,,,,,,,,,
2024,Municipal,56801307,VII,6568,Morón,Unidad de Ate. Prim. Azucena Villaflor,1.9,3.48,35.284,,,,,,,,,,,
2024,Municipal,56801340,VII,6568,Morón,C.A.P.S. Juana Azurduy,1.465,6.296,13.112,,,,,,,,,,,
2024,Municipal,56801399,VII,6568,Morón,C.A.P.S. Santa Laura,2.85,6.644,15.055,,,,,,,,,,,
2024,Municipal,84000012,VII,6840,Tres de Febrero,Hosp. Zonal Gral. de Ag. M. V. de Martinez,4.496,50.735,11.402,,,,,,,,,,,
2024,Municipal,84000047,VII,6840,Tres de Febrero,Hosp. Zonal Gral. de Ag.  Prof. Dr. R. Carrillo,6.498,31.71,5.735,,,,,,,,,,,
2024,Municipal,84000063,VII,6840,Tres de Febrero,Hosp. Zonal Gral. de Ag.  Prof. Dr. R. Carrillo,5.367,39.288,8.367,,,,,,,,,,,
2024,Municipal,84000071,VII,6840,Tres de Febrero,Hosp. Zonal Gral. de Ag.  Prof. Dr. R. Carrillo,5.293,33.771,7.643,,,,,,,,,,,
2024,Municipal,84000101,VII,6840,Tres de Febrero,Hosp. Zonal Gral. de Ag.  Prof. Dr. R. Carrillo,4.658,33.215,9.21,,,,,,,,,,,
2024,Municipal,84000152,VII,6840,Tres de Febrero,Hosp. Zonal Gral. de Ag.  Prof. Dr. R. Carrillo,6.706,40.378,7.395,,,,,,,,,,,
2024,Municipal,84000284,VII,6840,Tres de Febrero,Hosp. Zonal Gral. de Ag.  Prof. Dr. R. Carrillo,7.171,28.949,8.784,,,,,,,,,,,
2024,Municipal,84000292,VII,6840,Tres de Febrero,Hosp. Zonal Gral. de Ag.  Prof. Dr. R. Carrillo,6.538,42.382,8.558,,,,,,,,,,,
2024,Municipal,84000306,VII,6840,Tres de Febrero,Hosp. Zonal Gral. de Ag.  Prof. Dr. R. Carrillo,7.205,46.166,8.416,,,,,,,,,,,
2024,Municipal,84000314,VII,6840,Tres de Febrero,Hosp. Zonal Gral. de Ag.  Prof. Dr. R. Carrillo,,65.756,13.338,,,,,,,,,,,
2024,Municipal,84000322,VII,6840,Tres de Febrero,Hosp. Zonal Gral. de Ag.  Prof. Dr. R. Carrillo,5.283,32.971,5.701,,,,,,,,,,,
2024,Municipal,84000381,VII,6840,Tres de Febrero,Hosp. Zonal Gral. de Ag.  Prof. Dr. R. Carrillo,4.79,40.217,7.18,,,,,,,,,,,
2024,Municipal,84000420,VII,6840,Tres de Febrero,Hosp. Zonal Gral. de Ag.  Prof. Dr. R. Carrillo,5.299,25.185,3.865,,,,,,,,,,,
2024,Municipal,84000501,VII,6840,Tres de Febrero,Hosp. Zonal Gral. de Agudos Dr. C. A. Bocalandro,,43.164,6.587,,,,,,,,,,,
2024,Municipal,84000519,VII,6840,Tres de Febrero,Hosp. Zonal Gral. de Agudos Dr. C. A. Bocalandro,,13.076,,,,,,,,,,,,
2024,Municipal,84000527,VII,6840,Tres de Febrero,Hosp. Zonal Gral. de Agudos Dr. C. A. Bocalandro,,22.958,,,,,,,,,,,,
2024,Municipal,84000535,VII,6840,Tres de Febrero,Hosp. Zonal Gral. de Agudos Dr. C. A. Bocalandro,,26.613,,,,,,,,,,,,
2024,Municipal,84000543,VII,6840,Tres de Febrero,Hosp. Zonal Gral. de Agudos Dr. C. A. Bocalandro,,35.577,,,,,,,,,,,,
2024,Municipal,84001086,VII,6840,Tres de Febrero,Hosp. Zonal Gral. de Agudos Dr. C. A. Bocalandro,91.131,,,,,,,,,,,,,
2024,Municipal,84001094,VII,6840,Tres de Febrero,Hosp. Zonal Gral. de Agudos Dr. C. A. Bocalandro,,85.547,,,,,,2.223,,,,,,
2024,Municipal,4200016,VIII,6042,Ayacucho,Hosp. Local Munic. Dr. Pedro Solanet,2.549,77.118,19.628,,3.736,21.594,59,9.683,"44,8","63,1",9.286,"2,5",141,"3,8"
2024,Municipal,4200032,VIII,6042,Ayacucho,Hogar de Ancianos San Francisco Javier,,0,0,,79,27.45,75,25.451,"92,7","1,1",46.288,"585,9",15,"19,0"
2024,Municipal,4200041,VIII,6042,Ayacucho,Sala Perif. Atenc. Primaria Ramón Carrillo,653,4.713,699,,,,,,,,,,,
2024,Municipal,4200059,VIII,6042,Ayacucho,Sala Perif. Atenc. Primaria Eva Perón,726,5.579,1.315,,,,,,,,,,,
2024,Municipal,6300026,VIII,6063,Balcarce,Sala de Pros. Aux. Los Pinos,,1.516,,,,,,,,,,,,
2024,Municipal,6300034,VIII,6063,Balcarce,Unid. Sanit. San Agustín,,4.548,41,,,,,,,,,,,
2024,Municipal,6300093,VIII,6063,Balcarce,Hosp. Subz. Munic. de Balcarce,1.09,241.764,8.81,,9.748,27.052,74,21.305,"78,8","131,5",23.504,"2,4",253,"2,6"
2024,Municipal,6300115,VIII,6063,Balcarce,Unid. Sanit. Napaleofú,430,3.346,,,,,,,,,,,,
2024,Municipal,6300123,VIII,6063,Balcarce,Unid. Sanit. San Martín,0,24.893,1.027,,,,,,,,,,,
2024,Municipal,6300131,VIII,6063,Balcarce,Unid. Sanit. Pueblo Nuevo,,10.604,,,,,,,,,,,,
2024,Municipal,6300140,VIII,6063,Balcarce,Unid. Sanit. Martín Güemes,,25.262,880,,,,,,,,,,,
2024,Municipal,6300166,VIII,6063,Balcarce,Unid. Sanit. Independencia,,11.62,,,,,,,,,,,,
2024,Municipal,6300182,VIII,6063,Balcarce,Unid. Sanit. Bo. Oeste,,15.277,218,,,,,,,,,,,
2024,Municipal,6300191,VIII,6063,Balcarce,Unid. Sanit. Gral. Balcarce ,609,23.465,596,,,,,,,,,,,
2024,Municipal,6300204,VIII,6063,Balcarce,Unidad Sanitaria Norte,,,,,,,,,,,,,,
2024,Municipal,6300221,VIII,6063,Balcarce,Ctro. Geriátrico Hostal  Los Abuelos,,12.825,113,,20,9.556,26,9.247,"96,8","0,8",5.824,"291,2",5,"25,0"
2024,Municipal,6300239,VIII,6063,Balcarce,Ctro. Geriátrico Dr. Ernesto L. Pinto,,10.849,76,,24,12.81,35,10.116,"79,0","0,7",4.976,"207,3",4,"16,7"
2024,Municipal,6300263,VIII,6063,Balcarce,Centro Integrador Comunitario (C.I.C.) N°1,936,21.526,1.565,,,,,,,,,,,
2024,Municipal,6300310,VIII,6063,Balcarce,Centro Integrador Común II,1.257,39.404,2.283,,,,,,,,,,,
2024,Municipal,6300328,VIII,6063,Balcarce,CAPS Veteranos de Malvinas,,2.478,172,,,,,,,,,,,
2024,Municipal,28000018,VIII,6280,General Alvarado,Unid. Sanit. Com. N. Otamendi,1.719,188.361,3.792,,,,,,,,,,,
2024,Municipal,28000026,VIII,6280,General Alvarado,Unid. Sanit. Mar del Sur,562,13.764,76,,,,,,,,,,,
2024,Municipal,28000034,VIII,6280,General Alvarado,Unid. Sanit. de Mechongué,622,22.246,205,,,,,,,,,,,
2024,Municipal,28000051,VIII,6280,General Alvarado,Hosp. Munic. Dr. Mariano Cassano,10.132,372.438,6.57,,4.274,15.761,43,10.513,"66,7","99,0",10.579,"2,5",117,"2,7"
2024,Municipal,28000085,VIII,6280,General Alvarado,C.A.P.S. J. De Dios Estela,1.203,27.334,2.226,,,,,,,,,,,
2024,Municipal,28000093,VIII,6280,General Alvarado,C.A.P.S. Parque Mar,1.038,21.363,635,,,,,,,,,,,
2024,Municipal,28000107,VIII,6280,General Alvarado,C.A.P.S. La Ballenera,,2.229,,,,,,,,,,,,
2024,Municipal,28000123,VIII,6280,General Alvarado,C.A.P.S. Bo. Parque Bristol,,10.327,303,,,,,,,,,,,
2024,Municipal,28000131,VIII,6280,General Alvarado,C.A.P.S. Bo. Belgrano,,18.298,546,,,,,,,,,,,
2024,Municipal,28000140,VIII,6280,General Alvarado,C.A.P.S. Bo. Oeste,1.229,25.625,299,,,,,,,,,,,
2024,Municipal,28000158,VIII,6280,General Alvarado,Hogar de Anc. Munic. A. F. de Villaverde,,,,,38,15.738,43,15.59,"99,1","0,9",15.441,"406,3",0,"0,0"
2024,Municipal,28000166,VIII,6280,General Alvarado,CAPS Barrio Aeroparque,1.178,19.373,384,,,,,,,,,,,
2024,Municipal,28000247,VIII,6280,General Alvarado,Centro de Atención Primaria de la Salud JERICÓ,0,2.653,,,,,,,,,,,,
2024,Municipal,30800013,VIII,6308,General Guido,Unid. Sanit. Gral. Guido,1.105,50.883,17.004,,,,,,,,,,,
2024,Municipal,30800021,VIII,6308,General Guido,Sala de Pros. Aux. Labardén,995,21.199,11.912,,,,,,,,,,,
2024,Municipal,30800030,VIII,6308,General Guido,Hogar de Ancianos Jesús de Nazareth,,,,,1,5.856,16,2.16,"36,9","0,1",989,"989,0",1,"100,0"
2024,Municipal,33600015,VIII,6336,General Lavalle,Hosp. Munic Sagrado Corazón de Jesús,3.796,79.92,5.283,,410,14.274,39,8.145,"57,1","10,5",8.043,"19,6",11,"2,7"
2024,Municipal,33600112,VIII,6336,General Lavalle,Sala de Pros. Aux. Paraje Pavón,4.255,58.145,1.802,,,,,,,,,,,
2024,Municipal,31500021,VIII,6315,General Juan Madariaga,Hosp. Munic. Ana R. S. de Martínez Guerrero,12.626,340.339,50.07,,4.157,32.208,88,24.836,"77,1","47,1",21.61,"5,2",110,"2,6"
2024,Municipal,31500102,VIII,6315,General Juan Madariaga,C.A.P.S. Bo. Belgrano,,46.829,33.466,,,,,,,,,,,
2024,Municipal,31500111,VIII,6315,General Juan Madariaga,C.A.P.S. Bo. Norte,,63.901,34.257,,,,,,,,,,,
2024,Municipal,31500129,VIII,6315,General Juan Madariaga,C.A.P.S. Bo. San Martín,,42.373,31.071,,,,,,,,,,,
2024,Municipal,31500189,VIII,6315,General Juan Madariaga,Centro Integrador Comunitario (C.I.C.) Arturo Jauretche,,50.745,32.761,,,,,,,,,,,
2024,Municipal,35700017,VIII,6357,General Pueyrredón,Unid. Sanit. Estación Camet,650,7.688,740,,,,,,,,,,,
2024,Municipal,35700025,VIII,6357,General Pueyrredón,Unid. Sanit. Chapadmalal,577,2.82,,,,,,,,,,,,
2024,Municipal,35700033,VIII,6357,General Pueyrredón,Unid. Sanit. Div. Protec. del Anciano,,2.463,,,,,,,,,,,,
2024,Municipal,35700041,VIII,6357,General Pueyrredón,Ctro. de Salud N° 1,18.718,24.877,3.436,,,,,,,,,,,
2024,Municipal,35700050,VIII,6357,General Pueyrredón,Ctro. de Salud N° 2,5.77,41.552,3.873,,,,,,,,,,,
2024,Municipal,35700076,VIII,6357,General Pueyrredón,Istituto R. Etcheverri de Maternidad e Infancia I.R.E.M.I.,9.636,28.561,1.546,,,,,,,,,,,
2024,Municipal,35700254,VIII,6357,General Pueyrredón,Unid. Sanit. APAND,0,8.517,2.314,,,,,,,,,,,
2024,Municipal,35700289,VIII,6357,General Pueyrredón,Unid. Sanit. Playa del Sur,5.051,16.199,11.174,,,,,,,,,,,
2024,Municipal,35700467,VIII,6357,General Pueyrredón,Unid. Sanit. Coelho de Meyrelles,1.911,13.111,3.062,,,,,,,,,,,
2024,Municipal,35700513,VIII,6357,General Pueyrredón,Unid. de Salud Mental Jara,,2.843,9.855,,,,,,,,,,,
2024,Municipal,35700629,VIII,6357,General Pueyrredón,Subcentro de Salud Batán,5.04,20.791,2.419,,,,,,,,,,,
2024,Municipal,35700653,VIII,6357,General Pueyrredón,Subcentro de Salud El Martillo,2.929,10.947,5.357,,,,,,,,,,,
2024,Municipal,35700696,VIII,6357,General Pueyrredón,Unid. Sanit. 9 de Julio,2.421,10.588,2.155,,,,,,,,,,,
2024,Municipal,35700718,VIII,6357,General Pueyrredón,Unidad Sanitaria Las Avenidas,,,,,,,,,,,,,,
2024,Municipal,35700726,VIII,6357,General Pueyrredón,Subcentro de Salud J. Newbery,1.767,9.425,2.357,,,,,,,,,,,
2024,Municipal,35700734,VIII,6357,General Pueyrredón,Unid. Sanit. Faro Norte,,8.516,1.28,,,,,,,,,,,
2024,Municipal,35700742,VIII,6357,General Pueyrredón,Unid. Sanit. C. Barragán,,474,30,,,,,,,,,,,
2024,Municipal,35700751,VIII,6357,General Pueyrredón,Unid. Sanit. La Peregrina,1.473,12.313,1.478,,,,,,,,,,,
2024,Municipal,35700831,VIII,6357,General Pueyrredón,Subcentro de Salud Gral. Belgrano,2.048,13.368,3.061,,,,,,,,,,,
2024,Municipal,35700840,VIII,6357,General Pueyrredón,Unid. Sanit. El Boquerón,294,1.542,,,,,,,,,,,,
2024,Municipal,35700866,VIII,6357,General Pueyrredón,Casa del Niño P. Albarracín,,,,,,,,,,,,,,
2024,Municipal,35700882,VIII,6357,General Pueyrredón,Unid. Sanit. F. Ameghino,4.357,30.739,3.061,,,,,,,,,,,
2024,Municipal,35700891,VIII,6357,General Pueyrredón,Casa de Admis. y Evaluac. C. de Arenaza,,0,88,,,,,,,,,,,
2024,Municipal,35700904,VIII,6357,General Pueyrredón,Hogar Francisco Scarpatti,,0,757,,,,,,,,,,,
2024,Municipal,35700912,VIII,6357,General Pueyrredón,Casa de Admis. y Evaluac. R. T. Gayone,,0,1.176,,,,,,,,,,,
2024,Municipal,35700921,VIII,6357,General Pueyrredón,Unid. Sanit. Parque Hermoso,655,4.354,368,,,,,,,,,,,
2024,Municipal,35700939,VIII,6357,General Pueyrredón,Unid. Sanit. Las Heras,2.405,15.195,4.278,,,,,,,,,,,
2024,Municipal,35700963,VIII,6357,General Pueyrredón,Subcentro de Salud Libertad,1.574,12.337,3.267,,,,,,,,,,,
2024,Municipal,35700971,VIII,6357,General Pueyrredón,Casa del Niño Grillito,,,,,,,,,,,,,,
2024,Municipal,35700998,VIII,6357,General Pueyrredón,Unid. Sanit. Alto Camet,4.834,19.733,5.208,,,,,,,,,,,
2024,Municipal,35701005,VIII,6357,General Pueyrredón,Unid. Sanit. Las Américas,3.407,19.996,4.274,,,,,,,,,,,
2024,Municipal,35701102,VIII,6357,General Pueyrredón,Unid. Sanit. Bo. Centenario,2.26,11.213,2.794,,,,,,,,,,,
2024,Municipal,35701129,VIII,6357,General Pueyrredón,División de Salud Escolar y Educ. para la Salud,,,,,,,,,,,,,,
2024,Municipal,35701277,VIII,6357,General Pueyrredón,Unid. Sanit. Santa Rita,1.224,10.58,3.854,,,,,,,,,,,
2024,Municipal,35701285,VIII,6357,General Pueyrredón,Unid. Sanit. 2 de Abril,1.25,4.465,552,,,,,,,,,,,
2024,Municipal,35701293,VIII,6357,General Pueyrredón,Casa del Niño Centenario,,,,,,,,,,,,,,
2024,Municipal,35701315,VIII,6357,General Pueyrredón,Programa Casa de los Amigos,,0,280,,,,,,,,,,,
2024,Municipal,35701323,VIII,6357,General Pueyrredón,División de Superv. Ctro. Recr. Asist.,,,1.18,,,,,,,,,,,
2024,Municipal,35701340,VIII,6357,General Pueyrredón,Unid. Sanit. Colonia Chapadmalal,,1.868,,,,,,,,,,,,
2024,Municipal,35701498,VIII,6357,General Pueyrredón,Unid. Sanit. Aeroparque,,4.151,307,,,,,,,,,,,
2024,Municipal,35701811,VIII,6357,General Pueyrredón,Unidad Sanitaria Antártida Argentina,0,3.156,46,,,,,,,,,,,
2024,Municipal,35702409,VIII,6357,General Pueyrredón,Centro de Especialidades Médicas Ambulatorias CEMA,7.912,57.405,4.748,,,,,,,,,,,
2024,Municipal,42000010,VIII,6420,La Costa,Hosp. Local Gral. de Agudos,4.239,255.397,21.816,3.039,2.273,13.542,37,7.324,"54,1","61,3",7.575,"3,3",55,"2,4"
2024,Municipal,42000021,VIII,6420,La Costa,Hosp. Munic. Carlos F. Macías,8.532,414.504,16.207,22.863,7.068,27.757,76,30.019,"108,1","92,9",32.681,"4,6",331,"4,7"
2024,Municipal,42000039,VIII,6420,La Costa,Unid. Sanit. Mar del Tuyú,8.645,64.167,1.981,,,,,,,,,,,
2024,Municipal,42000047,VIII,6420,La Costa,Unid. Sanit. Las Toninas,6.467,57.105,4.57,,,,,,,,,,,
2024,Municipal,42000055,VIII,6420,La Costa,Unid. Munic. Roberto L. Dios,2.84,315.958,16.229,1.993,3.996,14.72,40,12.89,"80,6","99,1",11.741,"2,9",113,"2,8"
2024,Municipal,42000110,VIII,6420,La Costa,Unid. Sanit. Aguas Verdes,0,6.957,411,,,,,,,,,,,
2024,Municipal,42000128,VIII,6420,La Costa,Unid. Sanit. Lucila del Mar,0,6.346,688,,,,,,,,,,,
2024,Municipal,42000136,VIII,6420,La Costa,C.A.P.S. Costa Azul,3.464,7.626,1.938,,,,,,,,,,,
2024,Municipal,42000161,VIII,6420,La Costa,C.A.P.S. Mar de Ajó Norte,2.235,19.54,2.186,,,,,,,,,,,
2024,Municipal,42000233,VIII,6420,La Costa,Ctro. Médico Bo. Juan XXIII,,7.05,3.754,,,,,,,,,,,
2024,Municipal,42000250,VIII,6420,La Costa,C.A.P.S. Bo. Las Quintas,,52.223,8.971,,,,,,,,,,,
2024,Municipal,42000268,VIII,6420,La Costa,C.A.P.S. San Bernardo,0,0,1.501,,,,,,,,,,,
2024,Municipal,42000276,VIII,6420,La Costa,C.A.P.S. Bo. P. J. Rocco,0,5.947,165,,,,,,,,,,,
2024,Municipal,42000292,VIII,6420,La Costa,Ctro. Comunitario B° Parque Golf,,90.776,4.185,,,,,,,,,,,
2024,Municipal,42000306,VIII,6420,La Costa,C.A.P.S. Bo. Barrio San Martín,,6.809,3.056,,,,,,,,,,,
2024,Municipal,42000314,VIII,6420,La Costa,C.A.P.S. Villa Clelia,0,7.106,2.53,,,,,,,,,,,
2024,Municipal,42000331,VIII,6420,La Costa,C.A.P.S. B° Chino,0,10.775,9.659,,,,,,,,,,,
2024,Municipal,47600034,VIII,6476,Lobería,Hosp. Munic. Gaspar Campos,944,75.346,8.399,362,3.953,38.43,105,22.324,"58,1","37,5",19.183,"4,9",115,"2,9"
2024,Municipal,47600042,VIII,6476,Lobería,Ctro. de Salud San Manuel,808,6.481,3.583,,171,2.719,7,328,"12,1","23,0",326,"1,9",3,"1,8"
2024,Municipal,47600051,VIII,6476,Lobería,Unid. Sanit. Tamangueyú,365,4.676,396,,,,,,,,,,,
2024,Municipal,47600093,VIII,6476,Lobería,Unid. Sanit. Bo. Independencia,898,11.25,1.067,,,,,,,,,,,
2024,Municipal,47600123,VIII,6476,Lobería,Unid. Sanit. Bo. San Martín,970,18.838,1.068,,,,,,,,,,,
2024,Municipal,47600131,VIII,6476,Lobería,Unid. Sanit. Virgen de Itatí Escuela N° 3,,13.393,1.456,,,,,,,,,,,
2024,Municipal,47600140,VIII,6476,Lobería,Sala Ramón Carrillo,778,8.652,1.095,,,,,,,,,,,
2024,Municipal,51100003,VIII,6511,Maipú,"Hogar Geriátrico ""Martin Rappallini""     ",,,,,2,3.66,20,1.615,"32,1","0,1",3,"1,5",0,"0,0"
2024,Municipal,51100011,VIII,6511,Maipú,Hosp. Subz. de Maipú,3.518,62.885,7.988,,2.297,30.363,83,23.68,"78,0","27,6",58.495,"25,5",85,"3,7"
2024,Municipal,51100038,VIII,6511,Maipú,Sala de Pros. Aux. Las Armas,341,9.648,,,,,,,,,,,,
2024,Municipal,51100054,VIII,6511,Maipú,Sala de Pros. Aux. Villa Vanelli,,11.123,,,,,,,,,,,,
2024,Municipal,51100062,VIII,6511,Maipú,Sala de Pros. Aux. Sto. Domingo,254,1.209,,,,,,,,,,,,
2024,Municipal,51100071,VIII,6511,Maipú,Sala de Pros. Aux. Villa Italia,,11.338,,,,,,,,,,,,
2024,Municipal,51100089,VIII,6511,Maipú,Sala de Pros. Aux. Bo. Unión,,10.956,,,,,,,,,,,,
2024,Municipal,51100101,VIII,6511,Maipú,Ctro. Perif. Barrio Belgrano,,11.052,,,,,,,,,,,,
2024,Municipal,51800001,VIII,6518,Mar Chiquita,Centro de Salud Santa Elena,9.458,70.843,5.413,,,,,,,,,,,
2024,Municipal,51800013,VIII,6518,Mar Chiquita,Hosp. Local Gral. G. Tellaeche,,11.002,21.605,,18,13.176,36,13.227,"100,4","0,5",6.374,"354,1",0,"0,0"
2024,Municipal,51800021,VIII,6518,Mar Chiquita,Hosp. Munic. Dr. Aristizabal,41.109,236.068,32.784,,4.328,16.47,45,12.615,"76,6","95,9",10.264,"2,4",38,"0,9"
2024,Municipal,51800030,VIII,6518,Mar Chiquita,Unid. Sanit. Dr. Luis Sagasta,24.051,175.438,24.834,,1.881,4.758,13,3.904,"82,1","144,3",3.905,"2,1",6,"0,3"
2024,Municipal,51800048,VIII,6518,Mar Chiquita,Unid. Sanit. Santa Clara del Mar,47.91,251.646,35.952,,,,,,,,,,,
2024,Municipal,51800056,VIII,6518,Mar Chiquita,Unid. Sanit. Dr. G. Tellaeche,17.786,97.709,17.432,,,,,,,,,,,
2024,Municipal,51800072,VIII,6518,Mar Chiquita,Unid. Sanit. Balneario  Mar Chiquita,,71.664,,,,,,,,,,,,
2024,Municipal,51800081,VIII,6518,Mar Chiquita,Hogar de Ancianos Emilia Moutier,,13.246,13.544,,14,19.398,53,18.554,"95,6","0,3",5.467,"390,5",0,"0,0"
2024,Municipal,51800099,VIII,6518,Mar Chiquita,Unid. Sanit. Santa Elena,12.627,89.888,7.189,,,,,,,,,,,
2024,Municipal,51800111,VIII,6518,Mar Chiquita,Unid. Sanit. Mar de Cobo,21.793,116.67,10.22,,,,,,,,,,,
2024,Municipal,51800132,VIII,6518,Mar Chiquita,Centro Integrador Comunitario-CIC,,34.437,6.505,,,,,,,,,,,
2024,Municipal,51800136,VIII,6518,Mar Chiquita,Policonsultorio Municipal,,108.253,,,,,,,,,,,,
2024,Municipal,58100001,VIII,6581,Necochea,Consultorio Integral en Adolescencia,,1.407,2.584,,,,,,,,,,,
2024,Municipal,58100004,VIII,6581,Necochea,Posta Sanitaria Villa zabala,,1.147,296,,,,,,,,,,,
2024,Municipal,58100017,VIII,6581,Necochea,Unid. Sanit. de Claráz,257,3.304,325,,12,5.856,16,4.112,"70,2","0,7",2.911,"242,6",3,"25,0"
2024,Municipal,58100025,VIII,6581,Necochea,Hosp. Munic. N. Cattoni,599,10.962,1.172,,93,7.32,20,5.1,"69,7","4,6",7.442,"80,0",21,"22,6"
2024,Municipal,58100033,VIII,6581,Necochea,Unid. Sanit. La Dulce,536,12.769,2.445,,101,8.052,22,4.776,"59,3","4,6",3.227,"32,0",11,"10,9"
2024,Municipal,58100076,VIII,6581,Necochea,Hosp. Munic. Dr. Emilio Ferreyra,21.282,412.966,58.573,37.452,6.529,29.976,82,19.317,"64,4","79,5",19.261,"3,0",215,"3,3"
2024,Municipal,58100092,VIII,6581,Necochea,Unid. Sanit. R. Santamarina,0,2.614,212,,,,,,,,,,,
2024,Municipal,58100203,VIII,6581,Necochea,Ctro. Periférico Nº 1 ,,6.351,3.151,,,,,,,,,,,
2024,Municipal,58100211,VIII,6581,Necochea,Hosp. Subz. Gral. José Irurzún,6.164,56.693,10.966,3.161,561,7.32,20,2.911,"39,8","28,0",2.812,"5,0",37,"6,6"
2024,Municipal,58100220,VIII,6581,Necochea,Consultorio Perif. Bo. Puerto T.J.M. Rico,,2.4,1.548,,,,,,,,,,,
2024,Municipal,58100238,VIII,6581,Necochea,Ctro. de Salud Bo. Norte,,7.239,3.263,,,,,,,,,,,
2024,Municipal,58100246,VIII,6581,Necochea,Ctro. de Salud Bo. Juan B. Flores,,1.534,1.431,,,,,,,,,,,
2024,Municipal,58100289,VIII,6581,Necochea,Ctro. de Salud Seis  Esquinas,,2.313,2.815,,,,,,,,,,,
2024,Municipal,58100297,VIII,6581,Necochea,Ctro. de Salud Bo. Sudoeste D. Diez,0,3.743,1.836,,,,,,,,,,,
2024,Municipal,58100301,VIII,6581,Necochea,Ctro. de Salud Bo. Sur,1.332,3.399,1.689,,,,,,,,,,,
2024,Municipal,58100319,VIII,6581,Necochea,Sala de Pros. Aux. Rambla,,2.408,,,,,,,,,,,,
2024,Municipal,58100335,VIII,6581,Necochea,Sala de Pros. Aux. de Quequén,,903,,,,,,,,,,,,
2024,Municipal,58100343,VIII,6581,Necochea,Puesto Sanit. Costa Bonita,,1.815,,,,,,,,,,,,
2024,Municipal,58100360,VIII,6581,Necochea,Ctro. Salud Bo. Gral San Martin,1.498,3.648,1.731,,,,,,,,,,,
2024,Municipal,58100386,VIII,6581,Necochea,Ctro. de Salud Madre Teresa de Calcuta,707,2.089,1.886,,,,,,,,,,,
2024,Municipal,58100394,VIII,6581,Necochea,Ctro. de Salud Bo. 9 de Julio,,4.724,2.953,,,,,,,,,,,
2024,Municipal,58100408,VIII,6581,Necochea,Ctro. de Salud Dr. Carlos Fucile,2.396,5.763,3.268,,,,,,,,,,,
2024,Municipal,58100521,VIII,6581,Necochea,Centro Integrador Comunitario,148,4.969,2.497,,,,,,,,,,,
2024,Municipal,64400001,VIII,6644,Pinamar,Caps de Pinamar,,12.576,1.221,,,,,,,,,,,
2024,Municipal,64400002,VIII,6644,Pinamar,Centro de Día de Discapacidad,,995,1.058,,,,,,,,,,,
2024,Municipal,64400010,VIII,6644,Pinamar,Hosp. Comunitario de Pinamar,,193.828,2.523,4.477,3.625,21.228,58,14.477,"63,0","62,3",10.845,"3,0",147,"4,1"
2024,Municipal,64400022,VIII,6644,Pinamar,Sala de Pros. Aux. Valeria del Mar,2.637,58.822,4.904,,,,,,,,,,,
2024,Municipal,64400073,VIII,6644,Pinamar,Sala de Pros. Aux. Ostende,2.379,43.363,14.582,,,,,,,,,,,
2024,Municipal,64400081,VIII,6644,Pinamar,Hogar La Esperanza,,,,,6,4.368,21,777,"17,8","0,3",4.173,"695,5",0,"0,0"
2024,Municipal,64400155,VIII,6644,Pinamar,Centro de Salud Diabet-Pin,,22.025,2.294,,,,,,,,,,,
2024,Municipal,64400161,VIII,6644,Pinamar,Centro de Hidroterapia,,4.49,19.303,,,,,,,,,,,
2024,Municipal,64400162,VIII,6644,Pinamar,CIC Centro Integrador Comunitario,,6.19,2.051,,,,,,,,,,,
2024,Municipal,74200021,VIII,6742,San Cayetano,Hosp. Munic. Alberto Menditeguy,17.541,299.379,39.473,6.951,4.326,11.346,31,11.182,"98,6","139,2",11.191,"2,6",34,"0,8"
2024,Municipal,74200064,VIII,6742,San Cayetano,Hogar de Ancianos El Retiro,,36.228,,,5,12.444,34,12.37,"99,4","0,1",5.81,"1.162,0",3,"60,0"
2024,Municipal,74200072,VIII,6742,San Cayetano,Sala Perif. Villa Balnearia,,54.633,,,,,,,,,,,,
2024,Municipal,74200099,VIII,6742,San Cayetano,Geriátrico Alberto Menditeguy,,36.785,,,11,10.98,30,10.779,"98,2","0,4",11.004,"1.000,4",7,"63,6"
2024,Municipal,74200102,VIII,6742,San Cayetano,Sala Perif. Munic. Alberto Menditeguy,,66.751,,,,,,,,,,,,
2024,Municipal,79100017,VIII,6791,Tandil,C.A.P.S. de Gardey,359,1.611,152,,,,,,,,,,,
2024,Municipal,79100025,VIII,6791,Tandil,Hosp. Munic. E. Rodríguez Larreta,149,5.36,1.092,1,82,15.372,42,8.147,"53,0","1,9",12.012,"146,5",17,"20,7"
2024,Municipal,79100068,VIII,6791,Tandil,Hosp. Munic. Ramón Santamarina,3.156,124.93,15.677,14.41,5.49,35.503,97,32.337,"91,1","56,4",32.219,"5,9",291,"5,3"
2024,Municipal,79100092,VIII,6791,Tandil,C.A.P.S. de Cerro Leones,,1.834,447,,,,,,,,,,,
2024,Municipal,79100122,VIII,6791,Tandil,Sala de Atenc. Primaria Azucena,,244,48,,,,,,,,,,,
2024,Municipal,79100181,VIII,6791,Tandil,C.A.P.S. Unión y Progreso,,294,,,,,,,,,,,,
2024,Municipal,79100271,VIII,6791,Tandil,Ctro. de Salud Las Tunitas,2.034,7.842,837,,,,,,,,,,,
2024,Municipal,79100289,VIII,6791,Tandil,Ctro. de Salud Va. Aguirre,949,5.532,683,,,,,,,,,,,
2024,Municipal,79100297,VIII,6791,Tandil,Centro de Salud Comunitaria Selvetti,848,2.973,664,,,,,,,,,,,
2024,Municipal,79100301,VIII,6791,Tandil,C.A.P.S. E. Olivero,2.839,7.416,1.156,,,,,,,,,,,
2024,Municipal,79100319,VIII,6791,Tandil,C.A.P.S. Gral. Belgrano,990,5.745,701,,,,,,,,,,,
2024,Municipal,79100327,VIII,6791,Tandil,Ctro. de Salud Bo. Metalúrgico,,2.679,819,,,,,,,,,,,
2024,Municipal,79100343,VIII,6791,Tandil,Sala de Atenc. Primaria Fulton,,269,43,,,,,,,,,,,
2024,Municipal,79100378,VIII,6791,Tandil,Sala de Atenc. Primaria Bo. Maggiori,1.39,3.604,530,,,,,,,,,,,
2024,Municipal,79100386,VIII,6791,Tandil,C.A.P.S. L. de la Torre,1.604,2.805,0,,,,,,,,,,,
2024,Municipal,79100394,VIII,6791,Tandil,Ctro. de Salud San Cayetano,1.485,5.399,557,,,,,,,,,,,
2024,Municipal,79100408,VIII,6791,Tandil,Centro de Salud Comunitaria Villa Italia Norte,739,6.075,1.007,,,,,,,,,,,
2024,Municipal,79100416,VIII,6791,Tandil,Sala de Atenc. Primaria de la Salud Iraola,,34,18,,,,,,,,,,,
2024,Municipal,79100432,VIII,6791,Tandil,Sala de Atenc. Primaria de la Salud De La Canal,,266,66,,,,,,,,,,,
2024,Municipal,79100459,VIII,6791,Tandil,Servicio de Neumotisiología,,,,,22,15.308,42,14.242,"93,0","0,5",25.34,"1.151,8",7,"31,8"
2024,Municipal,79100475,VIII,6791,Tandil,Servicio de Neumotisiología,,,,,11,5.512,15,6.097,"110,6","0,7",3.872,"352,0",0,"0,0"
2024,Municipal,79100521,VIII,6791,Tandil,Servicio de Neumotisiología,999,5.323,587,,,,,,,,,,,
2024,Municipal,79100530,VIII,6791,Tandil,Servicio de Neumotisiología,896,3.046,1.051,,,,,,,,,,,
2024,Municipal,79100751,VIII,6791,Tandil,Servicio de Neumotisiología,,3.168,648,,,,,,,,,,,
2024,Municipal,79100769,VIII,6791,Tandil,Servicio de Neumotisiología,2.068,64.152,1.719,3.383,1.451,16.836,46,4.936,"29,3","31,5",5.619,"3,9",4,"0,3"
2024,Municipal,86800010,VIII,6868,Villa Gesell,Hosp. Zonal Esp. Odontología y Ortodoncia Dr. J. U. Carrea,21.66,402.476,23.952,,4.412,14.319,39,11.29,"78,8","112,5",12.36,"2,8",160,"3,6"
2024,Municipal,86800075,VIII,6868,Villa Gesell,Hosp. Zonal Esp. Odontología y Ortodoncia Dr. J. U. Carrea,,21.433,12.228,,,,,,,,,,,
2024,Municipal,86800083,VIII,6868,Villa Gesell,Hosp. Zonal Esp. Odontología y Ortodoncia Dr. J. U. Carrea,,26.042,16.024,,,,,,,,,,,
2024,Municipal,86800091,VIII,6868,Villa Gesell,Hosp. Zonal Esp. Odontología y Ortodoncia Dr. J. U. Carrea,,24.114,12.181,,,,,,,,,,,
2024,Municipal,86800105,VIII,6868,Villa Gesell,Hosp. Zonal Esp. Odontología y Ortodoncia Dr. J. U. Carrea,,37.05,16.154,,,,,,,,,,,
2024,Municipal,4900051,IX,6049,Azul,Hosp. Munic. Dr. Angel Pintos,18.832,384.067,27.448,8.364,5.192,33.672,92,26.688,"79,3","56,3",24.414,"4,7",336,"6,5"
2024,Municipal,4900077,IX,6049,Azul,Hosp. Munic. Dr. J. Casella Solá,1.798,18.416,1.636,,562,10.248,28,5.986,"58,4","20,0",4.068,"7,2",22,"3,9"
2024,Municipal,4900085,IX,6049,Azul,Hosp. Local Gral. Dr. Horacio Ferro,301,8.989,,,229,12.444,34,5.035,"40,5","6,7",4.697,"20,5",14,"6,1"
2024,Municipal,4900263,IX,6049,Azul,Unid. Sanit. Nº 5 Dr. M. J. Inza,3.385,20.338,6.16,,,,,,,,,,,
2024,Municipal,4900271,IX,6049,Azul,Unid. Sanit. N° 6 C. De Paula,2.88,45.55,14.059,,,,,,,,,,,
2024,Municipal,4900280,IX,6049,Azul,Unid. Sanit. N° 7,,81.379,13.081,,,,,,,,,,,
2024,Municipal,4900298,IX,6049,Azul,Unid. Sanit. Nº 4 Dr. J. Iturria,1.272,33.338,6.755,,,,,,,,,,,
2024,Municipal,4900301,IX,6049,Azul,Unid. Sanit. Nº 3 Madre Teresa de Calcuta,2.311,26.972,10.455,,,,,,,,,,,
2024,Municipal,4900310,IX,6049,Azul,Unid. Sanit. Nº 2 San José,2.357,38.816,14.144,,,,,,,,,,,
2024,Municipal,4900328,IX,6049,Azul,Unid. Sanit. Nº 1 Dr. E. Moguillauny,1.707,26.202,13.864,,,,,,,,,,,
2024,Municipal,4900336,IX,6049,Azul,Ctro. Perif. N° 10 16 de Julio,,1.528,718,,,,,,,,,,,
2024,Municipal,4900344,IX,6049,Azul,Unid. Sanit. N° 9 Dr. G. Ibazeta,1.168,37.029,18.262,,,,,,,,,,,
2024,Municipal,4900352,IX,6049,Azul,Unid. Sanit. N° 8 San Pantaleón,2.034,26.284,13.307,,,,,,,,,,,
2024,Municipal,4900361,IX,6049,Azul,Unid. Sanit. N° 11 Madre Teresa de Calcuta,,14.145,1.744,,,,,,,,,,,
2024,Municipal,4900379,IX,6049,Azul,Unid. Sanit. N° 12 Sagrado Corazón de Jesús,15,13.627,4.015,,,,,,,,,,,
2024,Municipal,4900484,IX,6049,Azul,Unidad Sanitaria Nº 13 Barrio El Sol,2.563,34.197,20.585,,,,,,,,,,,
2024,Municipal,8400010,IX,6084,Benito Juárez,Unid. Sanit. de Barker,1.063,14.632,70,,,,,,,,,,,
2024,Municipal,8400028,IX,6084,Benito Juárez,Ente Descent. Hosp. Dr. A. Saintout,4.753,119.922,1.943,,4.944,19.764,54,10.987,"55,6","91,3",10.578,"2,1",144,"2,9"
2024,Municipal,8400052,IX,6084,Benito Juárez,Sala Dr. Ramón Carrillo,,9.083,793,,,,,,,,,,,
2024,Municipal,8400061,IX,6084,Benito Juárez,Sala Estación López,,3.342,,,,,,,,,,,,
2024,Municipal,8400079,IX,6084,Benito Juárez,Sala Tedin Uriburu,,3.577,,,,,,,,,,,,
2024,Municipal,8400087,IX,6084,Benito Juárez,Hogar de Ancianos C. Zibecchi,,,,,15,27.084,74,27.417,"101,2","0,2",10.532,"702,1",3,"20,0"
2024,Municipal,8400095,IX,6084,Benito Juárez,Sala Don J. Báez,,6.391,581,,,,,,,,,,,
2024,Municipal,8400117,IX,6084,Benito Juárez,Sala Dra. Cecilia Grierson,,4.499,467,,,,,,,,,,,
2024,Municipal,8400125,IX,6084,Benito Juárez,Sala F. Anuncibay,918,10.268,,,,,,,,,,,,
2024,Municipal,8400141,IX,6084,Benito Juárez,Unid. Sanit. Cnel. R. Bunge,,951,,,,,,,,,,,,
2024,Municipal,8400184,IX,6084,Benito Juárez,Centro de Salud Mental Meditar,,,,,,,,2.76,,#¡NUM!,,#¡NUM!,,#¡NUM!
2024,Municipal,8400192,IX,6084,Benito Juárez,CAPS René Favaloro,,897,,,,,,,,,,,,
2024,Municipal,8400193,IX,6084,Benito Juárez,CAPS DR. VICTOR ESTEBAN RIGANTI,,10.752,8.11,,,,,,,,,,,
2024,Municipal,10500001,IX,6105,Bolívar,Geriátrico Filomena Achaga,,,,,25,10.248,28,9.774,"95,4","0,9",4.927,"197,1",0,"0,0"
2024,Municipal,10500005,IX,6105,Bolívar,Casa Hogar Nuestra Señora de Luján,,,,,6,8.784,24,8.771,"99,9","0,2",1.516,"252,7",0,"0,0"
2024,Municipal,10500021,IX,6105,Bolívar,Hosp. Subz. Gral. Dr. M. A. Capredoni ,10.967,150.038,8.826,186,6.084,42.822,117,25.674,"52,8","51,9",22.612,"3,7",213,"3,5"
2024,Municipal,10500030,IX,6105,Bolívar,Unid. Sanit. de Hale,1.642,7.784,,,,,,,,,,,,
2024,Municipal,10500048,IX,6105,Bolívar,Hosp. Munic. de Pirovano,2.376,17.791,4.969,,267,5.856,16,1.464,"25,0","16,6",1.861,"7,0",4,"1,5"
2024,Municipal,10500056,IX,6105,Bolívar,Hosp. Munic. Juana G. de Miguens,3.519,18.063,3.973,,335,10.98,30,1.265,"11,5","11,1",1.265,"3,8",19,"5,7"
2024,Municipal,10500137,IX,6105,Bolívar,Unid. Sanit. Juan Nuñez Díaz,,165,,,,,,,,,,,,
2024,Municipal,10500145,IX,6105,Bolívar,Unid. Sanit. de Paula,,287,,,,,,,,,,,,
2024,Municipal,10500161,IX,6105,Bolívar,Unid. Sanit. Urdampilleta,,11.141,,,,,,,,,,,,
2024,Municipal,10500170,IX,6105,Bolívar,C.A.P.S. Dr. J. M. Tonelli,,15.225,,,,,,,,,,,,
2024,Municipal,10500188,IX,6105,Bolívar,Unid. Sanit. Dr. F. Zaccardi,,14.862,,,,,,,,,,,,
2024,Municipal,10500196,IX,6105,Bolívar,C.A.P.S. Pompeya,,14.822,,,,,,,,,,,,
2024,Municipal,10500200,IX,6105,Bolívar,Unid. Sanit. José A. Bucca ,,14.914,,,,,,,,,,,,
2024,Municipal,10500218,IX,6105,Bolívar,C.A.P.S. de Unzué,,419,,,,,,,,,,,,
2024,Municipal,10500226,IX,6105,Bolívar,C.A.P.S. Dr. F. Ravassi,,14.911,,,,,,,,,,,,
2024,Municipal,10500234,IX,6105,Bolívar,C.A.P.S. Dr. W. González,,12.306,,,,,,,,,,,,
2024,Municipal,10500242,IX,6105,Bolívar,Geriátrico Casa Hogar Bolivar,,,,,15,10.98,30,10.942,"99,7","0,5",5.589,"372,6",1,"6,7"
2024,Municipal,10500251,IX,6105,Bolívar,C.A.P.S. Dr. Bo. Cooperativa de la Vivienda,,11.099,,,,,,,,,,,,
2024,Municipal,10500277,IX,6105,Bolívar,Ctro. de Rehabilitación Intergral CRIB,,6.098,37.104,,7,2.562,7,2.533,"98,9","1,0",2.533,"361,9",0,"0,0"
2024,Municipal,10500285,IX,6105,Bolívar,Ctro. Integral de Odontopediatría,17.921,,,,,,,,,,,,,
2024,Municipal,10500307,IX,6105,Bolívar,Centro de salud municipal Dr. Renee Favaloro,,4.662,,,,,,,,,,,,
2024,Municipal,10500336,IX,6105,Bolívar,Geriátrico Madre Teresa de Calcuta,,,,,8,4.758,13,4.746,"99,7","0,6",1.907,"238,4",1,"12,5"
2024,Municipal,10500350,IX,6105,Bolívar,Centro de salud municipal Barrio Colombo,,4.645,,,,,,,,,,,,
2024,Municipal,28700010,IX,6287,General Alvear,Hosp. Munic. Bernardino Rivadavia,1.663,58.203,10.249,,2.562,14.64,40,5.22,"35,7","63,9",5.235,"2,0",63,"2,5"
2024,Municipal,28700028,IX,6287,General Alvear,Unid. Sanit. José Fernández,0,7.889,0,,,,,,,,,,,
2024,Municipal,28700036,IX,6287,General Alvear,Unid. de Atenc. Primaria de Villa Belgrano,0,4.115,0,,,,,,,,,,,
2024,Municipal,28700044,IX,6287,General Alvear,Ctro. de Apoyo Barrio Obrero,856,7.411,0,,,,,,,,,,,
2024,Municipal,28700052,IX,6287,General Alvear,Hogar de Ancianos Abuelos Alvearenses,,8.085,8.168,,36,11.712,32,11.316,"96,6","1,1",11.646,"323,5",1,"2,8"
2024,Municipal,28700083,IX,6287,General Alvear,Centro de Desarrollo Barrio San Antonio,,3.418,0,,,,,,,,,,,
2024,Municipal,32200021,IX,6322,General La Madrid,Hosp. Munic. M. Etchegaray,11.022,133.935,60.83,,5.033,33.672,92,22.438,"66,6","54,6",11.67,"2,3",66,"1,3"
2024,Municipal,32200030,IX,6322,General La Madrid,Servicio de Salud Mental Dr. E. Mañay,476,5.105,155,,13,8.052,22,5.86,"72,8","0,6",6.716,"516,6",4,"30,8"
2024,Municipal,32200056,IX,6322,General La Madrid,Unid. Sanit. Las Martinetas,,13.183,6.86,,,,,,,,,,,
2024,Municipal,32200064,IX,6322,General La Madrid,Unid. Sanit. Líbano,991,15.674,18.969,,,,,,,,,,,
2024,Municipal,32200072,IX,6322,General La Madrid,Unid. Sanit. Villa Florida,,12.839,12.204,,,,,,,,,,,
2024,Municipal,32200099,IX,6322,General La Madrid,Unid. Sanit. Bo. Fonavi,,12.63,16.425,,,,,,,,,,,
2024,Municipal,32200102,IX,6322,General La Madrid,Unid. Sanit. Pontaut,,6.52,5.594,,,,,,,,,,,
2024,Municipal,32200111,IX,6322,General La Madrid,Unid. de Atenc. Primaria Bo Autogestión Constructiva,,14.442,15.325,,,,,,,,,,,
2024,Municipal,32200129,IX,6322,General La Madrid,Sala de Atención Prim. Barrio Chino,,12.517,14.329,,,,,,,,,,,
2024,Municipal,32200145,IX,6322,General La Madrid,Geriátrico Relikia,,22.501,5.461,,10,4.392,12,3.206,"73,0","0,8",2.034,"203,4",0,"0,0"
2024,Municipal,44800016,IX,6448,Laprida,Hosp. Dr. Pedro S. Sancholuz,5.33,121.636,31.064,,1.912,40.12,110,27.932,"69,6","17,4",38.72,"20,3",86,"4,5"
2024,Municipal,44800024,IX,6448,Laprida,Unid. Sanit. San Jorge,4.312,18.777,6.315,,,,,,,,,,,
2024,Municipal,44800032,IX,6448,Laprida,Unid. Sanit. Pedro Avila,4.11,18.77,5.068,,,,,,,,,,,
2024,Municipal,44800059,IX,6448,Laprida,Sala Comunitaria Ramón Carrillo,4.017,19.229,6.395,,,,,,,,,,,
2024,Municipal,44800075,IX,6448,Laprida,CAPS Malvinas Argentina,2.865,18.091,5.315,,,,,,,,,,,
2024,Municipal,44800081,IX,6448,Laprida,CAPS ESTELA,2.74,9.642,8.801,,,,,,,,,,,
2024,Municipal,45500001,IX,6455,Las Flores,CAPS Dr. Ramon Carrillo,,4.216,720,,,,,,,,,,,
2024,Municipal,45500105,IX,6455,Las Flores,Unid. Sanit. Villa Pardo,190,768,0,,,,,,,,,,,
2024,Municipal,45500113,IX,6455,Las Flores,Unid. Sanit. El Trigo,188,1.301,0,,,,,,,,,,,
2024,Municipal,45500121,IX,6455,Las Flores,Unid. Sanit. Bo. Traut,1.698,2.909,590,,,,,,,,,,,
2024,Municipal,45500130,IX,6455,Las Flores,Unid. Sanit. Bo. 25 de Mayo,,5.456,188,,,,,,,,,,,
2024,Municipal,45500148,IX,6455,Las Flores,Unid. Sanit. Bo. Solidaridad,,4.167,0,,,,,,,,,,,
2024,Municipal,45500156,IX,6455,Las Flores,Unid. Sanit. Rosas,,385,,,,,,,,,,,,
2024,Municipal,45500164,IX,6455,Las Flores,Centro de Atención Primaria Dardo Décima,1.889,5.739,292,,,,,,,,,,,
2024,Municipal,59500019,IX,6595,Olavarría,Unid. Sanit. Nº 13 Blanca Grande,,1.504,,,,,,,,,,,,
2024,Municipal,59500027,IX,6595,Olavarría,Hosp. Local Esp. en Psiquiat. de Hinojo,1.588,22.015,576,1,334,9.15,25,6.964,"76,1","13,3",6.816,"20,4",0,"0,0"
2024,Municipal,59500078,IX,6595,Olavarría,Hosp. Munic. Dr. Héctor Cura,12.76,812.339,62.389,23.199,8.952,50.076,137,33.897,"67,7","65,3",32.21,"3,6",552,"6,2"
2024,Municipal,59500094,IX,6595,Olavarría,Unid. Sanit. Nº 3 Amoroso,,10.93,246,,,,,,,,,,,
2024,Municipal,59500116,IX,6595,Olavarría,Unid. Sanit. Nº 14 Recalde,129,9.927,0,,,,,,,,,,,
2024,Municipal,59500124,IX,6595,Olavarría,Unid. Sanit. Nº 9 San Miguel,,1.805,,,,,,,,,,,,
2024,Municipal,59500167,IX,6595,Olavarría,Hosp. Local Munic. de Espigas,189,10.62,17,4,21,10.012,27,2.351,"23,5","0,8",1.666,"79,3",0,"0,0"
2024,Municipal,59500281,IX,6595,Olavarría,Unid. Sanit. N° 15 Santa Luisa,,662,,,,,,,,,,,,
2024,Municipal,59500299,IX,6595,Olavarría,Unid. Sanit. N° 10,,,,,,,,,,,,,,
2024,Municipal,59500302,IX,6595,Olavarría,Unid. Sanit. Nº 2 Sarmiento,1.134,15.185,120,,,,,,,,,,,
2024,Municipal,59500311,IX,6595,Olavarría,Unid. Sanit. Nº 1 Obrero,1.947,17.738,640,,,,,,,,,,,
2024,Municipal,59500329,IX,6595,Olavarría,Unid. Sanit. Nº 11 Rufino Fal,,,,,,,,,,,,,,
2024,Municipal,59500337,IX,6595,Olavarría,Unid. Sanit. Nº 12 Bo. CECO,492,10.158,60,,,,,,,,,,,
2024,Municipal,59500345,IX,6595,Olavarría,Unid. Sanit. Nº 5 Irigoyen,2.578,30.129,1.24,,,,,,,,,,,
2024,Municipal,59500353,IX,6595,Olavarría,Unid. Sanit. Nº 4 Sierra Chica,1.17,9.512,561,,,,,,,,,,,
2024,Municipal,59500451,IX,6595,Olavarría,Unid. Sanit. Nº 6 12 de Octubre,,8.362,453,,,,,,,,,,,
2024,Municipal,59500469,IX,6595,Olavarría,Unid. Sanit. Nº 21 Loma Negra,1.549,13.018,218,,,,,,,,,,,
2024,Municipal,59500477,IX,6595,Olavarría,Unid. Sanit. Nº 7 Independencia,12,18.097,138,,,,,,,,,,,
2024,Municipal,59500507,IX,6595,Olavarría,Unid. Sanit. Nº 20 Bo. AOMA,329,3.673,103,,,,,,,,,,,
2024,Municipal,59500515,IX,6595,Olavarría,Unid. Sanit. N° 8 10 de Junio,401,20.591,578,,,,,,,,,,,
2024,Municipal,59500523,IX,6595,Olavarría,Unid. Sanit. Nº 22 Villa Mailin,800,18.318,448,,,,,,,,,,,
2024,Municipal,59500531,IX,6595,Olavarría,Unid. Sanit. Nº 17 Damaso Arce,,5.973,91,,,,,,,,,,,
2024,Municipal,59500540,IX,6595,Olavarría,Unid. Sanit. Nº 18 Alberdi,1.429,23.21,839,,,,,,,,,,,
2024,Municipal,59500566,IX,6595,Olavarría,Unid. Sanit. Nº 19 Colonia Hinojo,,581,,,,,,,,,,,,
2024,Municipal,59500582,IX,6595,Olavarría,Unid. Sanit. N° 16 Va. Magdalena,,8.392,625,,,,,,,,,,,
2024,Municipal,59500591,IX,6595,Olavarría,Hosp. Munic. Sierras Bayas A. Iglesias,545,14.055,122,0,82,1.575,4,90,"5,7","19,0",96,"1,2",0,"0,0"
2024,Municipal,59500647,IX,6595,Olavarría,Unid. Sanit. N° 23 Belén,,9.202,195,,,,,,,,,,,
2024,Municipal,59500663,IX,6595,Olavarría,Unid. Sanit. N° 25 ACUPO,,12.13,197,,,,,,,,,,,
2024,Municipal,59500671,IX,6595,Olavarría,Unid. Sanit. N° 26 Lourdes,3.038,19.687,294,,,,,,,,,,,
2024,Municipal,59500680,IX,6595,Olavarría,Unid. Sanit. N° 27 CIC,1.312,15.107,717,,,,,,,,,,,
2024,Municipal,67200016,IX,6672,Rauch,Unid. Sanit. Miranda,,1.12,,,,,,,,,,,,
2024,Municipal,67200017,IX,6672,Rauch,Hogar para personas con Discapacidad,,,,,3,7.32,20,3.16,"43,2","0,1",543,"181,0",0,"0,0"
2024,Municipal,67200024,IX,6672,Rauch,Hosp. Munic. Gral. E. Díaz Vélez,13.712,57.431,12.236,,2.917,31.842,87,14.697,"46,2","33,4",18.131,"6,2",100,"3,4"
2024,Municipal,67200067,IX,6672,Rauch,Ctro. Comunitario N° 1,,6.715,807,,,,,,,,,,,
2024,Municipal,67200075,IX,6672,Rauch,Unid. Sanit. Colman,,1.134,,,,,,,,,,,,
2024,Municipal,67200083,IX,6672,Rauch,Ctro. Comunitario N° 2,,4.642,392,,,,,,,,,,,
2024,Municipal,67200091,IX,6672,Rauch,Ctro. Comunitario N° 3,,5.528,482,,,,,,,,,,,
2024,Municipal,79800001,IX,6797,Tapalqué,Servicio de Neumotisiología,,3.716,1.947,,,,,,,,,,,
2024,Municipal,79800019,IX,6798,Tapalqué,Servicio de Neumotisiología,128,1.773,,,,,,,,,,,,
2024,Municipal,79800027,IX,6798,Tapalqué,Servicio de Neumotisiología,1.274,44.064,8.995,,1.974,21.96,60,12.367,"56,3","32,8",11.127,"5,6",59,"3,0"
2024,Municipal,79800043,IX,6798,Tapalqué,Servicio de Neumotisiología,72,1.834,91,,,,,,,,,,,
2024,Municipal,79800060,IX,6798,Tapalqué,Servicio de Neumotisiología,,,,,25,10.98,30,8.127,"74,0","0,8",7.948,"317,9",0,"0,0"
2024,Municipal,79800078,IX,6798,Tapalqué,Servicio de Neumotisiología,,,,,7,19.764,54,11.218,"56,8","0,1",6.43,"918,6",0,"0,0"
2024,Municipal,79800086,IX,6798,Tapalqué,Servicio de Neumotisiología,,171,6.404,,,,,,,,,,,
2024,Municipal,79800108,IX,6798,Tapalqué,Servicio de Neumotisiología,,6.918,1.409,,,,,,,,,,,
2024,Municipal,2100014,X,6021,Alberti,Hosp. Munic. Ntra. Sra. de la Merced,7.891,90.366,436,,3.223,15.738,43,11.024,"70,0","74,7",8.56,"2,7",56,"1,7"
2024,Municipal,2100031,X,6021,Alberti,Unid. Sanit. Coronel Monn,2.964,11.609,,,,,,,,,,,,
2024,Municipal,2100065,X,6021,Alberti,Sala de Pros. Aux. Coronel Seguí,,9.642,,,,,,,,,,,,
2024,Municipal,2100073,X,6021,Alberti,Unid. Sanit. Achupallas,,10.072,,,,,,,,,,,,
2024,Municipal,2100081,X,6021,Alberti,Sala de Pros. Aux. Plá,,8.108,,,,,,,,,,,,
2024,Municipal,2100172,X,6021,Alberti,Hogar Geriátrico Municipal de Coronel Mom,,,,,1,2.928,8,3.453,"117,9","0,1",146,"146,0",1,"100,0"
2024,Municipal,2100173,X,6021,Alberti,Hogar Geriátrico Municipal de Mechita,,,,,1,3.658,10,3.635,"99,4","0,1",397,"397,0",1,"100,0"
2024,Municipal,2100179,X,6021,Alberti,Hogar Geriátrico Amigos de la Ancianidad,,,,,7,14.64,40,14.922,"101,9","0,2",6.188,"884,0",2,"28,6"
2024,Municipal,11200021,X,6112,Bragado,Hosp. Munic. San Luis,2.799,277.755,23.17,,4.138,25.62,70,26.064,"101,7","59,0",28.131,"6,8",211,"5,1"
2024,Municipal,11200048,X,6112,Bragado,Unid. Sanit. Comodoro Py,489,6.991,367,,,,,,,,,,,
2024,Municipal,11200056,X,6112,Bragado,Unid. Sanit. O` Brien,498,12.602,537,,402,5.856,16,6.021,"102,8","25,1",7.489,"18,6",2,"0,5"
2024,Municipal,11200064,X,6112,Bragado,Unid. Sanit. de Olascoaga,257,6.792,232,,0,4.758,13,4.716,"99,1","0,0",0,,0,
2024,Municipal,11200081,X,6112,Bragado,Unid. Sanit. de Warnes,421,6.215,360,,,,,,,,,,,
2024,Municipal,11200099,X,6112,Bragado,Unid. Sanit. de Irala,462,5.653,,,,,,,,,,,,
2024,Municipal,11200145,X,6112,Bragado,Sala de Pros. Aux. Fátima,745,12.492,2.727,,,,,,,,,,,
2024,Municipal,11200153,X,6112,Bragado,Sala de Pros. Aux. Santa Marta,1.24,8.709,1.549,,,,,,,,,,,
2024,Municipal,11200161,X,6112,Bragado,Sala de Pros. Aux. Las Violetas,1.022,10.815,1.433,,,,,,,,,,,
2024,Municipal,11200170,X,6112,Bragado,Sala de Pros. Aux. El Bajo,1.448,14.812,2.138,,,,,,,,,,,
2024,Municipal,11200188,X,6112,Bragado,Unid. Sanit. Salado Sur,1.103,11.849,1.002,,,,,,,,,,,
2024,Municipal,11200196,X,6112,Bragado,Sala de Pros. Aux. 25 de Mayo,,13.472,1.018,,,,,,,,,,,
2024,Municipal,11200234,X,6112,Bragado,Sala de Pros. Aux. La Curva,984,15.177,1.76,,,,,,,,,,,
2024,Municipal,11200242,X,6112,Bragado,Sala de Pros. Aux. Entre Ríos Norte,,12.785,1.876,,,,,,,,,,,
2024,Municipal,11200269,X,6112,Bragado,Hogar Nuevo,,,,,11,21.228,58,21.78,"102,6","0,2",6.417,"583,4",7,"63,6"
2024,Municipal,22400022,X,6224,Chivilcoy,Hosp. Munic. de Chivilcoy,6.057,206.966,18.95,,5.714,43.203,118,21.618,"50,0","48,3",21.127,"3,7",309,"5,4"
2024,Municipal,22400049,X,6224,Chivilcoy,Unid. Sanit. Moquehuá,240,29.051,2.947,,169,7.32,20,4.763,"65,1","8,4",2.973,"17,6",6,"3,6"
2024,Municipal,22400057,X,6224,Chivilcoy,Dispensario R. Biaus,,2.979,268,,,,,,,,,,,
2024,Municipal,22400146,X,6224,Chivilcoy,Dispensario Bo. Sur,3.079,28.491,3.179,,,,,,,,,,,
2024,Municipal,22400154,X,6224,Chivilcoy,Dispensario Mariano Moreno,,13.555,1.271,,,,,,,,,,,
2024,Municipal,22400162,X,6224,Chivilcoy,Dispensario Gorostiaga,,503,603,,,,,,,,,,,
2024,Municipal,22400197,X,6224,Chivilcoy,Dispensario Benítez,,212,70,,,,,,,,,,,
2024,Municipal,22400201,X,6224,Chivilcoy,Dispensario La Unión,3.137,22.674,1.491,,,,,,,,,,,
2024,Municipal,22400219,X,6224,Chivilcoy,Dispensario Bo. El Pito,,4.828,14.105,,,,,,,,,,,
2024,Municipal,22400227,X,6224,Chivilcoy,Dispensario San Sebastián,,151,0,,,,,,,,,,,
2024,Municipal,22400251,X,6224,Chivilcoy,Dispensario Bo. Rigone,,2.959,1.306,,,,,,,,,,,
2024,Municipal,22400260,X,6224,Chivilcoy,Dispensario José Ingenieros,,2.945,173,,,,,,,,,,,
2024,Municipal,22400278,X,6224,Chivilcoy,Dispensario Bo. San José,,18.519,1.125,,,,,,,,,,,
2024,Municipal,22400286,X,6224,Chivilcoy,Dispensario Florentino Ameghino,,324,,,,,,,,,,,,
2024,Municipal,22400294,X,6224,Chivilcoy,Dispensario Emilio Ayarza,,265,51,,,,,,,,,,,
2024,Municipal,22400316,X,6224,Chivilcoy,Dispensario La Rica,,151,,,,,,,,,,,,
2024,Municipal,22400326,X,6224,Chivilcoy,Dispensario Nueva Aurora,,18.282,465,,,,,,,,,,,
2024,Municipal,22400332,X,6224,Chivilcoy,Hogar Geriátrico Municipal San José,,,,,5,14.274,39,14.216,"99,6","0,1",6.675,"1.335,0",3,"60,0"
2024,Municipal,22400341,X,6224,Chivilcoy,Dispensario Palemón Huergo,,213,0,,,,,,,,,,,
2024,Municipal,22400400,X,6224,Chivilcoy,CAPS San Donato,,14.52,565,,,,,,,,,,,
2024,Municipal,22400467,X,6224,Chivilcoy,CAPS  INDACOCHEA,,148,4,,,,,,,,,,,
2024,Municipal,22400470,X,6224,Chivilcoy,Hogar Nuestra Señora del Carmen,,,,,5,12.078,33,3.93,"32,5","0,2",302,"60,4",1,"20,0"
2024,Municipal,48300042,X,6483,Lobos,Sala de Pros. Aux. A. Carboni,1.593,11.785,,,,,,,,,,,,
2024,Municipal,48300051,X,6483,Lobos,Sala de Pros. Aux. Empalme Lobos,,18.653,,,,,,,,,,,,
2024,Municipal,48300069,X,6483,Lobos,Sala de Pros. Aux. Zapiola,,13.476,,,,,,,,,,,,
2024,Municipal,48300077,X,6483,Lobos,Sala de Pros. Aux. Laguna de Lobos,1.647,13.868,,,,,,,,,,,,
2024,Municipal,48300093,X,6483,Lobos,Sala de Pros. Aux. Salvador María,1.616,16.054,,,,,,,,,,,,
2024,Municipal,48300123,X,6483,Lobos,Sala de Pros. Aux. Las Chacras J. Amado,,11.868,,,,,,,,,,,,
2024,Municipal,48300131,X,6483,Lobos,Sala de Primeros Auxilios Elvira,,12.704,,,,,,,,,,,,
2024,Municipal,48300175,X,6483,Lobos,CAPS Las Tosquitas,,11.917,,,,,,,,,,,,
2024,Municipal,48300176,X,6483,Lobos,CAPS Celeste y Blanco,,2.622,,,,,,,,,,,,
2024,Municipal,53200013,X,6532,Mercedes,C.A.P.S. Luis Agote,,3.916,420,,,,,,,,,,,
2024,Municipal,53200072,X,6532,Mercedes,C.A.P.S. Tomás Jofré,,607,,,,,,,,,,,,
2024,Municipal,53200081,X,6532,Mercedes,C.A.P.S. Los Blandengues,,4.384,599,,,,,,,,,,,
2024,Municipal,53200102,X,6532,Mercedes,C.A.P.S. San José,0,3.46,136,,,,,,,,,,,
2024,Municipal,53200129,X,6532,Mercedes,C.A.P.S. Martín Güemes,989,7.455,1.305,,,,,,,,,,,
2024,Municipal,53200137,X,6532,Mercedes,C.A.P.S. San Martín,,229,145,,,,,,,,,,,
2024,Municipal,53200153,X,6532,Mercedes,C.A.P.S. H. Irigoyen,,1.146,662,,,,,,,,,,,
2024,Municipal,53200161,X,6532,Mercedes,C.A.P.S. San Francisco,,2.78,250,,,,,,,,,,,
2024,Municipal,53200188,X,6532,Mercedes,C.A.P.S. Trocha,,2.334,480,,,,,,,,,,,
2024,Municipal,53200196,X,6532,Mercedes,C.A.P.S. Peñaloza,,0,0,,,,,,,,,,,
2024,Municipal,53200200,X,6532,Mercedes,C.A.P.S. F. Quiroga,,0,0,,,,,,,,,,,
2024,Municipal,53200234,X,6532,Mercedes,C.A.P.S. José Hernández,,193,2.342,,,,,,,,,,,
2024,Municipal,53200242,X,6532,Mercedes,C.A.P.S. Lomas del Pacífico,,2.87,356,,,,,,,,,,,
2024,Municipal,53200251,X,6532,Mercedes,CAPS Los Duraznos,,2.559,501,,,,,,,,,,,
2024,Municipal,53200269,X,6532,Mercedes,Centro Integrador Comunitario (CIC),3.87,6.107,2.663,,,,,,,,,,,
2024,Municipal,53200277,X,6532,Mercedes,CAPS Goldney,,381,,,,,,,,,,,,
2024,Municipal,53200366,X,6532,Mercedes,C.A.P.S. Los Robles,,1.146,240,,,,,,,,,,,
2024,Municipal,53200374,X,6532,Mercedes,CAPS San Antonio,,1.563,311,,,,,,,,,,,
2024,Municipal,53200391,X,6532,Mercedes,C.A.P.S. Altamira,233,1.471,88,,,,,,,,,,,
2024,Municipal,53200404,X,6532,Mercedes,Hogar Geriátrico Clotilde,,8.167,1.222,,17,8.784,24,7.584,"86,3","0,7",4.546,"267,4",3,"17,6"
2024,Municipal,53200412,X,6532,Mercedes,Centro de Atención Primaria de la Salud Barrio Marchetti,,1.009,521,,,,,,,,,,,
2024,Municipal,53200436,X,6532,Mercedes,C.A.P.S. Adultos Mayores,,,837,,,,,,,,,,,
2024,Municipal,53200437,X,6532,Mercedes,Hogar Municipal Ulises D'Andrea,,,,,10,8.052,22,5.853,"72,7","0,5",3.973,"397,3",0,"0,0"
2024,Municipal,57400017,X,6574,Navarro,Sala de Pros. Aux. Las Marianas,,4.435,,,,,,,,,,,,
2024,Municipal,57400025,X,6574,Navarro,Unid. Sanit. Villa Moll,1.173,4.07,,,,,,,,,,,,
2024,Municipal,57400033,X,6574,Navarro,Hosp. Munic. San Antonio de Padua,3.918,139.27,24.756,,4.105,13.908,38,8.569,"61,6","107,7",8.845,"2,2",108,"2,6"
2024,Municipal,57400050,X,6574,Navarro,Sala de Pros. Aux. J.J. Almeyra,,3.989,,,,,,,,,,,,
2024,Municipal,57400068,X,6574,Navarro,Sala de Pros. Aux. P. Pietranera,3.874,,,,,,,,,,,,,
2024,Municipal,57400076,X,6574,Navarro,Hogar de Ancianos Inm. Corazón de María,,,1.886,,24,14.64,40,12.668,"86,5","0,6",12.49,"520,4",3,"12,5"
2024,Municipal,57400084,X,6574,Navarro,Centro de Atención Primaria de la Salud Sol de Mayo,,1.036,,,,,,,,,,,,
2024,Municipal,57400092,X,6574,Navarro,Sala de Pros. Aux. El Porvenir,,,,,,,,,,,,,,
2024,Municipal,57400106,X,6574,Navarro,Centro de Atención Primaria de la Salud La Blanqueada,,623,,,,,,,,,,,,
2024,Municipal,57400114,X,6574,Navarro,Centro de Atención Primaria de la Salud La Laguna,,889,,,,,,,,,,,,
2024,Municipal,57400122,X,6574,Navarro,Centro de Atención Primaria de la Salud Barrio 05 Nuestra Señora del Carmen,,5.153,,,,,,,,,,,,
2024,Municipal,57400131,X,6574,Navarro,Centro de Atención Primaria de la Salud Barrio Marín,,4.754,,,,,,,,,,,,
2024,Municipal,57400157,X,6574,Navarro,Centro de Atención Primaria de la Salud Ramón Carrillo,,7.458,,,,,,,,,,,,
2024,Municipal,69300018,X,6693,Roque Pérez,Hosp. Munic.Dr. R. Carrillo,130.8,156.817,8.697,,1.58,18.422,50,5.388,"29,2","31,3",4.988,"3,2",68,"4,3"
2024,Municipal,69300051,X,6693,Roque Pérez,Unid. Sanit. Dr. C. Bozano,9.05,4.111,1.299,,,,,,,,,,,
2024,Municipal,69300069,X,6693,Roque Pérez,Sala de Pros. Aux. Dr. J. Alvarez Ceballos ,6.85,3.672,,,,,,,,,,,,
2024,Municipal,69300077,X,6693,Roque Pérez,Hogar de Ancianos San Juan Bautista,,,,,51,18.3,50,17.025,"93,0","1,0",35.316,"692,5",12,"23,5"
2024,Municipal,70700011,X,6707,Saladillo,Unid. Sanit. del Carril,477,3.525,1.12,,3,1.588,4,3,"0,2","0,7",3,"1,0",0,"0,0"
2024,Municipal,70700062,X,6707,Saladillo,C.A.P.S. Polvaredas,207,1.015,237,,,,,,,,,,,
2024,Municipal,70700089,X,6707,Saladillo,C.A.P.S. Cazón,92,789,167,,,,,,,,,,,
2024,Municipal,70700097,X,6707,Saladillo,C.A.P.S. Alvarez de Toledo,124,530,318,,,,,,,,,,,
2024,Municipal,70700101,X,6707,Saladillo,C.A.P.S. Saavedra,240,1.667,1.637,,,,,,,,,,,
2024,Municipal,70700127,X,6707,Saladillo,C.A.P.S. Saladillo Norte,177,938,343,,,,,,,,,,,
2024,Municipal,70700135,X,6707,Saladillo,C.A.P.S. San Roque,399,1.845,2.168,,,,,,,,,,,
2024,Municipal,70700151,X,6707,Saladillo,C.A.P.S. 31 de Julio,149,838,828,,,,,,,,,,,
2024,Municipal,70700160,X,6707,Saladillo,C.A.P.S. Asencio Ibarbia,437,2.73,2.659,,,,,,,,,,,
2024,Municipal,70700186,X,6707,Saladillo,C.A.P.S. Hilario Armendariz,377,1.718,1.594,,,,,,,,,,,
2024,Municipal,70700283,X,6707,Saladillo,C.A.P.S Móvil Dra. Mabel Santiago,187,620,,,,,,,,,,,,
2024,Municipal,78400025,X,6784,Suipacha,Hosp. Munic. Esteban Iribarne,4.555,213.228,15.479,,2.19,17.598,48,5.633,"32,0","45,4",5.42,"2,5",54,"2,5"
2024,Municipal,78400050,X,6784,Suipacha,Unid. Sanit. de Gral. Rivas,755,2.488,1.273,,,,,,,,,,,
2024,Municipal,78400068,X,6784,Suipacha,Sala de Pros. Aux. Las 14 Provincias,,0,,,,,,,,,,,,
2024,Municipal,78400076,X,6784,Suipacha,Sala de Pros. Aux. Suipacha Chico,,332,,,,,,,,,,,,
2024,Municipal,78400084,X,6784,Suipacha,Sala de Pros. Aux. Costa Brava,,323,,,,,,,,,,,,
2024,Municipal,78400092,X,6784,Suipacha,Sala de Pros. Aux. Ramón Báez,,,,,,,,,,,,,,
2024,Municipal,78400106,X,6784,Suipacha,Asociación Hogar de Ancianos de Suipacha,,,,,5,13.176,36,10.924,"82,9","0,1",1.748,"349,6",1,"20,0"
2024,Municipal,85400014,X,6854,25 de Mayo,UPA 16,5.132,16.276,5.588,,,,,,,,,,,
2024,Municipal,85400022,X,6854,25 de Mayo,UPA 16,7.03,19.569,,7.698,87,7.32,20,7.185,"98,2","4,3",5.441,"62,5",0,"0,0"
2024,Municipal,85400031,X,6854,25 de Mayo,UPA 16,5.461,11.626,6.268,,,,,,,,,,,
2024,Municipal,85400073,X,6854,25 de Mayo,UPA 16,11.967,97.166,25.78,20.88,1.354,9.15,25,4.201,"45,9","54,0",5.378,"4,0",22,"1,6"
2024,Municipal,85400081,X,6854,25 de Mayo,UPA 16,6.026,13.755,6.6,14.979,,,,,,,,,,
2024,Municipal,85400090,X,6854,25 de Mayo,UPA 16,5.771,17.654,3.569,,,,,,,,,,,
2024,Municipal,85400120,X,6854,25 de Mayo,UPA 16,46.76,302.573,62.413,372.435,4.753,21.228,58,15.454,"72,8","81,7",15.832,"3,3",103,"2,2"
2024,Municipal,85400162,X,6854,25 de Mayo,UPA 16,6.172,17.265,3.659,,,,,,,,,,,
2024,Municipal,85400197,X,6854,25 de Mayo,UPA 16,,15.681,9.048,,,,,,,,,,,
2024,Municipal,85400201,X,6854,25 de Mayo,UPA 16,,16.746,12.156,,,,,,,,,,,
2024,Municipal,85400260,X,6854,25 de Mayo,UPA 16,4.557,8.012,2.877,,,,,,,,,,,
2024,Municipal,85400286,X,6854,25 de Mayo,UPA 16,,15.288,9.065,,,,,,,,,,,
2024,Municipal,85400308,X,6854,25 de Mayo,UPA 16,,17.741,8.349,,,,,,,,,,,
2024,Municipal,85400380,X,6855,26 de Mayo,UPA 16,,2.687,3.207,,,,,,,,,,,
2024,Municipal,9800011,XI,6098,Berisso,Unid. Sanit. Nº 16,5.222,2.979,1.969,,,,,,,,,,,
2024,Municipal,9800020,XI,6098,Berisso,Unid. Sanit. Nº 35,1.945,8.038,1.532,,,,,,,,,,,
2024,Municipal,9800038,XI,6098,Berisso,Unid. Sanit. Nº 19,1.05,3.704,1.479,,,,,,,,,,,
2024,Municipal,9800046,XI,6098,Berisso,Unid. Sanit. Nº 41 ,1.669,3.318,2.563,,,,,,,,,,,
2024,Municipal,9800160,XI,6098,Berisso,Unid. Sanit. Nº 42 ,4.245,7.724,1.645,,,,,,,,,,,
2024,Municipal,9800178,XI,6098,Berisso,Unid. Sanit. Nº 43 ,2.187,5.119,5.228,,,,,,,,,,,
2024,Municipal,9800194,XI,6098,Berisso,Dispensario Tetamanti,718,5.207,1.702,,,,,,,,,,,
2024,Municipal,9800208,XI,6098,Berisso,Unid. Sanit. Los Talas,283,327,399,,,,,,,,,,,
2024,Municipal,9800216,XI,6098,Berisso,Unid. Sanit. Nº 44 ,1.687,6.029,2.051,,,,,,,,,,,
2024,Municipal,9800259,XI,6098,Berisso,Unid. Sanit. Escuela Nº 18,,2.658,890,,,,,,,,,,,
2024,Municipal,9800275,XI,6098,Berisso,Unid. Sanit. Nº 17,1.318,5.913,1.395,,,,,,,,,,,
2024,Municipal,13400015,XI,6134,Cañuelas,Ente Descentralizado Hospital Dr. Angel Marzetti,1.985,66.064,15.808,,2.795,19.398,53,7.79,"40,2","52,6",7.724,"2,8",71,"2,5"
2024,Municipal,13400058,XI,6134,Cañuelas,Unid. Sanit. Sag. C. de Jesús Máximo Paz,683,13.766,611,,,,,,,,,,,
2024,Municipal,13400066,XI,6134,Cañuelas,Unid. Sanit. Uribelarrea,133,1.507,,,,,,,,,,,,
2024,Municipal,13400091,XI,6134,Cañuelas,Unid. Sanit. A. Pettion,166,2.3,,,,,,,,,,,,
2024,Municipal,13400104,XI,6134,Cañuelas,Unid. Sanit. Eva Perón Los Pozos,0,3.378,,,,,,,,,,,,
2024,Municipal,13400112,XI,6134,Cañuelas,Unid. Sanit. Santa Rosa,311,6.868,,,,,,,,,,,,
2024,Municipal,13400121,XI,6134,Cañuelas,Unid. Sanit. Vte. Casares,299,976,,,,,,,,,,,,
2024,Municipal,13400147,XI,6134,Cañuelas,Unid. Sanit. P. T. Gandia Gdor. Udaondo,0,2.178,,,,,,,,,,,,
2024,Municipal,13400155,XI,6134,Cañuelas,Dirección de Reconocimientos Médicos,,1.294,,,,,,,,,,,,
2024,Municipal,13400163,XI,6134,Cañuelas,Equipo Móvil de Salud,,0,,,,,,,,,,,,
2024,Municipal,16800019,XI,6168,Castelli,Hosp. Local Dr.Ramón Carrillo,7.917,126.329,10.294,,1.646,20.496,56,4.56,"22,1","29,3",4.347,"2,6",76,"4,6"
2024,Municipal,16800027,XI,6168,Castelli,Unid. Sanit. Cerro de La Gloria,,1.195,,,,,,,,,,,,
2024,Municipal,16800035,XI,6168,Castelli,Unid. Sanit. Dr. Atilio Villa Ctro. Guerrero,,1.054,,,,,,,,,,,,
2024,Municipal,16800043,XI,6168,Castelli,Hogar de Ancianos Genoveva Liforena de Aldáz,,,,,36,11.346,31,11.144,"98,2","1,2",15.648,"434,7",2,"5,6"
2024,Municipal,21800014,XI,6218,Chascomús,Hosp. San Vicente de Paul,3.074,176.262,20.036,,2.915,23.112,63,12.475,"54,0","46,0",18.565,"6,4",201,"6,9"
2024,Municipal,21800081,XI,6218,Chascomús,Ctro. Perif. de Atenc. Primaria Bo. Jardín,,1.256,332,,,,,,,,,,,
2024,Municipal,21800090,XI,6218,Chascomús,Unid. Sanit. Gallo Blanco B. F. Moreno,1.005,2.061,2.093,,,,,,,,,,,
2024,Municipal,21800103,XI,6218,Chascomús,Unid. Sanit. Bo. El Porteño,,1.08,551,,,,,,,,,,,
2024,Municipal,21800111,XI,6218,Chascomús,Hogar de Ancianos Elena Helbert de Estefanell,,4.36,7.24,,51,32.94,90,20.225,"61,4","0,6",27.091,"531,2",3,"5,9"
2024,Municipal,21800120,XI,6218,Chascomús,Unid. Sanit. Roque Carranza,,1.571,1.054,,,,,,,,,,,
2024,Municipal,21800138,XI,6218,Chascomús,Unid. Sanit. Bo. Iporá,,1.495,370,,,,,,,,,,,
2024,Municipal,21800189,XI,6218,Chascomús,CIC Dr. Horacio Quintín Bo. 30 de Mayo,966,3.137,5.867,,,,,,,,,,,
2024,Municipal,11900015,XI,6119,Brandsen,Unid. Sanit. Altamirano,1.014,3.344,1.07,,,,,,,,,,,
2024,Municipal,11900031,XI,6119,Brandsen,Hosp. Munic. Dr. Francisco Caram,1.42,37.291,8.22,,2.358,10.012,27,8.531,"85,2","86,0",8.991,"3,8",56,"2,4"
2024,Municipal,11900040,XI,6119,Brandsen,Unid. Sanit. Oliden,1.071,2.122,,,,,,,,,,,,
2024,Municipal,11900082,XI,6119,Brandsen,Unid. Sanit. Gómez,1.118,3.576,3.555,,,,,,,,,,,
2024,Municipal,11900091,XI,6119,Brandsen,Unid. Sanit. Jéppener,1.315,3.929,3.973,,,,,,,,,,,
2024,Municipal,11900104,XI,6119,Brandsen,Unid. Sanit. La Posada,1.049,2.349,,,,,,,,,,,,
2024,Municipal,11900112,XI,6119,Brandsen,Unid. Sanit. Las Mandarinas,1.63,8.985,5.592,,,,,,,,,,,
2024,Municipal,11900121,XI,6119,Brandsen,Unid. Sanit. La Dolly,,3.436,4.656,,,,,,,,,,,
2024,Municipal,11900139,XI,6119,Brandsen,Centro de Atención Primaria de la Salud Las Acacias,1.09,3.347,3.159,,,,,,,,,,,
2024,Municipal,11900147,XI,6119,Brandsen,Centro de Atención Primaria de la Salud Las Golondrinas,1.056,3.419,2.135,,,,,,,,,,,
2024,Municipal,11900171,XI,6119,Brandsen,Móvil de Asistencia Sanitaria Integral ASI,,,,,,,,,,,,,,
2024,Municipal,11900180,XI,6119,Brandsen,Unid. Sanit. Los Pinos,,3.881,6.784,,,,,,,,,,,
2024,Municipal,11900198,XI,6119,Brandsen,Unid. Sanit. La Parada,1.032,3.439,1.019,,,,,,,,,,,
2024,Municipal,23800024,XI,6238,Dolores,Unid. Hospitalaria San Roque,2.505,368.697,11.055,,12.72,32.574,89,22.808,"70,0","142,5",22.833,"1,8",35,"0,3"
2024,Municipal,23800067,XI,6238,Dolores,Sala de Atenc. Primaria N° 4,,15.61,,,,,,,,,,,,
2024,Municipal,23800075,XI,6238,Dolores,Sala de Atenc. Primaria N° 1,,35.047,1.638,,,,,,,,,,,
2024,Municipal,23800083,XI,6238,Dolores,Sala de Atenc. Primaria N° 2 Dr. César Uliana,,34.864,1.281,,,,,,,,,,,
2024,Municipal,23800091,XI,6238,Dolores,Sala de Atenc. Primaria N° 3,,30.597,3.672,,,,,,,,,,,
2024,Municipal,23800105,XI,6238,Dolores,Hogar de Ancianos Dominga F. de Peñoñori,,,,,32,8.784,24,8.201,"93,4","1,3",37.235,"1.163,6",0,"0,0"
2024,Municipal,23800156,XI,6238,Dolores,CAPS Nº 5 Peñoñori,,9.535,,,,,,,,,,,,
2024,Municipal,23800165,XI,6238,Dolores,Centro de Atención Primaria N° 6,,12.484,,,,,,,,,,,,
2024,Municipal,24500018,XI,6245,Ensenada,Unidad Sanitaria Padre Carlos Cajade,4.277,31.988,15.571,,,,,,,,,,,
2024,Municipal,24500024,XI,6245,Ensenada,Unid. Sanit. Nº 184 ,3.355,33.936,17.996,,,,,,,,,,,
2024,Municipal,24500032,XI,6245,Ensenada,Unid. Sanit. Nº 80 ,4.073,33.47,11.639,,,,,,,,,,,
2024,Municipal,24500148,XI,6245,Ensenada,Unid. Sanit. N° 101 Dr. C. Arce,5.455,33.451,15.864,,,,,,,,,,,
2024,Municipal,24500156,XI,6245,Ensenada,Unid. Sanit. Nº 298,4.681,33.908,23.316,,,,,,,,,,,
2024,Municipal,24500164,XI,6245,Ensenada,Unid. Sanit. Río Santiago,,16.481,,,,,,,,,,,,
2024,Municipal,24500199,XI,6245,Ensenada,Unid. Sanit. 1° de Mayo,357,,,,,,,,,,,,,
2024,Municipal,24500202,XI,6245,Ensenada,Unid. Sanit. Bo. Mosconi,4.309,31.983,10.762,,,,,,,,,,,
2024,Municipal,24500211,XI,6245,Ensenada,Unid. Sanit. Bo. Molino,4.452,18.823,11.077,,,,,,,,,,,
2024,Municipal,24500229,XI,6245,Ensenada,Unid. Sanit. 5 de Mayo,,,,,,,,,,,,,,
2024,Municipal,24500342,XI,6245,Ensenada,Unid. Sanit. Centro,5.867,42.026,23.187,,,,,,,,,,,
2024,Municipal,24500369,XI,6245,Ensenada,Unid. Sanit. Campamento,4.381,17.213,11.736,,,,,,,,,,,
2024,Municipal,24500393,XI,6245,Ensenada,Centro Integrador Comunitario El Dique,4.718,31.799,15.578,,,,,,,,,,,
2024,Municipal,24500466,XI,6245,Ensenada,Unidad Sanitaria Malvinas Argentinas,4.208,20.423,15.432,,,,,,,,,,,
2024,Municipal,24500505,XI,6245,Ensenada,Hospital Municipal de Punta Lara,,14.264,7.245,,108,8.634,24,5.903,"68,4","4,6",4.237,"39,2",5,"4,6"
2024,Municipal,24500519,XI,6245,Ensenada,Unidad Sanitaria  María Emma Córdoba,4.193,24.515,21.505,,,,,,,,,,,
2024,Municipal,30100011,XI,6301,General Belgrano,Hosp. Munic. Juan E. de la Fuente,6.241,129.515,16.027,,3.418,26.767,73,25.679,"95,9","46,6",28.986,"8,5",109,"3,2"
2024,Municipal,30100038,XI,6301,General Belgrano,Unid. Sanit. de Gorchs,1.546,8.38,1.91,,,,,,,,,,,
2024,Municipal,30100054,XI,6301,General Belgrano,Unid. Sanit. Jesús Crucificado,1.505,18.83,3.815,,,,,,,,,,,
2024,Municipal,30100062,XI,6301,General Belgrano,Unid. Sanit. J. J. Lombardi,1.49,19.127,2.239,,,,,,,,,,,
2024,Municipal,30100071,XI,6301,General Belgrano,Unid. Sanit. Dr. Ramón Carrillo,2.623,20.067,3.968,,,,,,,,,,,
2024,Municipal,30100089,XI,6301,General Belgrano,Unid. Sanit. Ricardo Callegari,,14.523,3.415,,,,,,,,,,,
2024,Municipal,30100097,XI,6301,General Belgrano,Hogar San Joaquín,862,21.804,4.02,,11,10.98,30,6.322,"57,6","0,4",5.149,"468,1",0,"0,0"
2024,Municipal,34300015,XI,6343,General Paz,Unid. Sanit. Loma Verde,3.932,18.73,6.351,,,,,,,,,,,
2024,Municipal,34300031,XI,6343,General Paz,Hosp. J. Scasso y M. Scasso de Campomar,14.496,130.263,17.449,15.884,3.249,31.232,86,23.341,"74,7","38,0",22.035,"6,8",83,"2,6"
2024,Municipal,34300040,XI,6343,General Paz,Unid. Sanit. Villanueva,2.943,17.105,7.203,,,,,,,,,,,
2024,Municipal,34300066,XI,6343,General Paz,Sala Barrio Nuevo,,5.281,8,,,,,,,,,,,
2024,Municipal,34300074,XI,6343,General Paz,Sala La Pilarica,,3.224,,,,,,,,,,,,
2024,Municipal,34300105,XI,6343,General Paz,C.I.C.Néstor Kirchner,,4.963,1.362,,,,,,,,,,,
2024,Municipal,44100022,XI,6441,La Plata,Ctro. de Salud Nº 1,3.409,72.638,1.752,,,,,,,,,,,
2024,Municipal,44100057,XI,6441,La Plata,Ctro. de Salud Nº 3,1.108,67.277,1.754,,,,,,,,,,,
2024,Municipal,44100065,XI,6441,La Plata,Ctro. de Salud Nº 9,2.514,90.431,1.923,,,,,,,,,,,
2024,Municipal,44100073,XI,6441,La Plata,Ctro. de Salud Nº 6,3.395,76.983,2.214,,,,,,,,,,,
2024,Municipal,44100111,XI,6441,La Plata,Ctro. de Salud Nº 4,1.941,125.069,2.123,,,,,,,,,,,
2024,Municipal,44100146,XI,6441,La Plata,Ctro. de Salud Nº 7,2.692,85.662,3.523,,,,,,,,,,,
2024,Municipal,44100171,XI,6441,La Plata,Lab. Central Ctro. de Salud N° 40 Sanidad Municipal,,99.604,,,,,,,,,,,,
2024,Municipal,44100219,XI,6441,La Plata,Ctro. de Salud Nº 8,2.063,93.211,2.068,,,,,,,,,,,
2024,Municipal,44100235,XI,6441,La Plata,Ctro. de Salud Nº 15,917,80.919,2.752,,,,,,,,,,,
2024,Municipal,44100243,XI,6441,La Plata,Ctro. de Salud 16,3.124,71.571,2.567,,,,,,,,,,,
2024,Municipal,44101029,XI,6441,La Plata,Ctro. de Salud Nº 10,1.146,81.816,1.97,,,,,,,,,,,
2024,Municipal,44101037,XI,6441,La Plata,Ctro. de Salud Nº 11,1.796,84.986,744,,,,,,,,,,,
2024,Municipal,44101061,XI,6441,La Plata,Ctro. de Salud Nº 5,2.341,69.085,1.82,,,,,,,,,,,
2024,Municipal,44101070,XI,6441,La Plata,Ctro. de Salud Nº 12,1.575,64.922,2.761,,,,,,,,,,,
2024,Municipal,44101223,XI,6441,La Plata,Ctro. de Salud Nº 2,1.3,66.687,2.865,,,,,,,,,,,
2024,Municipal,44101347,XI,6441,La Plata,Ctro. de Salud Nº 14 ,1.706,68.37,2.992,,,,,,,,,,,
2024,Municipal,44101355,XI,6441,La Plata,Ctro. de Salud Nº 17 ,1.691,83.268,2.197,,,,,,,,,,,
2024,Municipal,44101363,XI,6441,La Plata,Ctro. de Salud Nº l8 ,1.849,65.436,2.603,,,,,,,,,,,
2024,Municipal,44101371,XI,6441,La Plata,Ctro. de Salud Nº l9 ,2.737,46.514,1.401,,,,,,,,,,,
2024,Municipal,44101380,XI,6441,La Plata,Ctro. de Salud Nº 20 ,2.709,67.504,2.085,,,,,,,,,,,
2024,Municipal,44101398,XI,6441,La Plata,Ctro. de Salud Nº 21 ,2.495,78.898,1.501,,,,,,,,,,,
2024,Municipal,44101401,XI,6441,La Plata,Ctro. de Salud Nº 25 ,2.229,87.331,2.428,,,,,,,,,,,
2024,Municipal,44101410,XI,6441,La Plata,Ctro. de Salud Nº 23 A. Etcheverry,300,80.55,1.429,,,,,,,,,,,
2024,Municipal,44101444,XI,6441,La Plata,Ctro. de Salud Nº 24 ,2.564,73.695,1.26,,,,,,,,,,,
2024,Municipal,44101461,XI,6441,La Plata,Ctro. de Salud Nº 27,4.55,80.463,2.964,,,,,,,,,,,
2024,Municipal,44101479,XI,6441,La Plata,Ctro. de Salud Nº 26,2.455,78.709,2.385,,,,,,,,,,,
2024,Municipal,44102114,XI,6441,La Plata,Ctro. de Salud Nº 22 ,323,19.99,,,,,,,,,,,,
2024,Municipal,44102131,XI,6441,La Plata,Ctro. de Salud Nº 28 ,2.224,67.532,2.153,,,,,,,,,,,
2024,Municipal,44102149,XI,6441,La Plata,Ctro. de Salud Nº 29,2.259,37.128,1.457,,,,,,,,,,,
2024,Municipal,44102157,XI,6441,La Plata,Ctro. de Salud Nº 30,,159.92,16.862,,,,,,,,,,,
2024,Municipal,44102165,XI,6441,La Plata,Ctro. de Prev. VIH/SIDA y Enf. de T. Sexual Ctro.N° 13,,52.54,1.636,,,,,,,,,,,
2024,Municipal,44102319,XI,6441,La Plata,Ctro. de Salud Nº 31 ,1.832,63.075,,,,,,,,,,,,
2024,Municipal,44102327,XI,6441,La Plata,Ctro. de Salud Nº 33,,79.174,4.695,,,,,,,,,,,
2024,Municipal,44102335,XI,6441,La Plata,Ctro. de Salud Nº 34,1.821,76.259,1.61,,,,,,,,,,,
2024,Municipal,44102340,XI,6441,La Plata,Ctro. de Salud Nº 32 ,1.276,77.106,982,,,,,,,,,,,
2024,Municipal,44102358,XI,6441,La Plata,Ctro. de Salud Nº 35,1.541,75.885,1.707,,,,,,,,,,,
2024,Municipal,44102421,XI,6441,La Plata,Ctro. de Salud Nº 36,1.902,76.971,1.67,,,,,,,,,,,
2024,Municipal,44102501,XI,6441,La Plata,Ctro. de Salud Nº 38 ,3.054,61.018,2.178,,,,,,,,,,,
2024,Municipal,44102510,XI,6441,La Plata,Ctro. de Salud Nº 37 ,4.017,81.229,2.563,,,,,,,,,,,
2024,Municipal,44102781,XI,6441,La Plata,Ctro. de Salud Nº 39 y Hogar de An. Dardo Rocha,,53.902,271,,2,11.346,31,10.588,"93,3","0,1",682,"341,0",0,"0,0"
2024,Municipal,44105420,XI,6441,La Plata,Ctro. de Salud N° 41,1.543,73.491,2.601,,,,,,,,,,,
2024,Municipal,44105566,XI,6441,La Plata,Ctro. de Salud N° 42,2.547,64.273,3.669,,,,,,,,,,,
2024,Municipal,44105574,XI,6441,La Plata,Ctro. de Salud N° 43,1.828,58.863,2.465,,,,,,,,,,,
2024,Municipal,44106042,XI,6441,La Plata,CAPS Nº 45 Centro Integrador Comunitario,4.883,72.224,1.997,,,,,,,,,,,
2024,Municipal,44106636,XI,6441,La Plata,Centro de Salud Nº 44,6.849,80.672,2.393,,,,,,,,,,,
2024,Municipal,44106970,XI,6441,La Plata,CAPS Nº 46,3.98,56.812,1.23,,,,,,,,,,,
2024,Municipal,46600049,XI,6466,Lezama,Hosp. Municipal Quijano,7.104,86.219,34.116,3.795,477,18.3,50,11.957,"65,3","9,5",10.772,"22,6",27,"5,7"
2024,Municipal,46600154,XI,6466,Lezama,CAPS San Patricio,1.172,15.205,7.933,,,,,,,,,,,
2024,Municipal,46600179,XI,6466,Lezama,Hogar Geriátrico Celina Girard,,,,,18,5.856,16,5.438,"92,9","1,1",6.662,"370,1",2,"11,1"
2024,Municipal,50500011,XI,6505,Magdalena,Unid. Sanit. Dr. F. López Arbuco,6.582,59.396,41.502,,,,,,,,,,,
2024,Municipal,50500020,XI,6505,Magdalena,Unid. Sanit. Dr. René Favaloro,15.194,241.419,38.128,,,,,,,,,,,
2024,Municipal,50500038,XI,6505,Magdalena,Hosp. Subz. Santa María Magdalena,28.041,1.005.915,98.524,101.436,1.67,24.888,68,12.132,"48,7","24,5",23.098,"13,8",85,"5,1"
2024,Municipal,50500054,XI,6505,Magdalena,Unid. Sanit. Dr. J. D. Irigoyen,4.952,45.794,19.697,,,,,,,,,,,
2024,Municipal,50500143,XI,6505,Magdalena,Unid. Sanit. Pje. El Pino,3.29,23.224,30.212,,,,,,,,,,,
2024,Municipal,50500178,XI,6505,Magdalena,Ctro. Comunitario Roberto Payró,,8.653,21.658,,,,,,,,,,,
2024,Municipal,50500194,XI,6505,Magdalena,Ctro. de Salud Empalme Magdalena,,24.279,22.2,,,,,,,,,,,
2024,Municipal,54700044,XI,6547,Monte,Centro de Salud Francisco A. Berra,490,22.655,1.756,,,,,,,,,,,
2024,Municipal,54700052,XI,6547,Monte,Unid. Sanit. Abbot,580,27.284,945,,,,,,,,,,,
2024,Municipal,54700061,XI,6547,Monte,Unid. Sanit. Zenón Videla Dorna,,15.787,1.598,,,,,,,,,,,
2024,Municipal,54700079,XI,6547,Monte,Unid. Sanit. San Francisco  de Asís,1.007,33.59,3.461,,,,,,,,,,,
2024,Municipal,54700087,XI,6547,Monte,Unid. Sanit. San Cayetano,963,32.561,1.733,,,,,,,,,,,
2024,Municipal,63000012,XI,6630,Pila,Hosp. Munic. de Pila,8.966,230.142,74.605,,241,15.372,42,6.753,"43,9","5,7",8.523,"35,4",11,"4,6"
2024,Municipal,63000021,XI,6630,Pila,Sala de Primeros Auxilios La Victoria,,,,,,,,,,,,,,
2024,Municipal,63000039,XI,6630,Pila,Unid. Sanit. Casalins,,806,130,,,,,,,,,,,
2024,Municipal,64800025,XI,6648,Presidente Perón,C.A.P.S. Guernica,,76.359,44.716,,,,,,,,,,,
2024,Municipal,64800068,XI,6648,Presidente Perón,C.A.P.S. Va. Numancia,,73.403,37.916,,,,,,,,,,,
2024,Municipal,64800084,XI,6648,Presidente Perón,C.A.P.S. Parque Americano,,73.826,42.002,,,,,,,,,,,
2024,Municipal,64800114,XI,6648,Presidente Perón,C.A.P.S. San Martín,,70.205,40.974,,,,,,,,,,,
2024,Municipal,64800298,XI,6648,Presidente Perón,C.A.P.S. América Unida A. Ilia,,73.455,43.782,,,,,,,,,,,
2024,Municipal,64800484,XI,6648,Presidente Perón,C.A.P.S. La Lata,,18.075,13.834,,,,,,,,,,,
2024,Municipal,64800700,XI,6648,Presidente Perón,Casa de los Abuelos Por los Derechos de al Anc.,,,,,1,4.026,11,2.511,"62,4","0,1",66,"66,0",0,"0,0"
2024,Municipal,64800718,XI,6648,Presidente Perón,Ctro. Odontológico,1.461,,,,,,,,,,,,,
2024,Municipal,64800742,XI,6648,Presidente Perón,C.A.P.S. Dr. R. Matera,,78.365,41.773,,,,,,,,,,,
2024,Municipal,65500062,XI,6655,Punta Indio,Unid. Sanit. Verónica,1.467,258.519,3.154,,,,,,,,,,,
2024,Municipal,65500101,XI,6655,Punta Indio,Unid. Sanit. Pipinas,1.252,220.779,1.925,,,,,,,,,,,
2024,Municipal,65500135,XI,6655,Punta Indio,Unid. Sanit. Punta Indio,1.143,207.761,1.229,,,,,,,,,,,
2024,Municipal,65500712,XI,6655,Punta Indio,Unid. Sanit. Casa del Niño,1.103,130.732,992,,,,,,,,,,,
2024,Municipal,65500721,XI,6655,Punta Indio,Hosp. de la Comunidad Dr. Guillermo Hernández,,308.947,,,962,5.856,16,2.82,"48,2","60,0",2.835,"2,9",32,"3,3"
2024,Municipal,65500747,XI,6655,Punta Indio,Unid. Sanit. La Viruta,883,37.339,419,,,,,,,,,,,
2024,Municipal,65500755,XI,6655,Punta Indio,Unid. Sanit. Alvarez Jonte,,37.056,497,,,,,,,,,,,
2024,Municipal,77800033,XI,6778,San Vicente,Unid. Sanit. Santa Clara,1.765,81.805,1.33,,,,,,,,,,,
2024,Municipal,77800076,XI,6778,San Vicente,Unid. Sanit. A. Korn,5.917,138.712,6.675,,,,,,,,,,,
2024,Municipal,77800131,XI,6778,San Vicente,Unid. Sanit. Pueblo de la Paz,0,89.823,1.828,,,,,,,,,,,
2024,Municipal,81200011,XI,6812,Tordillo,Hosp. Zonal Gral. de Ag. M. V. de Martinez,20.354,38.645,2.284,,352,5.49,15,557,"10,1","23,4",896,"2,5",5,"1,4"
2024,Municipal,81200029,XI,6812,Tordillo,Hosp. Zonal Gral. de Ag. M. V. de Martinez,,460,,,,,,,,,,,,
2024,Municipal,81200037,XI,6812,Tordillo,Hosp. Zonal Gral. de Ag. M. V. de Martinez,,,,,2,5.124,14,2.328,"45,4","0,1",456,"228,0",2,"100,0"
2024,Municipal,42700031,XII,6427,La Matanza,Hospital Materno Infantil Dr. J. Equiza,21.17,107.606,39.59,,2.086,15.438,42,7.383,"47,8","49,3",7.162,"3,4",1,"0,0"
2024,Municipal,42700049,XII,6427,La Matanza,Hospital Local Materno Infantil Dra. Germani,14.097,145.319,55.877,,3.208,37.333,102,10.244,"27,4","31,4",10.295,"3,2",8,"0,2"
2024,Municipal,42700057,XII,6427,La Matanza,Unidad Sanitaria San Carlos,2.175,45.577,3.154,,,,,,,,,,,
2024,Municipal,42700103,XII,6427,La Matanza,Centro de Medicina Física y Rehabilitación C.E.M.E.F.I.R.,,49.536,14.928,,,,,,,,,,,
2024,Municipal,42700111,XII,6427,La Matanza,Centro de Salud Vías Respiratorias,,19.975,3.361,,,,,,,,,,,
2024,Municipal,42700120,XII,6427,La Matanza,Hospital Municipal de Niños de San Justo,13.335,134.794,32.934,,3.8,31.01,85,22.94,"71,1","44,7",21.27,"5,6",19,"0,5"
2024,Municipal,42700138,XII,6427,La Matanza,Policlínico Central,,170.346,6.572,,2.42,15.943,44,5.698,"35,7","55,4",5.946,"2,5",22,"0,9"
2024,Municipal,42700286,XII,6427,La Matanza,Unidad Sanitaria Dr. Roca Oro Verde,9.355,47.998,7.258,,,,,,,,,,,
2024,Municipal,42700294,XII,6427,La Matanza,Centro de Epidemiología y Profilaxis,,144.878,,,,,,,,,,,,
2024,Municipal,42700308,XII,6427,La Matanza,Unidad Sanitaria Dr. F. Giovinazzo,21.635,60.221,6.665,,,,,,,,,,,
2024,Municipal,42700367,XII,6427,La Matanza,Departamento de Medicina Legal,,10.963,,,,,,,,,,,,
2024,Municipal,42700391,XII,6427,La Matanza,Unidad Sanitaria Dr. A. Sakamoto,5.788,48.271,6.146,,,,,,,,,,,
2024,Municipal,42700413,XII,6427,La Matanza,Centro de Salud Mental Dr. M. Tisminetzky,,13.163,11.773,,,,,,,,,,,
2024,Municipal,42700421,XII,6427,La Matanza,Unidad Sanitaria Dr. Ignacio Ezcurra,8.713,40.221,11.117,,,,,,,,,,,
2024,Municipal,42700669,XII,6427,La Matanza,Unidad Sanitaria Dr. Eizaguirre,7.335,61.437,4.161,,,,,,,,,,,
2024,Municipal,42700693,XII,6427,La Matanza,Centro Odontológico Municipal San Justo,58.151,,0,,,,,,,,,,,
2024,Municipal,42700707,XII,6427,La Matanza,Unidad Sanitaria La Tablada,3.327,29.963,1.082,,,,,,,,,,,
2024,Municipal,42700723,XII,6427,La Matanza,Unidad Sanitaria Nº 19 Villa Recondo,12.246,45.43,1.729,,,,,,,,,,,
2024,Municipal,42700740,XII,6427,La Matanza,Unidad Sanitaria Puerto Argentino,2.123,27.708,1.097,,,,,,,,,,,
2024,Municipal,42700758,XII,6427,La Matanza,Sala de Salud Santos Vega,,26.234,331,,,,,,,,,,,
2024,Municipal,42700766,XII,6427,La Matanza,Sala de Salud Nº 16 Las Antenas,9.99,25.187,3.81,,,,,,,,,,,
2024,Municipal,42700782,XII,6427,La Matanza,Sala de 1º Auxilios Roque Pérez 20 de Junio,,5.83,66,,,,,,,,,,,
2024,Municipal,42700804,XII,6427,La Matanza,Sala de Salud Barrio Almafuerte,5.169,24.531,5.498,,,,,,,,,,,
2024,Municipal,42700812,XII,6427,La Matanza,Unidad Sanitaria La Ferrere,1.235,15.345,5.077,,,,,,,,,,,
2024,Municipal,42700821,XII,6427,La Matanza,Sala de Salud Nº 41 Virrey del Pino,3.583,6.266,3.011,,,,,,,,,,,
2024,Municipal,42700839,XII,6427,La Matanza,Unidad Sanitaria Dr. R. Carrillo,3.15,53.983,10.152,,,,,,,,,,,
2024,Municipal,42700855,XII,6427,La Matanza,Sala de Salud Malvinas Argentinas,,0,0,,,,,,,,,,,
2024,Municipal,42700863,XII,6427,La Matanza,Unidad Sanitaria F. Caputto,4.61,8.998,1.203,,,,,,,,,,,
2024,Municipal,42700871,XII,6427,La Matanza,Sala de Salud Esperanza González Catán,,6.222,667,,,,,,,,,,,
2024,Municipal,42700880,XII,6427,La Matanza,Sala de Salud 17 de Agosto,,15.465,1.151,,,,,,,,,,,
2024,Municipal,42700898,XII,6427,La Matanza,Sala de Salud J. Hernández Va. Celina - La Salada,,20.182,1.532,,,,,,,,,,,
2024,Municipal,42700901,XII,6427,La Matanza,Unidad Sanitaria Núcleo Habitacional Nº 19 J. Ingenieros,0,17.386,2.739,,,,,,,,,,,
2024,Municipal,42701126,XII,6427,La Matanza,Centro de Zooantroponosis Dr. José Reboredo,,4.001,,,,,,,,,,,,
2024,Municipal,42701177,XII,6427,La Matanza,Unidad Sanitaria Villa Rebasa,9.437,39.45,4.434,,,,,,,,,,,
2024,Municipal,42701185,XII,6427,La Matanza,Unidad Sanitaria El Tambo,,1.903,268,,,,,,,,,,,
2024,Municipal,42701207,XII,6427,La Matanza,Dirección de Medicina Preventiva,,1.396.114,,,,,,,,,,,,
2024,Municipal,42701312,XII,6427,La Matanza,Unidad Sanitaria San José Obrero,,18.211,3.408,,,,,,,,,,,
2024,Municipal,42701347,XII,6427,La Matanza,Hospital Móvil Municipal Las Casitas,,6.91,679,,,,,,,,,,,
2024,Municipal,42701355,XII,6427,La Matanza,Hospital Móvil Mi Esperanza,3.847,5.33,1.541,,,,,,,,,,,
2024,Municipal,42701371,XII,6427,La Matanza,Puesto Fijo Monseñor Bufano - Latino Awerich,,15.902,2.715,,,,,,,,,,,
2024,Municipal,42701380,XII,6427,La Matanza,Hospital Móvil Don Juan Escuela Nº 32,,14.658,4.039,,,,,,,,,,,
2024,Municipal,42701398,XII,6427,La Matanza,Hospital Móvil Borgward,,11.092,1.193,,,,,,,,,,,
2024,Municipal,42701401,XII,6427,La Matanza,Sala de Salud Nº 22 Eva Perón,4.691,6.998,2.811,,,,,,,,,,,
2024,Municipal,42701410,XII,6427,La Matanza,Sala de Salud Los Pinos Barrio Manzanares G. de Del Giudice,5.232,17.82,1.651,,,,,,,,,,,
2024,Municipal,42701436,XII,6427,La Matanza,Atención Médica en Acción Social,,493.944,,,,,,,,,,,,
2024,Municipal,42701444,XII,6427,La Matanza,Sala de Salud 22 de Enero (Juan XXII),1.463,7.06,237,,,,,,,,,,,
2024,Municipal,42701461,XII,6427,La Matanza,Sala de Salud San Pedro,2.139,0,1.045,,,,,,,,,,,
2024,Municipal,42701479,XII,6427,La Matanza,Unidad Sanitaria Padre Mario,0,4.797,219,,,,,,,,,,,
2024,Municipal,42701487,XII,6427,La Matanza,Centro de Medicina del Deporte,,159.128,,,,,,,,,,,,
2024,Municipal,42701495,XII,6427,La Matanza,Puesto Fijo La Foresta,,6.464,774,,,,,,,,,,,
2024,Municipal,42701509,XII,6427,La Matanza,Puesto Fijo Los Ceibos,7.43,7.626,1.515,,,,,,,,,,,
2024,Municipal,42701517,XII,6427,La Matanza,Puesto Fijo María Elena,4.787,19.07,4.119,,,,,,,,,,,
2024,Municipal,42701533,XII,6427,La Matanza,Puesto Fijo Arcos del Mirador,,12.31,118,,,,,,,,,,,
2024,Municipal,42701541,XII,6427,La Matanza,Sala de Salud Sabín,,6.034,2.207,,,,,,,,,,,
2024,Municipal,42701576,XII,6427,La Matanza,Departamento de Promoción y Desarrollo de Salud de Políticas Públicas y Saludables,,28.62,,,,,,,,,,,,
2024,Municipal,42701614,XII,6427,La Matanza,Dirección de Tránsito,,282.068,79.46,,,,,,,,,,,
2024,Municipal,42701649,XII,6427,La Matanza,Puesto Fijo Barrio Savailiesse,,,,,,,,,,,,,,
2024,Municipal,42701665,XII,6427,La Matanza,Sala de 1º Auxilios Los Alamos,,9.358,1.655,,,,,,,,,,,
2024,Municipal,42701679,XII,6427,La Matanza,Unidad de 1º Auxilios Barrio Nicoll,,2.038,754,,,,,,,,,,,
2024,Municipal,42701703,XII,6427,La Matanza,Sala de Salud Villa Madero (2 de Abril),5.251,22.902,6.782,,,,,,,,,,,
2024,Municipal,42701744,XII,6427,La Matanza,Unidad Sanitaria Saturnino Segurola,1.945,12.386,238,,,,,,,,,,,
2024,Municipal,42701752,XII,6427,La Matanza,Sala de Salud San Pedro Virrey del Pino,,1.172,422,,,,,,,,,,,
2024,Municipal,42701776,XII,6427,La Matanza,Unidad Sanitaria El Torero,,8.512,801,,,,,,,,,,,
2024,Municipal,42701793,XII,6427,La Matanza,Unidad Sanitaria Villegas,,5.518,203,,,,,,,,,,,
2024,Municipal,42701801,XII,6427,La Matanza,Sala Dr. Miqueleiz (Independencia),,6.454,867,,,,,,,,,,,
2024,Municipal,42701809,XII,6427,La Matanza,Emergencias Sanitarias,,1.645.774,,,,,,,,,,,,
2024,Municipal,42701818,XII,6427,La Matanza,Unidad de Salud Villa Giardino,1.289,14.138,1.938,,,,,,,,,,,
2024,Nacional,36400017,VII,6364,General Rodríguez,Caps N°20,,,,,,,,,,,,,,
2024,Nacional,49700168,VII,6497,Luján,Hosp. Munic. Ntra. Sra. de Luján,11.963,22.905,14.765,,454,194.346,532,149.191,"76,8","0,9",168.778,"371,8",11,"2,4"
2024,Nacional,56800297,VII,6568,Morón,Hosp. Munic. O. B. de Lavignolle,6.26,160.708,24.084,6.52,,,,,,,,,,
2024,Nacional,35700068,VIII,6357,General Pueyrredón,Ctro. de Salud N° 2,1.14,,,,363,25.792,71,17.743,"68,8","5,1",17.742,"48,9",0,"0,0"
2024,Nacional,35700084,VIII,6357,General Pueyrredón,Istituto R. Etcheverri de Maternidad e Infancia I.R.E.M.I.,,,,,,,,,,,,,,
2024,Nacional,35702543,#N/D,#N/D,#N/D,Centro de Especialidades Médicas Ambulatorias CEMA,,,,,1.711,18.928,105,13.021,"68,8","16,4",15.047,"8,8",203,"11,9"
2024,Provincial,5600042,I,6056,Bahía Blanca,Hosp. Munic. de Agudos Dr. Leónidas Lucero,14.553,91.514,12.536,,8.062,77.236,212,44.442,"57,5","38,1",41.881,"5,2",168,"2,1"
2024,Provincial,58800108,II,6588,9 de Julio,Unid. Sanit. Morea,14.023,55.677,9.803,,2.176,20.246,55,9.235,"45,6","39,2",9.814,"4,5",84,"3,9"
2024,Provincial,41300063,III,6413,Junín,Unid. Sanit. Fortín Tiburcio,11.313,135.18,24.288,2.278,5.766,34.472,94,40.33,"117,0","61,1",42.252,"7,3",391,"6,8"
2024,Provincial,16100017,IV,6161,Carmen de Areco,Hogar Geriátrico San José,1.323,43.438,7.171,2.656,1.699,33.311,91,19.16,"57,5","18,6",16.095,"9,5",93,"5,5"
2024,Provincial,62300101,IV,6623,Pergamino,Ctro. de Atenc. Primaria M. Benítez,7.54,140.376,41.25,5.721,8.31,61.566,169,35.224,"57,2","49,3",33.743,"4,1",294,"3,5"
2024,Provincial,76300074,IV,6763,San Nicolás,Ctro. de Medicina Preventiva Dr. C. Ferreyra,2.444,121.046,12.608,4.386,12.947,57.586,158,43.936,"76,3","82,1",50.351,"3,9",236,"1,8"
2024,Provincial,25200032,V,6252,Escobar,Hospital del Bicentenario,1.221,37.365,196.979,,8.479,55.128,151,37.768,"68,5","56,1",56.282,"6,6",148,"1,7"
2024,Provincial,37100092,V,6371,General San Martín,Hosp. Munic. Dr. D. E. Thompson,40.144,258.543,18.629,19.342,7.493,81.286,223,73.116,"89,9","33,6",75.115,"10,0",416,"5,6"
2024,Provincial,37100181,V,6371,General San Martín,Ctro. de Salud N° 3 Villa Concepción,2.382,51.077,8.543,6.588,,,,,,,,,,
2024,Provincial,41201074,V,6412,José C. Paz,Ctro. Asistencial Sol y Verde,3.622,204.562,13.258,4.52,8.596,27.932,77,47.997,"171,8","112,3",45.577,"5,3",252,"2,9"
2024,Provincial,41201380,V,6412,José C. Paz,Ctro. Asistencial Frino Sur,,71.162,1.813,,,,,,,,,,,
2024,Provincial,63801008,V,6638,Pilar,Hospital Materno Neonatológico Nuestra Sra. de Pilar,,,2.103,,812,14.497,79,4.604,"31,8","10,3",4.798,"5,9",1,"0,1"
2024,Provincial,74900139,V,6749,San Fernando,Ctro. de Salud  Dr. A. Reinecke,113.028,122.116,20.676,13.729,5.366,69.958,192,44.508,"63,6","28,0",44.074,"8,2",369,"6,9"
2024,Provincial,74900325,V,6749,San Fernando,Ctro. de Salud  Dr. I. Galvéz,,546,82,,,,,,,,,,,
2024,Provincial,80500118,V,6805,Tigre,Hosp. Zonal Gral. de Ag. M. V. de Martinez,12.461,131.023,30.226,9.155,5.734,3.713,10,44.628,"1.201,9","563,7",49.873,"8,7",270,"4,7"
2024,Provincial,86100057,V,6861,Vicente López,Hosp. Zonal del Tórax Dr. Cetrángolo,,80.985,16.366,28.652,873,4.676,13,8.161,"174,5","68,1",8.253,"9,5",113,"12,9"
2024,Provincial,86100111,V,6861,Vicente López,Hosp. Zonal Esp. Odontología y Ortodoncia Dr. J. U. Carrea,52.464,,4.048,,,,,,,,,,,
2024,Provincial,88200059,V,6882,Zárate,Hosp. Zonal Gral. de Ag. Virgen del Carmen,0,115.988,9.795,19.518,4.789,49.328,135,25.044,"50,8","35,4",25.999,"5,4",248,"5,2"
2024,Provincial,2800083,VI,6028,Almirante Brown,Ctro. Municipal de Diag. y Prev. para la Salud,3.495,121.853,8.341,15.505,5.155,45.679,125,36.486,"79,9","41,2",32.574,"6,3",218,"4,2"
2024,Provincial,2800091,VI,6028,Almirante Brown,Ctro. Municipal de Diag. y Prev. para la Salud,,14.282,62.081,,68,5.36,15,7.538,"140,6","4,6",6.149,"90,4",0,"0,0"
2024,Provincial,2800644,VI,6028,Almirante Brown,U.S. San Agustín,3.634,197.285,125.623,,10.166,67.717,186,53.277,"78,7","54,8",52.518,"5,2",387,"3,8"
2024,Provincial,2801021,VI,6028,Almirante Brown,Posta Villa París,,45.169,,,1.258,7.864,22,10.014,"127,3","58,4",11.51,"9,1",52,"4,1"
2024,Provincial,3500199,VI,6035,Avellaneda,Unid. Sanit. Nº 1 ,11.383,28.446,9.889,,2.852,25.226,69,13.84,"54,9","41,3",13.968,"4,9",11,"0,4"
2024,Provincial,3500270,VI,6035,Avellaneda,Ctro. de Salud Nº 11,31.028,224.328,22.78,8.472,5.615,72.248,198,40.447,"56,0","28,4",39.27,"7,0",411,"7,3"
2024,Provincial,3500318,VI,6035,Avellaneda,Ctro. de Salud Nº 11,35.328,184.991,9.295,34.346,11.846,78.785,216,59.862,"76,0","54,9",61.483,"5,2",638,"5,4"
2024,Provincial,3500427,VI,6035,Avellaneda,Unid. Sanit. Nº 8,,78.719,,,4.169,4.52,12,8.03,"177,7","336,7",10.779,"2,6",21,"0,5"
2024,Provincial,3500491,VI,6035,Avellaneda,Instituto de Odontología Infantil,,1.036,,,,,,,,,,,,
2024,Provincial,3501721,VI,6035,Avellaneda,C.I.C. Santo Domingo ,1.521,83.969,4.56,1.657,1.638,23.134,63,9.234,"39,9","25,8",8.578,"5,2",83,"5,1"
2024,Provincial,9100711,VI,6091,Berazategui,Jornadas Solidarias de Salud (Móvil),2.533,128.34,13.758,32.033,9.27,63.588,174,62.517,"98,3","53,2",65.442,"7,1",394,"4,3"
2024,Provincial,9101156,VI,6091,Berazategui,Centro de Rehabilitacion Dep. Municipal,4.808,40.757,,,,,,,,,,,,
2024,Provincial,26001035,VI,6260,Esteban Echeverría,U. S Nº 28,,,,,2.972,38.88,107,38.483,"99,0","27,9",38.145,"12,8",574,"19,3"
2024,Provincial,27001201,VI,6270,Ezeiza,Base XX C.A.P.S.,3.96,128.89,39.843,,9.858,55.508,152,60.557,"109,1","64,8",62.431,"6,3",533,"5,4"
2024,Provincial,27400051,VI,6274,Florencio Varela,Ctro. Perif. de Salud N° 2 - Zeballos II,9.078,171.651,6.193,9.723,11.334,96.399,264,84.658,"87,8","42,9",76.268,"6,7",223,"2,0"
2024,Provincial,27401073,VI,6274,Florencio Varela,Equipo Móvil,,,,,,,,,,,,,,
2024,Provincial,27401341,VI,6274,Florencio Varela,Equipo Móvil,,28.733,,,1.937,7.015,19,13.633,"194,3","100,8",13.241,"6,8",121,"6,2"
2024,Provincial,43400081,VI,6434,Lanús,Unid. Sanit. Intermedia Ctro. Piloto Va. Jardín,5.398,83.349,10.955,508,746,8.052,22,3.78,"46,9","33,8",3.464,"4,6",20,"2,7"
2024,Provincial,43400359,VI,6434,Lanús,Unid. Sanit. Intermedia Valentín Alsina,,15.681,732,,1.432,2.759,8,3.749,"135,9","189,4",3.716,"2,6",87,"6,1"
2024,Provincial,43400740,VI,6434,Lanús,Unid. Sanit. Nº 4 Dr. C. Argerich,13.856,90.581,32.909,1.228,4.895,33.825,93,22.684,"67,1","52,8",24.024,"4,9",330,"6,7"
2024,Provincial,43400863,VI,6434,Lanús,Unid. Sanit. Edén Argentino,14.553,358.199,59.064,23.906,6.809,85.442,234,65.703,"76,9","29,1",66.681,"9,8",346,"5,1"
2024,Provincial,43401023,VI,6434,Lanús,Unid. Odontológica A. M. Gandolfo,,,,,,,,,,,,,,
2024,Provincial,49000182,VI,6490,Lomas de Zamora,Unid. Sanit. Dr. Gregorio A. Alfaro,18.9,227.995,19.999,16.998,11.539,75.68,207,69.006,"91,2","55,7",69.176,"6,0",629,"5,5"
2024,Provincial,49000255,VI,6490,Lomas de Zamora,Ctro. Odontológico Infantil,3.626,21.888,26.388,7.793,894,163.704,449,131.798,"80,5","2,0",264.335,"295,7",22,"2,5"
2024,Provincial,49002950,VI,6490,Lomas de Zamora,Unid. Sanit. Temperley Oeste,,36.428,7.312,,427,9.838,27,5.665,"57,6","15,8",5.606,"13,1",16,"3,7"
2024,Provincial,65800172,VI,6658,Quilmes,Sala de Pros. Aux. Los Fresnos,1.891,64.554,6.79,49,8.428,56.928,156,52.698,"92,6","54,0",59.156,"7,0",311,"3,7"
2024,Provincial,65802719,VI,6658,Quilmes,Unid. Sanit. Dr. René Favaloro,0,38.323,,,376,13.084,36,8.347,"63,8","10,5",6.715,"17,9",53,"14,1"
2024,Provincial,36400041,VII,6364,General Rodríguez,Sala Central Sec. de Salud y Acción Social,1.817,200.92,16.216,21.934,7.867,117.281,321,63.487,"54,1","24,5",49.962,"6,4",252,"3,2"
2024,Provincial,40801565,VII,6408,Hurlingham,Hospital Odontológico de Hurlingham,,,,,1.524,9.637,26,5.081,"52,7","57,7",5.066,"3,3",9,"0,6"
2024,Provincial,41001792,VII,6410,Ituzaingó,Ctro. de Atenc. de la Tercera Edad,,,,,,,,,,,,,,
2024,Provincial,49700141,VII,6497,Luján,Hosp. Munic. Ntra. Sra. de Luján,,,,,3.676,43.188,118,21.504,"49,8","31,1",22.6,"6,1",73,"2,0"
2024,Provincial,49700150,VII,6497,Luján,Hosp. Munic. Ntra. Sra. de Luján,827,11.221,,9.956,317,173.118,474,103.936,"60,0","0,7",261.057,"823,5",5,"1,6"
2024,Provincial,53900813,VII,6539,Merlo,Unid. Sanit. Nº 37 ,1.646,138.083,17.256,1.693,13.792,64.596,177,55.802,"86,4","77,9",55.736,"4,0",352,"2,6"
2024,Provincial,56000031,VII,6560,Moreno,Unid. Sanit. F. Alvarez,42.848,299.358,26.363,,10.749,95.18,261,62.107,"65,3","41,2",62.25,"5,8",287,"2,7"
2024,Provincial,56000953,VII,6560,Moreno,Centro Integrador Comunitario La Bibiana ,2.061,22.9,8.538,,2.455,14.623,40,6.29,"43,0","61,3",6.137,"2,5",0,"0,0"
2024,Provincial,56000988,VII,6560,Moreno,Centro Integrador Comunitario La Bibiana ,,43.725,2.225,,664,23.732,65,12.497,"52,7","10,2",37.902,"57,1",50,"7,5"
2024,Provincial,56800050,VII,6568,Morón,Hospital de Dia en salud mental Espejos Cruzados,7.919,133.797,15.506,37.015,5.121,57.012,156,43.668,"76,6","32,8",42.014,"8,2",239,"4,7"
2024,Provincial,56800629,VII,6568,Morón,Hosp. Atenc. Primaria El Palomar,,17.003,3.753,,,,,,,,,,,
2024,Provincial,84000021,VII,6840,Tres de Febrero,Hosp. Zonal Gral. de Ag.  Prof. Dr. R. Carrillo,5.226,104.312,12.109,2.937,3.182,57.402,157,42.746,"74,5","20,2",43.308,"13,6",311,"9,8"
2024,Provincial,84000497,VII,6840,Tres de Febrero,Hosp. Zonal Gral. de Agudos Dr. C. A. Bocalandro,5.312,82.627,12.508,,5.318,46.572,128,38.416,"82,5","41,7",46.212,"8,7",363,"6,8"
2024,Provincial,84001315,VII,6840,Tres de Febrero,UPA 16,,,,,351,1.093,6,2.504,"229,1","59,1",1.073,"3,1",1,"0,3"
2024,Provincial,35700211,VIII,6357,General Pueyrredón,Istituto R. Etcheverri de Maternidad e Infancia I.R.E.M.I.,19.648,174.784,25.459,35.434,11.688,107.653,295,54.326,"50,5","39,6",60.368,"5,2",50,"0,4"
2024,Provincial,35700220,VIII,6357,General Pueyrredón,Istituto R. Etcheverri de Maternidad e Infancia I.R.E.M.I.,5.958,119.561,7.864,,11.812,116.971,320,94.383,"80,7","36,9",96.882,"8,2",775,"6,6"
2024,Provincial,35700947,VIII,6357,General Pueyrredón,Unid. Sanit. Las Heras,,530,577,,,,,,,,,,,
2024,Provincial,35702502,VIII,6357,General Pueyrredón,Centro de Especialidades Médicas Ambulatorias CEMA,,10.763,,,,,,,,,,,,
2024,Provincial,35702510,VIII,6357,General Pueyrredón,Centro de Especialidades Médicas Ambulatorias CEMA,,55.567,,,,,,,,,,,,
2024,Provincial,58100149,VIII,6581,Necochea,Unid. Sanit. R. Santamarina,1.249,20.826,27.106,,204,18.3,50,7.2,"39,3","4,1",13.854,"67,9",0,"0,0"
2024,Provincial,79100050,VIII,6791,Tandil,Hosp. Munic. E. Rodríguez Larreta,,27.076,10.56,,,,,,,,,,,
2024,Provincial,4900042,IX,6049,Azul,Sala Perif. Atenc. Primaria Eva Perón,8.003,51.854,18.106,,1.808,21.96,60,6.151,"28,0","30,1",8.577,"4,7",8,"0,4"
2024,Provincial,45500024,IX,6455,Las Flores,CAPS Dr. Ramon Carrillo,8.639,45.642,12.576,,3.414,46.204,127,21.633,"46,8","27,0",20.301,"5,9",171,"5,0"
2024,Provincial,59500191,IX,6595,Olavarría,Hosp. Local Munic. de Espigas,,7.501,425,,279,3.66,10,925,"25,3","27,8",925,"3,3",61,"21,9"
2024,Provincial,67200032,IX,6672,Rauch,Hosp. Munic. Gral. E. Díaz Vélez,,196,,,33,18.3,50,16.197,"88,5","0,7",25.575,"775,0",9,"27,3"
2024,Provincial,48300018,X,6483,Lobos,Sala Ramón Carrillo,3.84,82.361,33.874,,3.496,28.182,77,10.658,"37,8","45,3",10.415,"3,0",118,"3,4"
2024,Provincial,53200048,X,6532,Mercedes,C.A.P.S. Luis Agote,3.062,107.018,15.615,1.367,4.388,34.583,95,23.002,"66,5","46,3",23.976,"5,5",187,"4,3"
2024,Provincial,70700020,X,6707,Saladillo,Unid. Sanit. del Carril,2.794,89.135,22.078,,2.967,16.097,44,8.754,"54,4","67,3",8.558,"2,9",129,"4,3"
2024,Provincial,9800071,XI,6098,Berisso,Unid. Sanit. Nº 41 ,15.11,123.541,8.628,9.18,3.039,33.672,92,16.456,"48,9","32,9",18.05,"5,9",194,"6,4"
2024,Provincial,13400040,XI,6134,Cañuelas,Ente Descentralizado Hospital Dr. Angel Marzetti,,,,,9,32.94,90,21.101,"64,1","0,1",31.783,"3.531,4",0,"0,0"
2024,Provincial,13400317,XI,6134,Cañuelas,Equipo Móvil de Salud,,59.811,4.475,9.224,7.143,62.835,172,45.934,"73,1","41,5",43.236,"6,1",321,"4,5"
2024,Provincial,24500041,XI,6245,Ensenada,Unid. Sanit. Nº 80 ,,81.539,5.922,1.347,2.333,18.301,50,11.191,"61,1","46,5",13.12,"5,6",67,"2,9"
2024,Provincial,24500326,XI,6245,Ensenada,Unid. Sanit. 5 de Mayo,1.624,8.359,16.126,,95,22.326,61,18.034,"80,8","1,6",20.431,"215,1",5,"5,3"
2024,Provincial,24500377,XI,6245,Ensenada,Unid. Sanit. Campamento,,,,,,,,,,,,,,
2024,Provincial,44100081,XI,6441,La Plata,Ctro. de Salud Nº 6,7.323,192.412,8.587,6.701,7.38,66.607,182,58.843,"88,3","40,4",49.358,"6,7",468,"6,3"
2024,Provincial,44100090,XI,6441,La Plata,Ctro. de Salud Nº 6,35.538,110.15,37.962,12.327,4.585,171.257,469,111.274,"65,0","9,8",141.853,"30,9",193,"4,2"
2024,Provincial,44100162,XI,6441,La Plata,Ctro. de Salud Nº 7,,,,,,,,,,,,,,
2024,Provincial,44100251,XI,6441,La Plata,Ctro. de Salud 16,18.058,215.993,11.252,4.447,5.652,49.719,136,37.681,"75,8","41,5",36.177,"6,4",356,"6,3"
2024,Provincial,44101096,XI,6441,La Plata,Ctro. de Salud Nº 12,25.048,53.465,11.322,,378,25.096,69,20.876,"83,2","5,5",18.408,"48,7",2,"0,5"
2024,Provincial,44101100,XI,6441,La Plata,Ctro. de Salud Nº 12,13.539,51.079,15.046,,,,,,,,,,,
2024,Provincial,44101231,XI,6441,La Plata,Ctro. de Salud Nº 2,96.555,210.911,56.953,16.095,7.761,85.142,233,66.095,"77,6","33,3",63.628,"8,2",73,"0,9"
2024,Provincial,44101240,XI,6441,La Plata,Ctro. de Salud Nº 2,36.279,124.391,14.89,4.474,4.619,33.838,93,19.92,"58,9","49,8",17.591,"3,8",89,"1,9"
2024,Provincial,44101274,XI,6441,La Plata,Ctro. de Salud Nº 2,7.63,91.029,4.685,21.611,2.318,39.239,108,22.584,"57,6","21,6",23.254,"10,0",214,"9,2"
2024,Provincial,44101291,XI,6441,La Plata,Ctro. de Salud Nº 2,164.68,,4.802,,,,,,,,,,,
2024,Provincial,44101304,XI,6441,La Plata,Ctro. de Salud Nº 2,10.264,232.762,22.831,26.081,10.741,116.388,319,82.003,"70,5","33,7",87.528,"8,1",390,"3,6"
2024,Provincial,44102439,XI,6441,La Plata,Ctro. de Salud Nº 36,2.725,6.338,10.212,,,,,,,,,,,
2024,Provincial,44102692,XI,6441,La Plata,Ctro. de Salud Nº 37 ,283,2.644,8.585,,12,36.234,99,20.338,"56,1","0,1",30.132,"2.511,0",0,"0,0"
2024,Provincial,44102706,XI,6441,La Plata,Ctro. de Salud Nº 37 ,,,,10.424,11,9.516,26,8.257,"86,8","0,4",6.39,"580,9",0,"0,0"
2024,Provincial,44102714,XI,6441,La Plata,Ctro. de Salud Nº 37 ,,7.848,1.364,,1,9.742,27,14.558,"149,4","0,0",5.347,"5.347,0",0,"0,0"
2024,Provincial,44106627,XI,6441,La Plata,CAPS Nº 45 Centro Integrador Comunitario,,,,,,,,,,,,,,
2024,Provincial,44106978,XI,6441,La Plata,CAPS Nº 46,8.536,13.238,,,1,3.657,10,5,"0,1","0,1",5,"5,0",0,"0,0"
2024,Provincial,46600200,XI,6466,Lezama,Hogar Geriátrico Celina Girard,,6.758,,,79,5.484,15,97,"1,8","5,3",97,"1,2",0,"0,0"
2024,Provincial,54700010,XI,6547,Monte,Hogar Geriátrico Santa Susana,3.862,86.163,59.925,,2.052,20.602,56,7.692,"37,3","36,4",10.401,"5,1",108,"5,3"
2024,Provincial,64800688,XI,6648,Presidente Perón,C.A.P.S. La Lata,1.136,101.935,19.128,,3.445,30.148,83,19.847,"65,8","41,7",25.01,"7,3",77,"2,2"
2024,Provincial,77800017,XI,6778,San Vicente,Hosp. Subz. Gral. Dr. R. Carrillo,6.57,107.721,10.487,544,2.603,23.349,64,15.051,"64,5","40,7",14.932,"5,7",185,"7,1"
2024,Provincial,42700651,XII,6427,La Matanza,Unidad Sanitaria Dr. Ignacio Ezcurra,14.144,274.551,26.89,56.457,9.711,108.937,298,79.022,"72,5","32,5",79.15,"8,2",455,"4,7"
2024,Provincial,42701760,XII,6427,La Matanza,Sala de Salud San Pedro Virrey del Pino,,109.271,5.621,14.94,8.356,58.453,160,42.393,"72,5","52,2",42.422,"5,1",350,"4,2"
2024,Provincial,42701826,XII,6427,La Matanza,Unidad de Salud Villa Giardino,,44.601,,,,,,,,,,,,
2024,Provincial,42702362,XII,6427,La Matanza,Unidad de Salud Villa Giardino,17.156,172.093,23.791,8.432,8.01,70.546,193,51.954,"73,6","41,4",48.487,"6,1",574,"7,2"
2024,Provincial,42702379,XII,6427,La Matanza,Unidad de Salud Villa Giardino,,23.625,,,,,,,,,,,,
2024,Provincial,42702418,XII,6427,La Matanza,Unidad de Salud Villa Giardino,,169.8,21.671,,6.539,44.785,123,27.358,"61,1","53,3",29.866,"4,6",125,"1,9"
2024,Municipal,26600051,V,6266,Exaltación De La Cruz,Sala de Pros. Aux. Los Cardales       ,4.458,282.265,35.637,,,,,,,,,,,
