DIM_Establecimientos[establecimiento_id],DIM_Establecimientos[establecimiento_nombre],DIM_Establecimientos[Dependencia],DIM_Establecimientos[Municipio],DIM_Establecimientos[Egresos 22_24],DIM_Establecimientos[Egresos Anual 22_24],DIM_Establecimientos[Estadia Media 22_24],DIM_Establecimientos[Mortalidad 22_24],DIM_Establecimientos[Camas 22_24],DIM_Establecimientos[Ocupacion 22_24],DIM_Establecimientos[Giro 22_24],DIM_Establecimientos[Segmento],DIM_Establecimientos[Mediana LOS Dep],DIM_Establecimientos[Mediana Mort Dep],DIM_Establecimientos[LOS Ratio],DIM_Establecimientos[Mort Ratio],DIM_Establecimientos[Clasificacion Capacidad],DIM_Establecimientos[Desempeno Internacion]
80500118,Hosp. Zonal Gral. de Ag. M. V. de Martinez,Provincial,Tigre,15508,"5169,333333333333","8,12599948413722","0,055003868970853756",71,"1,5695136797590825","72,8075117370892",Agudos,"5,54963563866355","0,04447215295095595","1,464240179575844","1,2368159695689172",Anomalia de datos,Dentro de banda
82600039,Hosp. Zonal Gral. de Ag. M. V. de Martinez,Municipal,Trenque Lauquen,1480,"493,3333333333333","20,080405405405404","0,0445945945945946",42,"0,4879977407512002","11,746031746031745",Agudos,"3,107649896623019","0,025671042729325196","6,4616047731844315","1,737155559468263",Normal,Peor desempeno
80500479,Hosp. Zonal Gral. de Ag. M. V. de Martinez,Municipal,Tigre,0,,,,,,,Sin internacion,"3,107649896623019","0,025671042729325196",,,Excluido (no agudo),Dentro de banda
82600250,Hosp. Zonal Gral. de Ag. M. V. de Martinez,Municipal,Trenque Lauquen,0,,,,,,,Sin internacion,"3,107649896623019","0,025671042729325196",,,Excluido (no agudo),Dentro de banda
82600268,Hosp. Zonal Gral. de Ag. M. V. de Martinez,Municipal,Trenque Lauquen,0,,,,,,,Sin internacion,"3,107649896623019","0,025671042729325196",,,Excluido (no agudo),Dentro de banda
82600370,Hosp. Zonal Gral. de Ag. M. V. de Martinez,Municipal,Trenque Lauquen,18,6,"494,55555555555554","0,2222222222222222",13,"0,6601628298708591","0,46153846153846156",Estadia prolongada,"3,107649896623019","0,025671042729325196","159,14133573829307","8,656532754252623",Excluido (no agudo),Dentro de banda
83300047,Hosp. Zonal Gral. de Ag. M. V. de Martinez,Municipal,Tres Arroyos,1530,510,"7,920915032679739","0,01437908496732026",16,"0,7433850364963503","31,875",Agudos,"3,107649896623019","0,025671042729325196","2,548844077090903","0,5601285899810521",Normal,Peor desempeno
83300063,Hosp. Zonal Gral. de Ag. M. V. de Martinez,Municipal,Tres Arroyos,21764,"7254,666666666667","4,788090424554309","0,03850395147950744",135,"0,8055771453288366","53,73827160493827",Agudos,"3,107649896623019","0,025671042729325196","1,5407431930338646","1,4998982271772947",Normal,Dentro de banda
83300128,Hosp. Zonal Gral. de Ag. M. V. de Martinez,Municipal,Tres Arroyos,0,,,,,,,Sin internacion,"3,107649896623019","0,025671042729325196",,,Excluido (no agudo),Dentro de banda
83300195,Hosp. Zonal Gral. de Ag. M. V. de Martinez,Municipal,Tres Arroyos,0,,,,,,,Sin internacion,"3,107649896623019","0,025671042729325196",,,Excluido (no agudo),Dentro de banda
82600241,Hosp. Zonal Gral. de Ag. M. V. de Martinez,Municipal,Trenque Lauquen,0,,,,,,,Sin internacion,"3,107649896623019","0,025671042729325196",,,Excluido (no agudo),Dentro de banda
83300209,Hosp. Zonal Gral. de Ag. M. V. de Martinez,Municipal,Tres Arroyos,0,,,,,,,Sin internacion,"3,107649896623019","0,025671042729325196",,,Excluido (no agudo),Dentro de banda
83300233,Hosp. Zonal Gral. de Ag. M. V. de Martinez,Municipal,Tres Arroyos,0,,,,,,,Sin internacion,"3,107649896623019","0,025671042729325196",,,Excluido (no agudo),Dentro de banda
83300349,Hosp. Zonal Gral. de Ag. M. V. de Martinez,Municipal,Tres Arroyos,0,,,,,,,Sin internacion,"3,107649896623019","0,025671042729325196",,,Excluido (no agudo),Dentro de banda
83300331,Hosp. Zonal Gral. de Ag. M. V. de Martinez,Municipal,Tres Arroyos,0,,,,,,,Sin internacion,"3,107649896623019","0,025671042729325196",,,Excluido (no agudo),Dentro de banda
83300306,Hosp. Zonal Gral. de Ag. M. V. de Martinez,Municipal,Tres Arroyos,0,,,,,,,Sin internacion,"3,107649896623019","0,025671042729325196",,,Excluido (no agudo),Dentro de banda
83300284,Hosp. Zonal Gral. de Ag. M. V. de Martinez,Municipal,Tres Arroyos,0,,,,,,,Sin internacion,"3,107649896623019","0,025671042729325196",,,Excluido (no agudo),Dentro de banda
83300276,Hosp. Zonal Gral. de Ag. M. V. de Martinez,Municipal,Tres Arroyos,0,,,,,,,Sin internacion,"3,107649896623019","0,025671042729325196",,,Excluido (no agudo),Dentro de banda
83300268,Hosp. Zonal Gral. de Ag. M. V. de Martinez,Municipal,Tres Arroyos,0,,,,,,,Sin internacion,"3,107649896623019","0,025671042729325196",,,Excluido (no agudo),Dentro de banda
83300225,Hosp. Zonal Gral. de Ag. M. V. de Martinez,Municipal,Tres Arroyos,0,,,,,,,Sin internacion,"3,107649896623019","0,025671042729325196",,,Excluido (no agudo),Dentro de banda
82600233,Hosp. Zonal Gral. de Ag. M. V. de Martinez,Municipal,Trenque Lauquen,0,,,,,,,Sin internacion,"3,107649896623019","0,025671042729325196",,,Excluido (no agudo),Dentro de banda
82600226,Hosp. Zonal Gral. de Ag. M. V. de Martinez,Municipal,Trenque Lauquen,34,"11,333333333333334","278,8235294117647",0,16,"0,8736313868613139","0,7083333333333334",Estadia prolongada,"3,107649896623019","0,025671042729325196","89,72166707541705",0,Excluido (no agudo),Dentro de banda
82600217,Hosp. Zonal Gral. de Ag. M. V. de Martinez,Municipal,Trenque Lauquen,146,"48,666666666666664","541,582191780822","0,0958904109589041",64,"0,9010464187956204","0,7604166666666666",Estadia prolongada,"3,107649896623019","0,025671042729325196","174,27387569279975","3,7353531747802413",Excluido (no agudo),Dentro de banda
80500461,Hosp. Zonal Gral. de Ag. M. V. de Martinez,Municipal,Tigre,0,,,,,,,Sin internacion,"3,107649896623019","0,025671042729325196",,,Excluido (no agudo),Dentro de banda
82600012,Hosp. Zonal Gral. de Ag. M. V. de Martinez,Municipal,Trenque Lauquen,0,,,,,,,Sin internacion,"3,107649896623019","0,025671042729325196",,,Excluido (no agudo),Dentro de banda
80500321,Hosp. Zonal Gral. de Ag. M. V. de Martinez,Municipal,Tigre,0,,,,,,,Sin internacion,"3,107649896623019","0,025671042729325196",,,Excluido (no agudo),Dentro de banda
80500452,Hosp. Zonal Gral. de Ag. M. V. de Martinez,Municipal,Tigre,0,,,,,,,Sin internacion,"3,107649896623019","0,025671042729325196",,,Excluido (no agudo),Dentro de banda
80500410,Hosp. Zonal Gral. de Ag. M. V. de Martinez,Municipal,Tigre,0,,,,,,,Sin internacion,"3,107649896623019","0,025671042729325196",,,Excluido (no agudo),Dentro de banda
80500401,Hosp. Zonal Gral. de Ag. M. V. de Martinez,Municipal,Tigre,0,,,,,,,Sin internacion,"3,107649896623019","0,025671042729325196",,,Excluido (no agudo),Dentro de banda
80500380,Hosp. Zonal Gral. de Ag. M. V. de Martinez,Municipal,Tigre,0,,,,,,,Sin internacion,"3,107649896623019","0,025671042729325196",,,Excluido (no agudo),Dentro de banda
80500339,Hosp. Zonal Gral. de Ag. M. V. de Martinez,Municipal,Tigre,0,,,,,,,Sin internacion,"3,107649896623019","0,025671042729325196",,,Excluido (no agudo),Dentro de banda
80500274,Hosp. Zonal Gral. de Ag. M. V. de Martinez,Municipal,Tigre,0,,,,,,,Sin internacion,"3,107649896623019","0,025671042729325196",,,Excluido (no agudo),Dentro de banda
80500266,Hosp. Zonal Gral. de Ag. M. V. de Martinez,Municipal,Tigre,0,,,,,,,Sin internacion,"3,107649896623019","0,025671042729325196",,,Excluido (no agudo),Dentro de banda
80500215,Hosp. Zonal Gral. de Ag. M. V. de Martinez,Municipal,Tigre,0,,,,,,,Sin internacion,"3,107649896623019","0,025671042729325196",,,Excluido (no agudo),Dentro de banda
82600021,Hosp. Zonal Gral. de Ag. M. V. de Martinez,Municipal,Trenque Lauquen,0,,,,,,,Sin internacion,"3,107649896623019","0,025671042729325196",,,Excluido (no agudo),Dentro de banda
82600055,Hosp. Zonal Gral. de Ag. M. V. de Martinez,Municipal,Trenque Lauquen,26143,"8714,333333333334","2,497303293424626","0,025590024098228973",97,"0,6908901349713996","89,83848797250859",Agudos,"3,107649896623019","0,025671042729325196","0,8035986602410919","0,9968439680479487",Normal,Dentro de banda
82600080,Hosp. Zonal Gral. de Ag. M. V. de Martinez,Municipal,Trenque Lauquen,0,,,,,,,Sin internacion,"3,107649896623019","0,025671042729325196",,,Excluido (no agudo),Dentro de banda
82600128,Hosp. Zonal Gral. de Ag. M. V. de Martinez,Municipal,Trenque Lauquen,0,,,,,,,Sin internacion,"3,107649896623019","0,025671042729325196",,,Excluido (no agudo),Dentro de banda
82600136,Hosp. Zonal Gral. de Ag. M. V. de Martinez,Municipal,Trenque Lauquen,0,,,,,,,Sin internacion,"3,107649896623019","0,025671042729325196",,,Excluido (no agudo),Dentro de banda
82600209,Hosp. Zonal Gral. de Ag. M. V. de Martinez,Municipal,Trenque Lauquen,0,,,,,,,Sin internacion,"3,107649896623019","0,025671042729325196",,,Excluido (no agudo),Dentro de banda
80500924,Hosp. Zonal Gral. de Ag. M. V. de Martinez,Municipal,Tigre,0,,,,,,,Sin internacion,"3,107649896623019","0,025671042729325196",,,Excluido (no agudo),Dentro de banda
80500347,Hosp. Zonal Gral. de Ag. M. V. de Martinez,Municipal,Tigre,0,,,,,,,Sin internacion,"3,107649896623019","0,025671042729325196",,,Excluido (no agudo),Dentro de banda
80501025,Hosp. Zonal Gral. de Ag. M. V. de Martinez,Municipal,Tigre,0,,,,,,,Sin internacion,"3,107649896623019","0,025671042729325196",,,Excluido (no agudo),Dentro de banda
83300250,Hosp. Zonal Gral. de Ag. M. V. de Martinez,Municipal,Tres Arroyos,0,,,,,,,Sin internacion,"3,107649896623019","0,025671042729325196",,,Excluido (no agudo),Dentro de banda
83300012,Hosp. Zonal Gral. de Ag. M. V. de Martinez,Municipal,Tres Arroyos,0,,,,,,,Sin internacion,"3,107649896623019","0,025671042729325196",,,Excluido (no agudo),Dentro de banda
81900101,Hosp. Zonal Gral. de Ag. M. V. de Martinez,Municipal,Tornquist,0,,,,,,,Sin internacion,"3,107649896623019","0,025671042729325196",,,Excluido (no agudo),Dentro de banda
81900021,Hosp. Zonal Gral. de Ag. M. V. de Martinez,Municipal,Tornquist,5696,"1898,6666666666667","1,7965238764044944","0,005091292134831461",11,"0,994442601194426","172,6060606060606",Agudos,"3,107649896623019","0,025671042729325196","0,5780972555359978","0,1983282170698679",Saturado,Dentro de banda
81900098,Hosp. Zonal Gral. de Ag. M. V. de Martinez,Municipal,Tornquist,16,8,"1180,125","0,75",25,"1,0063970588235294","0,21333333333333335",Estadia prolongada,"3,107649896623019","0,025671042729325196","379,7483755433336","29,215798045602604",Excluido (no agudo),Dentro de banda
81900080,Hosp. Zonal Gral. de Ag. M. V. de Martinez,Municipal,Tornquist,0,,,,,,,Sin internacion,"3,107649896623019","0,025671042729325196",,,Excluido (no agudo),Dentro de banda
81900071,Hosp. Zonal Gral. de Ag. M. V. de Martinez,Municipal,Tornquist,0,,,,,,,Sin internacion,"3,107649896623019","0,025671042729325196",,,Excluido (no agudo),Dentro de banda
81900055,Hosp. Zonal Gral. de Ag. M. V. de Martinez,Municipal,Tornquist,0,,,,,,,Sin internacion,"3,107649896623019","0,025671042729325196",,,Excluido (no agudo),Dentro de banda
83300021,Hosp. Zonal Gral. de Ag. M. V. de Martinez,Municipal,Tres Arroyos,0,,,,,,,Sin internacion,"3,107649896623019","0,025671042729325196",,,Excluido (no agudo),Dentro de banda
81900047,Hosp. Zonal Gral. de Ag. M. V. de Martinez,Municipal,Tornquist,0,,,,,,,Sin internacion,"3,107649896623019","0,025671042729325196",,,Excluido (no agudo),Dentro de banda
81900012,Hosp. Zonal Gral. de Ag. M. V. de Martinez,Municipal,Tornquist,0,,,,,,,Sin internacion,"3,107649896623019","0,025671042729325196",,,Excluido (no agudo),Dentro de banda
81900006,Hosp. Zonal Gral. de Ag. M. V. de Martinez,Municipal,Tornquist,1,1,26,1,5,"1,183695652173913","0,2",Agudos,"3,107649896623019","0,025671042729325196","8,36645081167391","38,954397394136805",Anomalia de datos,Dentro de banda
80500983,Hosp. Zonal Gral. de Ag. M. V. de Martinez,Municipal,Tigre,0,,,,,,,Sin internacion,"3,107649896623019","0,025671042729325196",,,Excluido (no agudo),Dentro de banda
81200011,Hosp. Zonal Gral. de Ag. M. V. de Martinez,Municipal,Tordillo,769,"256,3333333333333","7,145643693107933","0,01950585175552666",15,"0,22347931873479318","17,08888888888889",Agudos,"3,107649896623019","0,025671042729325196","2,2993721721590545","0,7598387007959065",Subutilizado,Peor desempeno
81200037,Hosp. Zonal Gral. de Ag. M. V. de Martinez,Municipal,Tordillo,4,2,"125,75","0,5","11,666666666666666","0,6731363384298503","0,11428571428571428",Estadia prolongada,"3,107649896623019","0,025671042729325196","40,46466113723055","19,477198697068403",Excluido (no agudo),Dentro de banda
84000012,Hosp. Zonal Gral. de Ag. M. V. de Martinez,Municipal,Tres de Febrero,0,,,,,,,Sin internacion,"3,107649896623019","0,025671042729325196",,,Excluido (no agudo),Dentro de banda
81200029,Hosp. Zonal Gral. de Ag. M. V. de Martinez,Municipal,Tordillo,0,,,,,,,Sin internacion,"3,107649896623019","0,025671042729325196",,,Excluido (no agudo),Dentro de banda
81900039,Hosp. Zonal Gral. de Ag. M. V. de Martinez,Municipal,Tornquist,7593,2531,"6,3723166074015545","0,011853022520742789",57,"1,0092260952990086","44,40350877192982",Agudos,"3,107649896623019","0,025671042729325196","2,050525902009149","0,46172734959466777",Anomalia de datos,Peor desempeno
83300039,Hosp. Zonal Gral. de Ag. M. V. de Martinez,Municipal,Tres Arroyos,0,,,,,,,Sin internacion,"3,107649896623019","0,025671042729325196",,,Excluido (no agudo),Dentro de banda
83300241,Hosp. Zonal Gral. de Ag. M. V. de Martinez,Municipal,Tres Arroyos,0,,,,,,,Sin internacion,"3,107649896623019","0,025671042729325196",,,Excluido (no agudo),Dentro de banda
80501076,Hosp. Zonal Gral. de Ag. M. V. de Martinez,Municipal,Tigre,27150,9050,"1,1901289134438306","0,003278084714548803",24,"1,1668187347931873","377,0833333333333",Agudos,"3,107649896623019","0,025671042729325196","0,38296750053379713","0,12769581466217958",Anomalia de datos,Dentro de banda
80500860,Hosp. Zonal Gral. de Ag. M. V. de Martinez,Municipal,Tigre,0,,,,,,,Sin internacion,"3,107649896623019","0,025671042729325196",,,Excluido (no agudo),Dentro de banda
80501103,Hosp. Zonal Gral. de Ag. M. V. de Martinez,Municipal,Tigre,0,,,,,,,Sin internacion,"3,107649896623019","0,025671042729325196",,,Excluido (no agudo),Dentro de banda
80501033,Hosp. Zonal Gral. de Ag. M. V. de Martinez,Municipal,Tigre,0,,,,,,,Sin internacion,"3,107649896623019","0,025671042729325196",,,Excluido (no agudo),Dentro de banda
80501086,Hosp. Zonal Gral. de Ag. M. V. de Martinez,Municipal,Tigre,18362,"6120,666666666667","1,0696002614094324","0,0022873325345822895",30,"0,587712895377129","204,0222222222222",Agudos,"3,107649896623019","0,025671042729325196","0,34418299904752203","0,08910166052465668",Normal,Dentro de banda
80501041,Hosp. Zonal Gral. de Ag. M. V. de Martinez,Municipal,Tigre,0,,,,,,,Sin internacion,"3,107649896623019","0,025671042729325196",,,Excluido (no agudo),Dentro de banda
80501084,Hosp. Zonal Gral. de Ag. M. V. de Martinez,Municipal,Tigre,0,,,,,,,Sin internacion,"3,107649896623019","0,025671042729325196",,,Excluido (no agudo),Dentro de banda
80501068,Hosp. Zonal Gral. de Ag. M. V. de Martinez,Municipal,Tigre,37344,12448,"2,8493198371893746","0,0012585689802913453",149,"0,7252032919186097","83,54362416107382",Agudos,"3,107649896623019","0,025671042729325196","0,9168728563296776","0,0490267962062026",Normal,Dentro de banda
80501085,Hosp. Zonal Gral. de Ag. M. V. de Martinez,Municipal,Tigre,3330,1110,"3,3525525525525524","0,018018018018018018","15,666666666666666","0,7764119216050098","70,85106382978724",Agudos,"3,107649896623019","0,025671042729325196","1,0788063855570285","0,701881034128591",Normal,Dentro de banda
53900139,Antropozoonosis,Municipal,Merlo,0,,,,,,,Sin internacion,"3,107649896623019","0,025671042729325196",,,Excluido (no agudo),Dentro de banda
78400106,Asociación Hogar de Ancianos de Suipacha,Municipal,Suipacha,9,"4,5","237,22222222222223","0,2222222222222222",36,"0,9032846715328468","0,08333333333333333",Estadia prolongada,"3,107649896623019","0,025671042729325196","76,3349251407","8,656532754252623",Excluido (no agudo),Dentro de banda
42701436,Atención Médica en Acción Social,Municipal,La Matanza,0,,,,,,,Sin internacion,"3,107649896623019","0,025671042729325196",,,Excluido (no agudo),Dentro de banda
27001201,Base XX C.A.P.S.,Provincial,Ezeiza,31060,"10353,333333333334","5,993689632968448","0,0577269800386349","217,33333333333334","0,7719215007893587","47,63803680981595",Agudos,"5,54963563866355","0,04447215295095595","1,0800149817424471","1,2980477941397714",Normal,Dentro de banda
27001146,Base XX C.A.P.S.,Municipal,Ezeiza,0,,,,,,,Sin internacion,"3,107649896623019","0,025671042729325196",,,Excluido (no agudo),Dentro de banda
27001120,Base XXIV C.A.P.S. La Cunita,Municipal,Ezeiza,0,,,,,,,Sin internacion,"3,107649896623019","0,025671042729325196",,,Excluido (no agudo),Dentro de banda
27001111,Base XXX Sanidad Aeroportuaria,Municipal,Ezeiza,0,,,,,,,Sin internacion,"3,107649896623019","0,025671042729325196",,,Excluido (no agudo),Dentro de banda
27001138,Base XiX C.A.P.S.,Municipal,Ezeiza,0,,,,,,,Sin internacion,"3,107649896623019","0,025671042729325196",,,Excluido (no agudo),Dentro de banda
41201195,C. Móvil Asist. Salud para mi Gente,Municipal,José C. Paz,0,,,,,,,Sin internacion,"3,107649896623019","0,025671042729325196",,,Excluido (no agudo),Dentro de banda
71400259,C.A.P.S Dr. Ramón Carrillo,Municipal,Salto,0,,,,,,,Sin internacion,"3,107649896623019","0,025671042729325196",,,Excluido (no agudo),Dentro de banda
70700283,C.A.P.S Móvil Dra. Mabel Santiago,Municipal,Saladillo,0,,,,,,,Sin internacion,"3,107649896623019","0,025671042729325196",,,Excluido (no agudo),Dentro de banda
12600481,C.A.P.S N° 26,Municipal,Campana,0,,,,,,,Sin internacion,"3,107649896623019","0,025671042729325196",,,Excluido (no agudo),Dentro de banda
55300122,C.A.P.S Polideportivo Municipal M. Hermoso,Municipal,Monte Hermoso,0,,,,,,,Sin internacion,"3,107649896623019","0,025671042729325196",,,Excluido (no agudo),Dentro de banda
75601935,C.A.P.S San Pantaleón.,Municipal,San Isidro,0,,,,,,,Sin internacion,"3,107649896623019","0,025671042729325196",,,Excluido (no agudo),Dentro de banda
75600732,C.A.P.S.  La  Rivera,Municipal,San Isidro,0,,,,,,,Sin internacion,"3,107649896623019","0,025671042729325196",,,Excluido (no agudo),Dentro de banda
56800963,C.A.P.S. 10 de Agosto,Municipal,Morón,0,,,,,,,Sin internacion,"3,107649896623019","0,025671042729325196",,,Excluido (no agudo),Dentro de banda
70700151,C.A.P.S. 31 de Julio,Municipal,Saladillo,0,,,,,,,Sin internacion,"3,107649896623019","0,025671042729325196",,,Excluido (no agudo),Dentro de banda
37100106,C.A.P.S. A. Nº 10 Bo. Esperanza,Municipal,General San Martín,0,,,,,,,Sin internacion,"3,107649896623019","0,025671042729325196",,,Excluido (no agudo),Dentro de banda
25200318,C.A.P.S. A. Peñalba,Municipal,Escobar,0,,,,,,,Sin internacion,"3,107649896623019","0,025671042729325196",,,Excluido (no agudo),Dentro de banda
25200326,C.A.P.S. A. Sambrano,Municipal,Escobar,0,,,,,,,Sin internacion,"3,107649896623019","0,025671042729325196",,,Excluido (no agudo),Dentro de banda
53200436,C.A.P.S. Adultos Mayores,Municipal,Mercedes,0,,,,,,,Sin internacion,"3,107649896623019","0,025671042729325196",,,Excluido (no agudo),Dentro de banda
25200237,C.A.P.S. Alfredo Vilar,Municipal,Escobar,0,,,,,,,Sin internacion,"3,107649896623019","0,025671042729325196",,,Excluido (no agudo),Dentro de banda
56801269,C.A.P.S. Almafuerte,Municipal,Morón,0,,,,,,,Sin internacion,"3,107649896623019","0,025671042729325196",,,Excluido (no agudo),Dentro de banda
53200391,C.A.P.S. Altamira,Municipal,Mercedes,0,,,,,,,Sin internacion,"3,107649896623019","0,025671042729325196",,,Excluido (no agudo),Dentro de banda
70700097,C.A.P.S. Alvarez de Toledo,Municipal,Saladillo,0,,,,,,,Sin internacion,"3,107649896623019","0,025671042729325196",,,Excluido (no agudo),Dentro de banda
49700435,C.A.P.S. Ameghino,Municipal,Luján,0,,,,,,,Sin internacion,"3,107649896623019","0,025671042729325196",,,Excluido (no agudo),Dentro de banda
64800298,C.A.P.S. América Unida A. Ilia,Municipal,Presidente Perón,0,,,,,,,Sin internacion,"3,107649896623019","0,025671042729325196",,,Excluido (no agudo),Dentro de banda
70700160,C.A.P.S. Asencio Ibarbia,Municipal,Saladillo,0,,,,,,,Sin internacion,"3,107649896623019","0,025671042729325196",,,Excluido (no agudo),Dentro de banda
75600660,C.A.P.S. Bajo Boulogne,Municipal,San Isidro,0,,,,,,,Sin internacion,"3,107649896623019","0,025671042729325196",,,Excluido (no agudo),Dentro de banda
16100092,C.A.P.S. Barrio Altos del Canal,Municipal,Carmen de Areco,0,,,,,,,Sin internacion,"3,107649896623019","0,025671042729325196",,,Excluido (no agudo),Dentro de banda
16100076,C.A.P.S. Bo. Abel Etchart,Municipal,Carmen de Areco,0,,,,,,,Sin internacion,"3,107649896623019","0,025671042729325196",,,Excluido (no agudo),Dentro de banda
42000306,C.A.P.S. Bo. Barrio San Martín,Municipal,La Costa,0,,,,,,,Sin internacion,"3,107649896623019","0,025671042729325196",,,Excluido (no agudo),Dentro de banda
31500102,C.A.P.S. Bo. Belgrano,Municipal,General Juan Madariaga,0,,,,,,,Sin internacion,"3,107649896623019","0,025671042729325196",,,Excluido (no agudo),Dentro de banda
28000131,C.A.P.S. Bo. Belgrano,Municipal,General Alvarado,0,,,,,,,Sin internacion,"3,107649896623019","0,025671042729325196",,,Excluido (no agudo),Dentro de banda
07700125,C.A.P.S. Bo. El Sol,Municipal,Arrecifes,,,,,,,,Sin internacion,"3,107649896623019","0,025671042729325196",,,Excluido (no agudo),Dentro de banda
7700125,C.A.P.S. Bo. El Sol,Municipal,Arrecifes,0,,,,,,,Sin internacion,"3,107649896623019","0,025671042729325196",,,Excluido (no agudo),Dentro de banda
7700061,C.A.P.S. Bo. FONAVI R. Carrillo,Municipal,Arrecifes,0,,,,,,,Sin internacion,"3,107649896623019","0,025671042729325196",,,Excluido (no agudo),Dentro de banda
07700061,C.A.P.S. Bo. FONAVI R. Carrillo,Municipal,Arrecifes,,,,,,,,Sin internacion,"3,107649896623019","0,025671042729325196",,,Excluido (no agudo),Dentro de banda
42000250,C.A.P.S. Bo. Las Quintas,Municipal,La Costa,0,,,,,,,Sin internacion,"3,107649896623019","0,025671042729325196",,,Excluido (no agudo),Dentro de banda
56800653,C.A.P.S. Bo. Marina,Municipal,Morón,0,,,,,,,Sin internacion,"3,107649896623019","0,025671042729325196",,,Excluido (no agudo),Dentro de banda
16100068,C.A.P.S. Bo. Marín,Municipal,Carmen de Areco,0,,,,,,,Sin internacion,"3,107649896623019","0,025671042729325196",,,Excluido (no agudo),Dentro de banda
16100050,C.A.P.S. Bo. Norte,Municipal,Carmen de Areco,0,,,,,,,Sin internacion,"3,107649896623019","0,025671042729325196",,,Excluido (no agudo),Dentro de banda
31500111,C.A.P.S. Bo. Norte,Municipal,General Juan Madariaga,0,,,,,,,Sin internacion,"3,107649896623019","0,025671042729325196",,,Excluido (no agudo),Dentro de banda
75601990,C.A.P.S. Bo. Obrero,Municipal,San Isidro,0,,,,,,,Sin internacion,"3,107649896623019","0,025671042729325196",,,Excluido (no agudo),Dentro de banda
28000140,C.A.P.S. Bo. Oeste,Municipal,General Alvarado,0,,,,,,,Sin internacion,"3,107649896623019","0,025671042729325196",,,Excluido (no agudo),Dentro de banda
42000276,C.A.P.S. Bo. P. J. Rocco,Municipal,La Costa,0,,,,,,,Sin internacion,"3,107649896623019","0,025671042729325196",,,Excluido (no agudo),Dentro de banda
28000123,C.A.P.S. Bo. Parque Bristol,Municipal,General Alvarado,0,,,,,,,Sin internacion,"3,107649896623019","0,025671042729325196",,,Excluido (no agudo),Dentro de banda
68600077,C.A.P.S. Bo. Progreso,Municipal,Rojas,0,,,,,,,Sin internacion,"3,107649896623019","0,025671042729325196",,,Excluido (no agudo),Dentro de banda
16100084,C.A.P.S. Bo. Rigacci,Municipal,Carmen de Areco,,,,,,,,Sin internacion,"3,107649896623019","0,025671042729325196",,,Excluido (no agudo),Dentro de banda
31500129,C.A.P.S. Bo. San Martín,Municipal,General Juan Madariaga,0,,,,,,,Sin internacion,"3,107649896623019","0,025671042729325196",,,Excluido (no agudo),Dentro de banda
7700117,C.A.P.S. Bo. Santa Lina,Municipal,Arrecifes,0,,,,,,,Sin internacion,"3,107649896623019","0,025671042729325196",,,Excluido (no agudo),Dentro de banda
07700117,C.A.P.S. Bo. Santa Lina,Municipal,Arrecifes,,,,,,,,Sin internacion,"3,107649896623019","0,025671042729325196",,,Excluido (no agudo),Dentro de banda
07700079,C.A.P.S. Bo. Santa Teresita,Municipal,Arrecifes,,,,,,,,Sin internacion,"3,107649896623019","0,025671042729325196",,,Excluido (no agudo),Dentro de banda
7700079,C.A.P.S. Bo. Santa Teresita,Municipal,Arrecifes,0,,,,,,,Sin internacion,"3,107649896623019","0,025671042729325196",,,Excluido (no agudo),Dentro de banda
68600093,C.A.P.S. Bo. Sta. Teresa,Municipal,Rojas,0,,,,,,,Sin internacion,"3,107649896623019","0,025671042729325196",,,Excluido (no agudo),Dentro de banda
68600085,C.A.P.S. Bo. Unión,Municipal,Rojas,0,,,,,,,Sin internacion,"3,107649896623019","0,025671042729325196",,,Excluido (no agudo),Dentro de banda
42000331,C.A.P.S. B° Chino,Municipal,La Costa,0,,,,,,,Sin internacion,"3,107649896623019","0,025671042729325196",,,Excluido (no agudo),Dentro de banda
7000158,C.A.P.S. C. Liaudat,Municipal,Baradero,0,,,,,,,Sin internacion,"3,107649896623019","0,025671042729325196",,,Excluido (no agudo),Dentro de banda
07000158,C.A.P.S. C. Liaudat,Municipal,Baradero,,,,,,,,Sin internacion,"3,107649896623019","0,025671042729325196",,,Excluido (no agudo),Dentro de banda
68600018,C.A.P.S. Carabelas,Municipal,Rojas,0,,,,,,,Sin internacion,"3,107649896623019","0,025671042729325196",,,Excluido (no agudo),Dentro de banda
07000042,C.A.P.S. Carmelo Di Gregorio,Municipal,Baradero,,,,,,,,Sin internacion,"3,107649896623019","0,025671042729325196",,,Excluido (no agudo),Dentro de banda
7000042,C.A.P.S. Carmelo Di Gregorio,Municipal,Baradero,0,,,,,,,Sin internacion,"3,107649896623019","0,025671042729325196",,,Excluido (no agudo),Dentro de banda
70700089,C.A.P.S. Cazón,Municipal,Saladillo,0,,,,,,,Sin internacion,"3,107649896623019","0,025671042729325196",,,Excluido (no agudo),Dentro de banda
12600603,C.A.P.S. Centro de Salud Colinas de Otamendi,Municipal,Campana,0,,,,,,,Sin internacion,"3,107649896623019","0,025671042729325196",,,Excluido (no agudo),Dentro de banda
42000136,C.A.P.S. Costa Azul,Municipal,La Costa,0,,,,,,,Sin internacion,"3,107649896623019","0,025671042729325196",,,Excluido (no agudo),Dentro de banda
25200642,C.A.P.S. DR. RAUL FRANCISCO PROTA,Municipal,Escobar,0,,,,,,,Sin internacion,"3,107649896623019","0,025671042729325196",,,Excluido (no agudo),Dentro de banda
75600635,C.A.P.S. Diagonal Salta,Municipal,San Isidro,0,,,,,,,Sin internacion,"3,107649896623019","0,025671042729325196",,,Excluido (no agudo),Dentro de banda
60900187,C.A.P.S. Don Domingo,Municipal,Pehuajó,0,,,,,,,Sin internacion,"3,107649896623019","0,025671042729325196",,,Excluido (no agudo),Dentro de banda
10500251,C.A.P.S. Dr. Bo. Cooperativa de la Vivienda,Municipal,Bolívar,0,,,,,,,Sin internacion,"3,107649896623019","0,025671042729325196",,,Excluido (no agudo),Dentro de banda
10500226,C.A.P.S. Dr. F. Ravassi,Municipal,Bolívar,0,,,,,,,Sin internacion,"3,107649896623019","0,025671042729325196",,,Excluido (no agudo),Dentro de banda
60900101,C.A.P.S. Dr. Ferreyra,Municipal,Pehuajó,0,,,,,,,Sin internacion,"3,107649896623019","0,025671042729325196",,,Excluido (no agudo),Dentro de banda
56800891,C.A.P.S. Dr. Gelpi,Municipal,Morón,0,,,,,,,Sin internacion,"3,107649896623019","0,025671042729325196",,,Excluido (no agudo),Dentro de banda
10500170,C.A.P.S. Dr. J. M. Tonelli,Municipal,Bolívar,0,,,,,,,Sin internacion,"3,107649896623019","0,025671042729325196",,,Excluido (no agudo),Dentro de banda
25200067,C.A.P.S. Dr. L. Resio,Municipal,Escobar,0,,,,,,,Sin internacion,"3,107649896623019","0,025671042729325196",,,Excluido (no agudo),Dentro de banda
07000174,C.A.P.S. Dr. Luis F. Leloir,Municipal,Baradero,,,,,,,,Sin internacion,"3,107649896623019","0,025671042729325196",,,Excluido (no agudo),Dentro de banda
7000174,C.A.P.S. Dr. Luis F. Leloir,Municipal,Baradero,0,,,,,,,Sin internacion,"3,107649896623019","0,025671042729325196",,,Excluido (no agudo),Dentro de banda
56800637,C.A.P.S. Dr. Monte,Municipal,Morón,0,,,,,,,Sin internacion,"3,107649896623019","0,025671042729325196",,,Excluido (no agudo),Dentro de banda
75600538,C.A.P.S. Dr. R. Carrillo,Municipal,San Isidro,0,,,,,,,Sin internacion,"3,107649896623019","0,025671042729325196",,,Excluido (no agudo),Dentro de banda
64800742,C.A.P.S. Dr. R. Matera,Municipal,Presidente Perón,0,,,,,,,Sin internacion,"3,107649896623019","0,025671042729325196",,,Excluido (no agudo),Dentro de banda
60900110,C.A.P.S. Dr. Raúl Peláez,Municipal,Pehuajó,0,,,,,,,Sin internacion,"3,107649896623019","0,025671042729325196",,,Excluido (no agudo),Dentro de banda
10500234,C.A.P.S. Dr. W. González,Municipal,Bolívar,0,,,,,,,Sin internacion,"3,107649896623019","0,025671042729325196",,,Excluido (no agudo),Dentro de banda
25200648,C.A.P.S. Dra Elena Del Carmen Rojas,Municipal,Escobar,0,,,,,,,Sin internacion,"3,107649896623019","0,025671042729325196",,,Excluido (no agudo),Dentro de banda
79100301,C.A.P.S. E. Olivero,Municipal,Tandil,0,,,,,,,Sin internacion,"3,107649896623019","0,025671042729325196",,,Excluido (no agudo),Dentro de banda
60900144,C.A.P.S. El Cerrito,Municipal,Pehuajó,0,,,,,,,Sin internacion,"3,107649896623019","0,025671042729325196",,,Excluido (no agudo),Dentro de banda
49700389,C.A.P.S. El Milagro,Municipal,Luján,0,,,,,,,Sin internacion,"3,107649896623019","0,025671042729325196",,,Excluido (no agudo),Dentro de banda
25200105,C.A.P.S. Eva Perón,Municipal,Escobar,0,,,,,,,Sin internacion,"3,107649896623019","0,025671042729325196",,,Excluido (no agudo),Dentro de banda
53200200,C.A.P.S. F. Quiroga,Municipal,Mercedes,0,,,,,,,Sin internacion,"3,107649896623019","0,025671042729325196",,,Excluido (no agudo),Dentro de banda
16100041,C.A.P.S. Gowin,Municipal,Carmen de Areco,0,,,,,,,Sin internacion,"3,107649896623019","0,025671042729325196",,,Excluido (no agudo),Dentro de banda
79100319,C.A.P.S. Gral. Belgrano,Municipal,Tandil,0,,,,,,,Sin internacion,"3,107649896623019","0,025671042729325196",,,Excluido (no agudo),Dentro de banda
51501478,C.A.P.S. Grand Bourg Sur,Municipal,Malvinas Argentinas,0,,,,,,,Sin internacion,"3,107649896623019","0,025671042729325196",,,Excluido (no agudo),Dentro de banda
64800025,C.A.P.S. Guernica,Municipal,Presidente Perón,0,,,,,,,Sin internacion,"3,107649896623019","0,025671042729325196",,,Excluido (no agudo),Dentro de banda
53200153,C.A.P.S. H. Irigoyen,Municipal,Mercedes,0,,,,,,,Sin internacion,"3,107649896623019","0,025671042729325196",,,Excluido (no agudo),Dentro de banda
70700186,C.A.P.S. Hilario Armendariz,Municipal,Saladillo,0,,,,,,,Sin internacion,"3,107649896623019","0,025671042729325196",,,Excluido (no agudo),Dentro de banda
07000204,C.A.P.S. Intendente P. Carossi,Municipal,Baradero,,,,,,,,Sin internacion,"3,107649896623019","0,025671042729325196",,,Excluido (no agudo),Dentro de banda
7000204,C.A.P.S. Intendente P. Carossi,Municipal,Baradero,0,,,,,,,Sin internacion,"3,107649896623019","0,025671042729325196",,,Excluido (no agudo),Dentro de banda
7000051,C.A.P.S. Intendente P. Carossi - Alsina,Municipal,Baradero,0,,,,,,,Sin internacion,"3,107649896623019","0,025671042729325196",,,Excluido (no agudo),Dentro de banda
07000051,C.A.P.S. Intendente P. Carossi - Alsina,Municipal,Baradero,,,,,,,,Sin internacion,"3,107649896623019","0,025671042729325196",,,Excluido (no agudo),Dentro de banda
28000085,C.A.P.S. J. De Dios Estela,Municipal,General Alvarado,0,,,,,,,Sin internacion,"3,107649896623019","0,025671042729325196",,,Excluido (no agudo),Dentro de banda
53200234,C.A.P.S. José Hernández,Municipal,Mercedes,0,,,,,,,Sin internacion,"3,107649896623019","0,025671042729325196",,,Excluido (no agudo),Dentro de banda
60900161,C.A.P.S. José Hernández,Municipal,Pehuajó,0,,,,,,,Sin internacion,"3,107649896623019","0,025671042729325196",,,Excluido (no agudo),Dentro de banda
7000166,C.A.P.S. José P. Astigueta,Municipal,Baradero,0,,,,,,,Sin internacion,"3,107649896623019","0,025671042729325196",,,Excluido (no agudo),Dentro de banda
07000166,C.A.P.S. José P. Astigueta,Municipal,Baradero,,,,,,,,Sin internacion,"3,107649896623019","0,025671042729325196",,,Excluido (no agudo),Dentro de banda
25200164,C.A.P.S. Juan C. Selles,Municipal,Escobar,0,,,,,,,Sin internacion,"3,107649896623019","0,025671042729325196",,,Excluido (no agudo),Dentro de banda
56801340,C.A.P.S. Juana Azurduy,Municipal,Morón,0,,,,,,,Sin internacion,"3,107649896623019","0,025671042729325196",,,Excluido (no agudo),Dentro de banda
79100386,C.A.P.S. L. de la Torre,Municipal,Tandil,0,,,,,,,Sin internacion,"3,107649896623019","0,025671042729325196",,,Excluido (no agudo),Dentro de banda
28000107,C.A.P.S. La Ballenera,Municipal,General Alvarado,0,,,,,,,Sin internacion,"3,107649896623019","0,025671042729325196",,,Excluido (no agudo),Dentro de banda
07700109,C.A.P.S. La Cumbre,Municipal,Arrecifes,,,,,,,,Sin internacion,"3,107649896623019","0,025671042729325196",,,Excluido (no agudo),Dentro de banda
7700109,C.A.P.S. La Cumbre,Municipal,Arrecifes,0,,,,,,,Sin internacion,"3,107649896623019","0,025671042729325196",,,Excluido (no agudo),Dentro de banda
64800484,C.A.P.S. La Lata,Municipal,Presidente Perón,0,,,,,,,Sin internacion,"3,107649896623019","0,025671042729325196",,,Excluido (no agudo),Dentro de banda
64800688,C.A.P.S. La Lata,Provincial,Presidente Perón,12998,"4332,666666666667","4,750038467456532","0,018156639482997384","87,66666666666667","0,6258748563668651","49,42205323193917",Agudos,"5,54963563866355","0,04447215295095595","0,8559189786017061","0,40826985603824023",Normal,Dentro de banda
39200279,C.A.P.S. Leonardo Favio,Municipal,General Villegas,0,,,,,,,Sin internacion,"3,107649896623019","0,025671042729325196",,,Excluido (no agudo),Dentro de banda
56800734,C.A.P.S. Loma Verde,Municipal,Morón,0,,,,,,,Sin internacion,"3,107649896623019","0,025671042729325196",,,Excluido (no agudo),Dentro de banda
53200242,C.A.P.S. Lomas del Pacífico,Municipal,Mercedes,0,,,,,,,Sin internacion,"3,107649896623019","0,025671042729325196",,,Excluido (no agudo),Dentro de banda
53200081,C.A.P.S. Los Blandengues,Municipal,Mercedes,0,,,,,,,Sin internacion,"3,107649896623019","0,025671042729325196",,,Excluido (no agudo),Dentro de banda
49700478,C.A.P.S. Los Laureles,Municipal,Luján,0,,,,,,,Sin internacion,"3,107649896623019","0,025671042729325196",,,Excluido (no agudo),Dentro de banda
7000247,C.A.P.S. Los Laureles,Municipal,Baradero,0,,,,,,,Sin internacion,"3,107649896623019","0,025671042729325196",,,Excluido (no agudo),Dentro de banda
07000247,C.A.P.S. Los Laureles,Municipal,Baradero,,,,,,,,Sin internacion,"3,107649896623019","0,025671042729325196",,,Excluido (no agudo),Dentro de banda
7000239,C.A.P.S. Los Patos,Municipal,Baradero,0,,,,,,,Sin internacion,"3,107649896623019","0,025671042729325196",,,Excluido (no agudo),Dentro de banda
07000239,C.A.P.S. Los Patos,Municipal,Baradero,,,,,,,,Sin internacion,"3,107649896623019","0,025671042729325196",,,Excluido (no agudo),Dentro de banda
53200366,C.A.P.S. Los Robles,Municipal,Mercedes,0,,,,,,,Sin internacion,"3,107649896623019","0,025671042729325196",,,Excluido (no agudo),Dentro de banda
53200013,C.A.P.S. Luis Agote,Municipal,Mercedes,0,,,,,,,Sin internacion,"3,107649896623019","0,025671042729325196",,,Excluido (no agudo),Dentro de banda
53200048,C.A.P.S. Luis Agote,Provincial,Mercedes,13682,"4560,666666666667","4,498465136675924","0,04480339131705891","104,66666666666667","0,5567513649727005","43,57324840764331",Agudos,"5,54963563866355","0,04447215295095595","0,8105874744885475","1,00744821970882",Normal,Dentro de banda
25200649,C.A.P.S. MARCELO ENRIQUE DIMAIO,Municipal,Escobar,0,,,,,,,Sin internacion,"3,107649896623019","0,025671042729325196",,,Excluido (no agudo),Dentro de banda
56800696,C.A.P.S. Malvinas Argentinas,Municipal,Morón,0,,,,,,,Sin internacion,"3,107649896623019","0,025671042729325196",,,Excluido (no agudo),Dentro de banda
42000161,C.A.P.S. Mar de Ajó Norte,Municipal,La Costa,0,,,,,,,Sin internacion,"3,107649896623019","0,025671042729325196",,,Excluido (no agudo),Dentro de banda
53200129,C.A.P.S. Martín Güemes,Municipal,Mercedes,0,,,,,,,Sin internacion,"3,107649896623019","0,025671042729325196",,,Excluido (no agudo),Dentro de banda
07000182,C.A.P.S. Ntra. Sra. de Pompeya,Municipal,Baradero,,,,,,,,Sin internacion,"3,107649896623019","0,025671042729325196",,,Excluido (no agudo),Dentro de banda
7000182,C.A.P.S. Ntra. Sra. de Pompeya,Municipal,Baradero,0,,,,,,,Sin internacion,"3,107649896623019","0,025671042729325196",,,Excluido (no agudo),Dentro de banda
56800807,C.A.P.S. Ntra. Sra. del Valle,Municipal,Morón,0,,,,,,,Sin internacion,"3,107649896623019","0,025671042729325196",,,Excluido (no agudo),Dentro de banda
12600449,C.A.P.S. N° 23 Río Luján,Municipal,Campana,0,,,,,,,Sin internacion,"3,107649896623019","0,025671042729325196",,,Excluido (no agudo),Dentro de banda
12600058,C.A.P.S. Nº 1 Del Pino,Municipal,Campana,0,,,,,,,Sin internacion,"3,107649896623019","0,025671042729325196",,,Excluido (no agudo),Dentro de banda
12600252,C.A.P.S. Nº 10,Municipal,Campana,0,,,,,,,Sin internacion,"3,107649896623019","0,025671042729325196",,,Excluido (no agudo),Dentro de banda
12600244,C.A.P.S. Nº 11 Santa Lucía,Municipal,Campana,0,,,,,,,Sin internacion,"3,107649896623019","0,025671042729325196",,,Excluido (no agudo),Dentro de banda
12600236,C.A.P.S. Nº 12 San Felipe,Municipal,Campana,0,,,,,,,Sin internacion,"3,107649896623019","0,025671042729325196",,,Excluido (no agudo),Dentro de banda
37100530,C.A.P.S. Nº 12 V. Piaggio,Municipal,General San Martín,0,,,,,,,Sin internacion,"3,107649896623019","0,025671042729325196",,,Excluido (no agudo),Dentro de banda
12600287,C.A.P.S. Nº 13 Las Esperanza,Municipal,Campana,0,,,,,,,Sin internacion,"3,107649896623019","0,025671042729325196",,,Excluido (no agudo),Dentro de banda
12600279,C.A.P.S. Nº 14 Las Praderas,Municipal,Campana,0,,,,,,,Sin internacion,"3,107649896623019","0,025671042729325196",,,Excluido (no agudo),Dentro de banda
12600295,C.A.P.S. Nº 15 Río Paraná,Municipal,Campana,0,,,,,,,Sin internacion,"3,107649896623019","0,025671042729325196",,,Excluido (no agudo),Dentro de banda
12600309,C.A.P.S. Nº 16 San Jacinto,Municipal,Campana,0,,,,,,,Sin internacion,"3,107649896623019","0,025671042729325196",,,Excluido (no agudo),Dentro de banda
12600317,C.A.P.S. Nº 17 Las Campanas,Municipal,Campana,0,,,,,,,Sin internacion,"3,107649896623019","0,025671042729325196",,,Excluido (no agudo),Dentro de banda
12600325,C.A.P.S. Nº 18 Siderca,Municipal,Campana,0,,,,,,,Sin internacion,"3,107649896623019","0,025671042729325196",,,Excluido (no agudo),Dentro de banda
12600333,C.A.P.S. Nº 19,Municipal,Campana,0,,,,,,,Sin internacion,"3,107649896623019","0,025671042729325196",,,Excluido (no agudo),Dentro de banda
12600180,C.A.P.S. Nº 2 Otamendi,Municipal,Campana,0,,,,,,,Sin internacion,"3,107649896623019","0,025671042729325196",,,Excluido (no agudo),Dentro de banda
12600341,C.A.P.S. Nº 20 Sarmiento,Municipal,Campana,0,,,,,,,Sin internacion,"3,107649896623019","0,025671042729325196",,,Excluido (no agudo),Dentro de banda
12600350,C.A.P.S. Nº 21 Albizola,Municipal,Campana,0,,,,,,,Sin internacion,"3,107649896623019","0,025671042729325196",,,Excluido (no agudo),Dentro de banda
12600384,C.A.P.S. Nº 22 Canal Martín Irigoyen,Municipal,Campana,0,,,,,,,Sin internacion,"3,107649896623019","0,025671042729325196",,,Excluido (no agudo),Dentro de banda
12600406,C.A.P.S. Nº 24 Los Pioneros,Municipal,Campana,0,,,,,,,Sin internacion,"3,107649896623019","0,025671042729325196",,,Excluido (no agudo),Dentro de banda
12600163,C.A.P.S. Nº 5 Ariel del Plata,Municipal,Campana,0,,,,,,,Sin internacion,"3,107649896623019","0,025671042729325196",,,Excluido (no agudo),Dentro de banda
12600074,C.A.P.S. Nº 6 Villanueva,Municipal,Campana,0,,,,,,,Sin internacion,"3,107649896623019","0,025671042729325196",,,Excluido (no agudo),Dentro de banda
12600228,C.A.P.S. Nº 7 Las Acacias,Municipal,Campana,0,,,,,,,Sin internacion,"3,107649896623019","0,025671042729325196",,,Excluido (no agudo),Dentro de banda
12600171,C.A.P.S. Nº 8 Islas,Municipal,Campana,0,,,,,,,Sin internacion,"3,107649896623019","0,025671042729325196",,,Excluido (no agudo),Dentro de banda
37101737,C.A.P.S. Nº11 Santa Ana,Municipal,General San Martín,0,,,,,,,Sin internacion,"3,107649896623019","0,025671042729325196",,,Excluido (no agudo),Dentro de banda
49700419,C.A.P.S. Open Door,Municipal,Luján,0,,,,,,,Sin internacion,"3,107649896623019","0,025671042729325196",,,Excluido (no agudo),Dentro de banda
49700451,C.A.P.S. Padre Varela,Municipal,Luján,0,,,,,,,Sin internacion,"3,107649896623019","0,025671042729325196",,,Excluido (no agudo),Dentro de banda
64800084,C.A.P.S. Parque Americano,Municipal,Presidente Perón,0,,,,,,,Sin internacion,"3,107649896623019","0,025671042729325196",,,Excluido (no agudo),Dentro de banda
28000093,C.A.P.S. Parque Mar,Municipal,General Alvarado,0,,,,,,,Sin internacion,"3,107649896623019","0,025671042729325196",,,Excluido (no agudo),Dentro de banda
53200196,C.A.P.S. Peñaloza,Municipal,Mercedes,0,,,,,,,Sin internacion,"3,107649896623019","0,025671042729325196",,,Excluido (no agudo),Dentro de banda
70700062,C.A.P.S. Polvaredas,Municipal,Saladillo,0,,,,,,,Sin internacion,"3,107649896623019","0,025671042729325196",,,Excluido (no agudo),Dentro de banda
10500196,C.A.P.S. Pompeya,Municipal,Bolívar,0,,,,,,,Sin internacion,"3,107649896623019","0,025671042729325196",,,Excluido (no agudo),Dentro de banda
49700346,C.A.P.S. Pque. Lasa,Municipal,Luján,0,,,,,,,Sin internacion,"3,107649896623019","0,025671042729325196",,,Excluido (no agudo),Dentro de banda
56800912,C.A.P.S. Pte. Ibañez,Municipal,Morón,0,,,,,,,Sin internacion,"3,107649896623019","0,025671042729325196",,,Excluido (no agudo),Dentro de banda
68600051,C.A.P.S. R. Obligado,Municipal,Rojas,0,,,,,,,Sin internacion,"3,107649896623019","0,025671042729325196",,,Excluido (no agudo),Dentro de banda
25200270,C.A.P.S. Ramón Carrillo,Municipal,Escobar,0,,,,,,,Sin internacion,"3,107649896623019","0,025671042729325196",,,Excluido (no agudo),Dentro de banda
72800137,C.A.P.S. Ramón Carrillo,Municipal,San Andrés de Giles,0,,,,,,,Sin internacion,"3,107649896623019","0,025671042729325196",,,Excluido (no agudo),Dentro de banda
25200651,C.A.P.S. SAN MIGUEL,Municipal,Escobar,0,,,,,,,Sin internacion,"3,107649896623019","0,025671042729325196",,,Excluido (no agudo),Dentro de banda
70700101,C.A.P.S. Saavedra,Municipal,Saladillo,0,,,,,,,Sin internacion,"3,107649896623019","0,025671042729325196",,,Excluido (no agudo),Dentro de banda
70700127,C.A.P.S. Saladillo Norte,Municipal,Saladillo,0,,,,,,,Sin internacion,"3,107649896623019","0,025671042729325196",,,Excluido (no agudo),Dentro de banda
42000268,C.A.P.S. San Bernardo,Municipal,La Costa,0,,,,,,,Sin internacion,"3,107649896623019","0,025671042729325196",,,Excluido (no agudo),Dentro de banda
53200161,C.A.P.S. San Francisco,Municipal,Mercedes,0,,,,,,,Sin internacion,"3,107649896623019","0,025671042729325196",,,Excluido (no agudo),Dentro de banda
75601194,C.A.P.S. San Isidro Labrador,Municipal,San Isidro,0,,,,,,,Sin internacion,"3,107649896623019","0,025671042729325196",,,Excluido (no agudo),Dentro de banda
53200102,C.A.P.S. San José,Municipal,Mercedes,0,,,,,,,Sin internacion,"3,107649896623019","0,025671042729325196",,,Excluido (no agudo),Dentro de banda
53200137,C.A.P.S. San Martín,Municipal,Mercedes,0,,,,,,,Sin internacion,"3,107649896623019","0,025671042729325196",,,Excluido (no agudo),Dentro de banda
64800114,C.A.P.S. San Martín,Municipal,Presidente Perón,0,,,,,,,Sin internacion,"3,107649896623019","0,025671042729325196",,,Excluido (no agudo),Dentro de banda
70700135,C.A.P.S. San Roque,Municipal,Saladillo,0,,,,,,,Sin internacion,"3,107649896623019","0,025671042729325196",,,Excluido (no agudo),Dentro de banda
7000069,C.A.P.S. Santa Coloma,Municipal,Baradero,0,,,,,,,Sin internacion,"3,107649896623019","0,025671042729325196",,,Excluido (no agudo),Dentro de banda
07000069,C.A.P.S. Santa Coloma,Municipal,Baradero,,,,,,,,Sin internacion,"3,107649896623019","0,025671042729325196",,,Excluido (no agudo),Dentro de banda
56801399,C.A.P.S. Santa Laura,Municipal,Morón,0,,,,,,,Sin internacion,"3,107649896623019","0,025671042729325196",,,Excluido (no agudo),Dentro de banda
60900136,C.A.P.S. Sta. Teresita Fonavi II,Municipal,Pehuajó,0,,,,,,,Sin internacion,"3,107649896623019","0,025671042729325196",,,Excluido (no agudo),Dentro de banda
53200072,C.A.P.S. Tomás Jofré,Municipal,Mercedes,0,,,,,,,Sin internacion,"3,107649896623019","0,025671042729325196",,,Excluido (no agudo),Dentro de banda
7700036,C.A.P.S. Tood,Municipal,Arrecifes,0,,,,,,,Sin internacion,"3,107649896623019","0,025671042729325196",,,Excluido (no agudo),Dentro de banda
07700036,C.A.P.S. Tood,Municipal,Arrecifes,,,,,,,,Sin internacion,"3,107649896623019","0,025671042729325196",,,Excluido (no agudo),Dentro de banda
16100025,C.A.P.S. Tres Sargentos,Municipal,Carmen de Areco,0,,,,,,,Sin internacion,"3,107649896623019","0,025671042729325196",,,Excluido (no agudo),Dentro de banda
53200188,C.A.P.S. Trocha,Municipal,Mercedes,0,,,,,,,Sin internacion,"3,107649896623019","0,025671042729325196",,,Excluido (no agudo),Dentro de banda
79100181,C.A.P.S. Unión y Progreso,Municipal,Tandil,0,,,,,,,Sin internacion,"3,107649896623019","0,025671042729325196",,,Excluido (no agudo),Dentro de banda
64800068,C.A.P.S. Va. Numancia,Municipal,Presidente Perón,0,,,,,,,Sin internacion,"3,107649896623019","0,025671042729325196",,,Excluido (no agudo),Dentro de banda
56800700,C.A.P.S. Va. Rivadavia,Municipal,Morón,0,,,,,,,Sin internacion,"3,107649896623019","0,025671042729325196",,,Excluido (no agudo),Dentro de banda
42000314,C.A.P.S. Villa Clelia,Municipal,La Costa,0,,,,,,,Sin internacion,"3,107649896623019","0,025671042729325196",,,Excluido (no agudo),Dentro de banda
7700087,C.A.P.S. Villa Sanguinetti J. Aguilera,Municipal,Arrecifes,0,,,,,,,Sin internacion,"3,107649896623019","0,025671042729325196",,,Excluido (no agudo),Dentro de banda
07700087,C.A.P.S. Villa Sanguinetti J. Aguilera,Municipal,Arrecifes,,,,,,,,Sin internacion,"3,107649896623019","0,025671042729325196",,,Excluido (no agudo),Dentro de banda
07700052,C.A.P.S. Viña,Municipal,Arrecifes,,,,,,,,Sin internacion,"3,107649896623019","0,025671042729325196",,,Excluido (no agudo),Dentro de banda
7700052,C.A.P.S. Viña,Municipal,Arrecifes,0,,,,,,,Sin internacion,"3,107649896623019","0,025671042729325196",,,Excluido (no agudo),Dentro de banda
79100092,C.A.P.S. de Cerro Leones,Municipal,Tandil,0,,,,,,,Sin internacion,"3,107649896623019","0,025671042729325196",,,Excluido (no agudo),Dentro de banda
79100017,C.A.P.S. de Gardey,Municipal,Tandil,0,,,,,,,Sin internacion,"3,107649896623019","0,025671042729325196",,,Excluido (no agudo),Dentro de banda
10500218,C.A.P.S. de Unzué,Municipal,Bolívar,0,,,,,,,Sin internacion,"3,107649896623019","0,025671042729325196",,,Excluido (no agudo),Dentro de banda
12600082,C.I.C Nº 3 Lubo,Municipal,Campana,0,,,,,,,Sin internacion,"3,107649896623019","0,025671042729325196",,,Excluido (no agudo),Dentro de banda
12600261,C.I.C. Nº 25 9 de Julio,Municipal,Campana,0,,,,,,,Sin internacion,"3,107649896623019","0,025671042729325196",,,Excluido (no agudo),Dentro de banda
3501098,C.I.C. San Lorenzo,Municipal,Avellaneda,0,,,,,,,Sin internacion,"3,107649896623019","0,025671042729325196",,,Excluido (no agudo),Dentro de banda
3501712,C.I.C. Santo Domingo,Municipal,Avellaneda,0,,,,,,,Sin internacion,"3,107649896623019","0,025671042729325196",,,Excluido (no agudo),Dentro de banda
3501721,C.I.C. Santo Domingo,Provincial,Avellaneda,5311,"1770,3333333333333","5,2604029372999435","0,04556580681604218",65,"0,38089291727466607","27,235897435897435",Agudos,"5,54963563866355","0,04447215295095595","0,9478825782095384","1,0245918803682006",Subutilizado,Dentro de banda
34300105,C.I.C.Néstor Kirchner,Municipal,General Paz,0,,,,,,,Sin internacion,"3,107649896623019","0,025671042729325196",,,Excluido (no agudo),Dentro de banda
12600104,C.IC. Nº 4 San Cayetano,Municipal,Campana,0,,,,,,,Sin internacion,"3,107649896623019","0,025671042729325196",,,Excluido (no agudo),Dentro de banda
22400467,CAPS  INDACOCHEA,Municipal,Chivilcoy,0,,,,,,,Sin internacion,"3,107649896623019","0,025671042729325196",,,Excluido (no agudo),Dentro de banda
63800994,"CAPS ""Tratados del Pilar""",Municipal,Pilar,0,,,,,,,Sin internacion,"3,107649896623019","0,025671042729325196",,,Excluido (no agudo),Dentro de banda
63801006,"CAPS ""Tres Barrios""",Municipal,Pilar,0,,,,,,,Sin internacion,"3,107649896623019","0,025671042729325196",,,Excluido (no agudo),Dentro de banda
76001935,CAPS 20 de Julio,Municipal,San Miguel,0,,,,,,,Sin internacion,"3,107649896623019","0,025671042729325196",,,Excluido (no agudo),Dentro de banda
28000166,CAPS Barrio Aeroparque,Municipal,General Alvarado,0,,,,,,,Sin internacion,"3,107649896623019","0,025671042729325196",,,Excluido (no agudo),Dentro de banda
12600022,CAPS Barrio Las acacias Enfermera Leonor Ana Paredes,Municipal,Campana,0,,,,,,,Sin internacion,"3,107649896623019","0,025671042729325196",,,Excluido (no agudo),Dentro de banda
12600024,CAPS Barrio Las campanas Dr. Rubén Alberto Perea,Municipal,Campana,0,,,,,,,Sin internacion,"3,107649896623019","0,025671042729325196",,,Excluido (no agudo),Dentro de banda
20300189,CAPS Barrio Rosario,Municipal,Coronel Suárez,0,,,,,,,Sin internacion,"3,107649896623019","0,025671042729325196",,,Excluido (no agudo),Dentro de banda
12600021,CAPS Barrio San Felipe Dra. María Nélida Goris,Municipal,Campana,0,,,,,,,Sin internacion,"3,107649896623019","0,025671042729325196",,,Excluido (no agudo),Dentro de banda
76001683,CAPS CIC Maria Lobato,Municipal,San Miguel,0,,,,,,,Sin internacion,"3,107649896623019","0,025671042729325196",,,Excluido (no agudo),Dentro de banda
48300176,CAPS Celeste y Blanco,Municipal,Lobos,0,,,,,,,Sin internacion,"3,107649896623019","0,025671042729325196",,,Excluido (no agudo),Dentro de banda
35100104,CAPS Centro Integrador Comunitario Gral Pinto,Municipal,General Pinto,0,,,,,,,Sin internacion,"3,107649896623019","0,025671042729325196",,,Excluido (no agudo),Dentro de banda
63800979,CAPS Ctro de Educacion-Prevencion y Atencion al paciente Diabetico,Municipal,Pilar,0,,,,,,,Sin internacion,"3,107649896623019","0,025671042729325196",,,Excluido (no agudo),Dentro de banda
08400193,CAPS DR. VICTOR ESTEBAN RIGANTI,Municipal,Benito Juárez,,,,,,,,Sin internacion,"3,107649896623019","0,025671042729325196",,,Excluido (no agudo),Dentro de banda
8400193,CAPS DR. VICTOR ESTEBAN RIGANTI,Municipal,Benito Juárez,0,,,,,,,Sin internacion,"3,107649896623019","0,025671042729325196",,,Excluido (no agudo),Dentro de banda
56801920,CAPS Dr. Jorge Luis Salinas,Municipal,Morón,0,,,,,,,Sin internacion,"3,107649896623019","0,025671042729325196",,,Excluido (no agudo),Dentro de banda
76001743,CAPS Dr. Luis Suarez Paris,Municipal,San Miguel,0,,,,,,,Sin internacion,"3,107649896623019","0,025671042729325196",,,Excluido (no agudo),Dentro de banda
45500024,CAPS Dr. Ramon Carrillo,Provincial,Las Flores,10484,"3494,6666666666665","6,524322777565814","0,05122090805036246","149,33333333333334","0,38038368306358805","23,401785714285715",Agudos,"5,54963563866355","0,04447215295095595","1,1756308345924105","1,1517523810202996",Subutilizado,Dentro de banda
45500001,CAPS Dr. Ramon Carrillo,Municipal,Las Flores,0,,,,,,,Sin internacion,"3,107649896623019","0,025671042729325196",,,Excluido (no agudo),Dentro de banda
56801921,CAPS Dr. René Favaloro,Municipal,Morón,0,,,,,,,Sin internacion,"3,107649896623019","0,025671042729325196",,,Excluido (no agudo),Dentro de banda
25200033,CAPS Dra. Vanesa Noicoff,Municipal,Escobar,,,,,,,,Sin internacion,"3,107649896623019","0,025671042729325196",,,Excluido (no agudo),Dentro de banda
44800081,CAPS ESTELA,Municipal,Laprida,0,,,,,,,Sin internacion,"3,107649896623019","0,025671042729325196",,,Excluido (no agudo),Dentro de banda
35100002,CAPS Eva Perón,Municipal,General Pinto,0,,,,,,,Sin internacion,"3,107649896623019","0,025671042729325196",,,Excluido (no agudo),Dentro de banda
53200277,CAPS Goldney,Municipal,Mercedes,0,,,,,,,Sin internacion,"3,107649896623019","0,025671042729325196",,,Excluido (no agudo),Dentro de banda
16100106,CAPS José Escobedo,Municipal,Carmen de Areco,0,,,,,,,Sin internacion,"3,107649896623019","0,025671042729325196",,,Excluido (no agudo),Dentro de banda
29400006,CAPS La Trinidad,Municipal,General Arenales,0,,,,,,,Sin internacion,"3,107649896623019","0,025671042729325196",,,Excluido (no agudo),Dentro de banda
48300175,CAPS Las Tosquitas,Municipal,Lobos,0,,,,,,,Sin internacion,"3,107649896623019","0,025671042729325196",,,Excluido (no agudo),Dentro de banda
49700371,CAPS Loreto,Municipal,Luján,0,,,,,,,Sin internacion,"3,107649896623019","0,025671042729325196",,,Excluido (no agudo),Dentro de banda
53200251,CAPS Los Duraznos,Municipal,Mercedes,0,,,,,,,Sin internacion,"3,107649896623019","0,025671042729325196",,,Excluido (no agudo),Dentro de banda
49700575,CAPS Los Gallitos,Municipal,Luján,0,,,,,,,Sin internacion,"3,107649896623019","0,025671042729325196",,,Excluido (no agudo),Dentro de banda
44800075,CAPS Malvinas Argentina,Municipal,Laprida,0,,,,,,,Sin internacion,"3,107649896623019","0,025671042729325196",,,Excluido (no agudo),Dentro de banda
2801110,CAPS N° 24  8 de Diciembre Virgen María,Municipal,Almirante Brown,0,,,,,,,Sin internacion,"3,107649896623019","0,025671042729325196",,,Excluido (no agudo),Dentro de banda
2801055,CAPS N° 25   2 de Abril,Municipal,Almirante Brown,0,,,,,,,Sin internacion,"3,107649896623019","0,025671042729325196",,,Excluido (no agudo),Dentro de banda
2801213,CAPS N° 31 Yapeyu,Municipal,Almirante Brown,0,,,,,,,Sin internacion,"3,107649896623019","0,025671042729325196",,,Excluido (no agudo),Dentro de banda
2801212,CAPS N° 32  San José II,Municipal,Almirante Brown,0,,,,,,,Sin internacion,"3,107649896623019","0,025671042729325196",,,Excluido (no agudo),Dentro de banda
02801080,CAPS N°26 Unidad de Salud Ambiental (USAM),Municipal,Almirante Brown,,,,,,,,Sin internacion,"3,107649896623019","0,025671042729325196",,,Excluido (no agudo),Dentro de banda
2801080,CAPS N°26 Unidad de Salud Ambiental (USAM),Municipal,Almirante Brown,0,,,,,,,Sin internacion,"3,107649896623019","0,025671042729325196",,,Excluido (no agudo),Dentro de banda
36400319,CAPS Nº 17 Bo. Villa Vengochea,Municipal,General Rodríguez,0,,,,,,,Sin internacion,"3,107649896623019","0,025671042729325196",,,Excluido (no agudo),Dentro de banda
37101729,CAPS Nº 21,Municipal,General San Martín,0,,,,,,,Sin internacion,"3,107649896623019","0,025671042729325196",,,Excluido (no agudo),Dentro de banda
44106042,CAPS Nº 45 Centro Integrador Comunitario,Municipal,La Plata,0,,,,,,,Sin internacion,"3,107649896623019","0,025671042729325196",,,Excluido (no agudo),Dentro de banda
44106627,CAPS Nº 45 Centro Integrador Comunitario,Provincial,La Plata,0,,,,,,,Sin internacion,"5,54963563866355","0,04447215295095595",,,Excluido (no agudo),Dentro de banda
44106970,CAPS Nº 46,Municipal,La Plata,0,,,,,,,Sin internacion,"3,107649896623019","0,025671042729325196",,,Excluido (no agudo),Dentro de banda
44106978,CAPS Nº 46,Provincial,La Plata,1,1,5,0,10,"0,0009095870474804438","0,05",Agudos,"5,54963563866355","0,04447215295095595","0,9009600495509446",0,Normal,Dentro de banda
23800156,CAPS Nº 5 Peñoñori,Municipal,Dolores,0,,,,,,,Sin internacion,"3,107649896623019","0,025671042729325196",,,Excluido (no agudo),Dentro de banda
76001834,CAPS Padre Mora,Municipal,San Miguel,0,,,,,,,Sin internacion,"3,107649896623019","0,025671042729325196",,,Excluido (no agudo),Dentro de banda
08400192,CAPS René Favaloro,Municipal,Benito Juárez,,,,,,,,Sin internacion,"3,107649896623019","0,025671042729325196",,,Excluido (no agudo),Dentro de banda
8400192,CAPS René Favaloro,Municipal,Benito Juárez,0,,,,,,,Sin internacion,"3,107649896623019","0,025671042729325196",,,Excluido (no agudo),Dentro de banda
53200374,CAPS San Antonio,Municipal,Mercedes,0,,,,,,,Sin internacion,"3,107649896623019","0,025671042729325196",,,Excluido (no agudo),Dentro de banda
22400400,CAPS San Donato,Municipal,Chivilcoy,0,,,,,,,Sin internacion,"3,107649896623019","0,025671042729325196",,,Excluido (no agudo),Dentro de banda
51501564,CAPS San Eduardo,Municipal,Malvinas Argentinas,0,,,,,,,Sin internacion,"3,107649896623019","0,025671042729325196",,,Excluido (no agudo),Dentro de banda
76001825,CAPS San Miguel Oeste,Municipal,San Miguel,0,,,,,,,Sin internacion,"3,107649896623019","0,025671042729325196",,,Excluido (no agudo),Dentro de banda
46600154,CAPS San Patricio,Municipal,Lezama,0,,,,,,,Sin internacion,"3,107649896623019","0,025671042729325196",,,Excluido (no agudo),Dentro de banda
23100124,CAPS Santa María,Municipal,Daireaux,,,,,,,,Sin internacion,"3,107649896623019","0,025671042729325196",,,Excluido (no agudo),Dentro de banda
76001926,CAPS Venerable Madre Camila Rolon,Municipal,San Miguel,0,,,,,,,Sin internacion,"3,107649896623019","0,025671042729325196",,,Excluido (no agudo),Dentro de banda
6300328,CAPS Veteranos de Malvinas,Municipal,Balcarce,0,,,,,,,Sin internacion,"3,107649896623019","0,025671042729325196",,,Excluido (no agudo),Dentro de banda
06300328,CAPS Veteranos de Malvinas,Municipal,Balcarce,,,,,,,,Sin internacion,"3,107649896623019","0,025671042729325196",,,Excluido (no agudo),Dentro de banda
49700648,CAPS Villa del Parque,Municipal,Luján,,,,,,,,Sin internacion,"3,107649896623019","0,025671042729325196",,,Excluido (no agudo),Dentro de banda
14700203,CIC Carlos Casares,Municipal,Carlos Casares,0,,,,,,,Sin internacion,"3,107649896623019","0,025671042729325196",,,Excluido (no agudo),Dentro de banda
64400162,CIC Centro Integrador Comunitario,Municipal,Pinamar,0,,,,,,,Sin internacion,"3,107649896623019","0,025671042729325196",,,Excluido (no agudo),Dentro de banda
21800189,CIC Dr. Horacio Quintín Bo. 30 de Mayo,Municipal,Chascomús,0,,,,,,,Sin internacion,"3,107649896623019","0,025671042729325196",,,Excluido (no agudo),Dentro de banda
65802702,CIC La Matera,Municipal,Quilmes,0,,,,,,,Sin internacion,"3,107649896623019","0,025671042729325196",,,Excluido (no agudo),Dentro de banda
65802271,CIC La Paz,Municipal,Quilmes,0,,,,,,,Sin internacion,"3,107649896623019","0,025671042729325196",,,Excluido (no agudo),Dentro de banda
49700362,CIC San Fermín,Municipal,Luján,0,,,,,,,Sin internacion,"3,107649896623019","0,025671042729325196",,,Excluido (no agudo),Dentro de banda
40600001,Caps Henderson,Municipal,Hipólito Yrigoyen,0,,,,,,,Sin internacion,"3,107649896623019","0,025671042729325196",,,Excluido (no agudo),Dentro de banda
36400012,Caps N°20,Municipal,General Rodríguez,0,,,,,,,Sin internacion,"3,107649896623019","0,025671042729325196",,,Excluido (no agudo),Dentro de banda
36400017,Caps N°20,Nacional,General Rodríguez,0,,,,,,,Sin internacion,"8,741425180684324","0,0896213078490754",,,Excluido (no agudo),Dentro de banda
64400001,Caps de Pinamar,Municipal,Pinamar,0,,,,,,,Sin internacion,"3,107649896623019","0,025671042729325196",,,Excluido (no agudo),Dentro de banda
10500005,Casa Hogar Nuestra Señora de Luján,Municipal,Bolívar,9,"4,5",199,0,24,"0,9981818181818182","0,1875",Estadia prolongada,"3,107649896623019","0,025671042729325196","64,03552736627339",0,Excluido (no agudo),Dentro de banda
35700891,Casa de Admis. y Evaluac. C. de Arenaza,Municipal,General Pueyrredón,0,,,,,,,Sin internacion,"3,107649896623019","0,025671042729325196",,,Excluido (no agudo),Dentro de banda
35700912,Casa de Admis. y Evaluac. R. T. Gayone,Municipal,General Pueyrredón,0,,,,,,,Sin internacion,"3,107649896623019","0,025671042729325196",,,Excluido (no agudo),Dentro de banda
64800700,Casa de los Abuelos Por los Derechos de al Anc.,Municipal,Presidente Perón,5,"1,6666666666666667","1675,6","0,4","17,333333333333332","0,48887827148696716","0,09615384615384616",Estadia prolongada,"3,107649896623019","0,025671042729325196","539,1855761554156","15,581758957654724",Excluido (no agudo),Dentro de banda
35701293,Casa del Niño Centenario,Municipal,General Pueyrredón,0,,,,,,,Sin internacion,"3,107649896623019","0,025671042729325196",,,Excluido (no agudo),Dentro de banda
35700971,Casa del Niño Grillito,Municipal,General Pueyrredón,0,,,,,,,Sin internacion,"3,107649896623019","0,025671042729325196",,,Excluido (no agudo),Dentro de banda
35700866,Casa del Niño P. Albarracín,Municipal,General Pueyrredón,0,,,,,,,Sin internacion,"3,107649896623019","0,025671042729325196",,,Excluido (no agudo),Dentro de banda
80500355,Catamarán Sanitario,Municipal,Tigre,0,,,,,,,Sin internacion,"3,107649896623019","0,025671042729325196",,,Excluido (no agudo),Dentro de banda
58100521,Centro Integrador Comunitario,Municipal,Necochea,0,,,,,,,Sin internacion,"3,107649896623019","0,025671042729325196",,,Excluido (no agudo),Dentro de banda
60900217,Centro Integrador Comunitario,Municipal,Pehuajó,0,,,,,,,Sin internacion,"3,107649896623019","0,025671042729325196",,,Excluido (no agudo),Dentro de banda
31500189,Centro Integrador Comunitario (C.I.C.) Arturo Jauretche,Municipal,General Juan Madariaga,0,,,,,,,Sin internacion,"3,107649896623019","0,025671042729325196",,,Excluido (no agudo),Dentro de banda
6300263,Centro Integrador Comunitario (C.I.C.) N°1,Municipal,Balcarce,0,,,,,,,Sin internacion,"3,107649896623019","0,025671042729325196",,,Excluido (no agudo),Dentro de banda
06300263,Centro Integrador Comunitario (C.I.C.) N°1,Municipal,Balcarce,,,,,,,,Sin internacion,"3,107649896623019","0,025671042729325196",,,Excluido (no agudo),Dentro de banda
7000298,Centro Integrador Comunitario (CIC),Municipal,Baradero,0,,,,,,,Sin internacion,"3,107649896623019","0,025671042729325196",,,Excluido (no agudo),Dentro de banda
53200269,Centro Integrador Comunitario (CIC),Municipal,Mercedes,0,,,,,,,Sin internacion,"3,107649896623019","0,025671042729325196",,,Excluido (no agudo),Dentro de banda
07000298,Centro Integrador Comunitario (CIC),Municipal,Baradero,,,,,,,,Sin internacion,"3,107649896623019","0,025671042729325196",,,Excluido (no agudo),Dentro de banda
35100113,Centro Integrador Comunitario C.I.C. Mínimo,Municipal,General Pinto,0,,,,,,,Sin internacion,"3,107649896623019","0,025671042729325196",,,Excluido (no agudo),Dentro de banda
24500393,Centro Integrador Comunitario El Dique,Municipal,Ensenada,0,,,,,,,Sin internacion,"3,107649896623019","0,025671042729325196",,,Excluido (no agudo),Dentro de banda
56000872,Centro Integrador Comunitario La Bibiana,Municipal,Moreno,0,,,,,,,Sin internacion,"3,107649896623019","0,025671042729325196",,,Excluido (no agudo),Dentro de banda
56000988,Centro Integrador Comunitario La Bibiana,Provincial,Moreno,949,"474,5","43,92518440463646","0,08429926238145416","67,5","0,46142068135834197","7,029629629629629",Estadia prolongada,"5,54963563866355","0,04447215295095595","7,914967263547129","1,8955516382222308",Excluido (no agudo),Peor desempeno
56000953,Centro Integrador Comunitario La Bibiana,Provincial,Moreno,8184,2728,"2,5142961876832843",0,40,"0,4514568644899263","68,2",Agudos,"5,54963563866355","0,04447215295095595","0,4530560835681766",0,Normal,Dentro de banda
58800345,Centro Integrador Comunitario Martin Callegaro,Municipal,9 de Julio,0,,,,,,,Sin internacion,"3,107649896623019","0,025671042729325196",,,Excluido (no agudo),Dentro de banda
73500112,Centro Integrador Comunitario San Antonio de Areco,Municipal,San Antonio de Areco,0,,,,,,,Sin internacion,"3,107649896623019","0,025671042729325196",,,Excluido (no agudo),Dentro de banda
51800132,Centro Integrador Comunitario-CIC,Municipal,Mar Chiquita,0,,,,,,,Sin internacion,"3,107649896623019","0,025671042729325196",,,Excluido (no agudo),Dentro de banda
06300310,Centro Integrador Común II,Municipal,Balcarce,,,,,,,,Sin internacion,"3,107649896623019","0,025671042729325196",,,Excluido (no agudo),Dentro de banda
6300310,Centro Integrador Común II,Municipal,Balcarce,0,,,,,,,Sin internacion,"3,107649896623019","0,025671042729325196",,,Excluido (no agudo),Dentro de banda
3501755,Centro Municipal de Cuidado Familiar Unidad Sanitaria Azul,Municipal,Avellaneda,0,,,,,,,Sin internacion,"3,107649896623019","0,025671042729325196",,,Excluido (no agudo),Dentro de banda
39900119,Centro Municipal de Residentes de la Tercera Edad,Municipal,Guaminí,87,29,"391,7701149425287","0,06896551724137931",36,"0,948163327261688","0,8055555555555556",Estadia prolongada,"3,107649896623019","0,025671042729325196","126,06636139040387","2,686510165112883",Excluido (no agudo),Dentro de banda
1400103,Centro Municipal de Salud Nº 2  Carlos A. Gonzalez,Municipal,Adolfo Gonzales Chaves,0,,,,,,,Sin internacion,"3,107649896623019","0,025671042729325196",,,Excluido (no agudo),Dentro de banda
01400103,Centro Municipal de Salud Nº 2  Carlos A. Gonzalez,Municipal,Adolfo Gonzales Chaves,,,,,,,,Sin internacion,"3,107649896623019","0,025671042729325196",,,Excluido (no agudo),Dentro de banda
25200615,Centro Municipal de rehabilitación kinesiologica,Municipal,Escobar,0,,,,,,,Sin internacion,"3,107649896623019","0,025671042729325196",,,Excluido (no agudo),Dentro de banda
35100003,Centro Nefrológico Municipal,Municipal,General Pinto,,,,,,,,Sin internacion,"3,107649896623019","0,025671042729325196",,,Excluido (no agudo),Dentro de banda
25200423,Centro Odont. Munic. Dr. Goñi,Municipal,Escobar,0,,,,,,,Sin internacion,"3,107649896623019","0,025671042729325196",,,Excluido (no agudo),Dentro de banda
43401347,Centro Odontológico Escuela Nº 9,Municipal,Lanús,0,,,,,,,Sin internacion,"3,107649896623019","0,025671042729325196",,,Excluido (no agudo),Dentro de banda
63800988,Centro Odontológico Municipal Padre José María Jaime,Municipal,Pilar,0,,,,,,,Sin internacion,"3,107649896623019","0,025671042729325196",,,Excluido (no agudo),Dentro de banda
42700693,Centro Odontológico Municipal San Justo,Municipal,La Matanza,0,,,,,,,Sin internacion,"3,107649896623019","0,025671042729325196",,,Excluido (no agudo),Dentro de banda
09101121,Centro Odontológico Municipal-Berazategui,Municipal,Berazategui,,,,,,,,Sin internacion,"3,107649896623019","0,025671042729325196",,,Excluido (no agudo),Dentro de banda
9101121,Centro Odontológico Municipal-Berazategui,Municipal,Berazategui,0,,,,,,,Sin internacion,"3,107649896623019","0,025671042729325196",,,Excluido (no agudo),Dentro de banda
25200555,Centro Oftalmológico Municipal Dr. Horacio López,Municipal,Escobar,0,,,,,,,Sin internacion,"3,107649896623019","0,025671042729325196",,,Excluido (no agudo),Dentro de banda
60900258,Centro Oncológico Pehuajó,Municipal,Pehuajó,0,,,,,,,Sin internacion,"3,107649896623019","0,025671042729325196",,,Excluido (no agudo),Dentro de banda
25200288,Centro Sanitario Móvil Dr. Horacio Dupuy,Municipal,Escobar,0,,,,,,,Sin internacion,"3,107649896623019","0,025671042729325196",,,Excluido (no agudo),Dentro de banda
63800570,Centro Zoonosis,Municipal,Pilar,0,,,,,,,Sin internacion,"3,107649896623019","0,025671042729325196",,,Excluido (no agudo),Dentro de banda
45500164,Centro de Atención Primaria Dardo Décima,Municipal,Las Flores,0,,,,,,,Sin internacion,"3,107649896623019","0,025671042729325196",,,Excluido (no agudo),Dentro de banda
23800165,Centro de Atención Primaria N° 6,Municipal,Dolores,0,,,,,,,Sin internacion,"3,107649896623019","0,025671042729325196",,,Excluido (no agudo),Dentro de banda
39200265,Centro de Atención Primaria de la Salud  Barrio Fonavi,Municipal,General Villegas,0,,,,,,,Sin internacion,"3,107649896623019","0,025671042729325196",,,Excluido (no agudo),Dentro de banda
2801071,Centro de Atención Primaria de la Salud  N°30 Los Pinos,Municipal,Almirante Brown,0,,,,,,,Sin internacion,"3,107649896623019","0,025671042729325196",,,Excluido (no agudo),Dentro de banda
02801071,Centro de Atención Primaria de la Salud  N°30 Los Pinos,Municipal,Almirante Brown,,,,,,,,Sin internacion,"3,107649896623019","0,025671042729325196",,,Excluido (no agudo),Dentro de banda
57400122,Centro de Atención Primaria de la Salud Barrio 05 Nuestra Señora del Carmen,Municipal,Navarro,0,,,,,,,Sin internacion,"3,107649896623019","0,025671042729325196",,,Excluido (no agudo),Dentro de banda
53200412,Centro de Atención Primaria de la Salud Barrio Marchetti,Municipal,Mercedes,0,,,,,,,Sin internacion,"3,107649896623019","0,025671042729325196",,,Excluido (no agudo),Dentro de banda
57400131,Centro de Atención Primaria de la Salud Barrio Marín,Municipal,Navarro,0,,,,,,,Sin internacion,"3,107649896623019","0,025671042729325196",,,Excluido (no agudo),Dentro de banda
52500170,Centro de Atención Primaria de la Salud C.I.C. Néstor Kirchner,Municipal,Marcos Paz,0,,,,,,,Sin internacion,"3,107649896623019","0,025671042729325196",,,Excluido (no agudo),Dentro de banda
28000247,Centro de Atención Primaria de la Salud JERICÓ,Municipal,General Alvarado,0,,,,,,,Sin internacion,"3,107649896623019","0,025671042729325196",,,Excluido (no agudo),Dentro de banda
57400106,Centro de Atención Primaria de la Salud La Blanqueada,Municipal,Navarro,0,,,,,,,Sin internacion,"3,107649896623019","0,025671042729325196",,,Excluido (no agudo),Dentro de banda
2801039,Centro de Atención Primaria de la Salud La Esther,Municipal,Almirante Brown,0,,,,,,,Sin internacion,"3,107649896623019","0,025671042729325196",,,Excluido (no agudo),Dentro de banda
02801039,Centro de Atención Primaria de la Salud La Esther,Municipal,Almirante Brown,,,,,,,,Sin internacion,"3,107649896623019","0,025671042729325196",,,Excluido (no agudo),Dentro de banda
57400114,Centro de Atención Primaria de la Salud La Laguna,Municipal,Navarro,0,,,,,,,Sin internacion,"3,107649896623019","0,025671042729325196",,,Excluido (no agudo),Dentro de banda
11900139,Centro de Atención Primaria de la Salud Las Acacias,Municipal,Brandsen,0,,,,,,,Sin internacion,"3,107649896623019","0,025671042729325196",,,Excluido (no agudo),Dentro de banda
11900147,Centro de Atención Primaria de la Salud Las Golondrinas,Municipal,Brandsen,0,,,,,,,Sin internacion,"3,107649896623019","0,025671042729325196",,,Excluido (no agudo),Dentro de banda
63800987,Centro de Atención Primaria de la Salud Medicina del Deporte,Municipal,Pilar,0,,,,,,,Sin internacion,"3,107649896623019","0,025671042729325196",,,Excluido (no agudo),Dentro de banda
2801063,Centro de Atención Primaria de la Salud N°28 SAKURA,Municipal,Almirante Brown,0,,,,,,,Sin internacion,"3,107649896623019","0,025671042729325196",,,Excluido (no agudo),Dentro de banda
02801063,Centro de Atención Primaria de la Salud N°28 SAKURA,Municipal,Almirante Brown,,,,,,,,Sin internacion,"3,107649896623019","0,025671042729325196",,,Excluido (no agudo),Dentro de banda
36400329,Centro de Atención Primaria de la Salud Nº18 Barrio Villa Vengochea,Municipal,General Rodríguez,0,,,,,,,Sin internacion,"3,107649896623019","0,025671042729325196",,,Excluido (no agudo),Dentro de banda
36400328,Centro de Atención Primaria de la Salud Nº19 Barrio Bicentenario,Municipal,General Rodríguez,0,,,,,,,Sin internacion,"3,107649896623019","0,025671042729325196",,,Excluido (no agudo),Dentro de banda
57400157,Centro de Atención Primaria de la Salud Ramón Carrillo,Municipal,Navarro,0,,,,,,,Sin internacion,"3,107649896623019","0,025671042729325196",,,Excluido (no agudo),Dentro de banda
57400084,Centro de Atención Primaria de la Salud Sol de Mayo,Municipal,Navarro,0,,,,,,,Sin internacion,"3,107649896623019","0,025671042729325196",,,Excluido (no agudo),Dentro de banda
52500188,Centro de Atención Primaria de la Salud Unidad Sanitaria Ambiental,Municipal,Marcos Paz,0,,,,,,,Sin internacion,"3,107649896623019","0,025671042729325196",,,Excluido (no agudo),Dentro de banda
68600123,Centro de Atención primaria de la Salud Los Indios,Municipal,Rojas,0,,,,,,,Sin internacion,"3,107649896623019","0,025671042729325196",,,Excluido (no agudo),Dentro de banda
28700083,Centro de Desarrollo Barrio San Antonio,Municipal,General Alvear,0,,,,,,,Sin internacion,"3,107649896623019","0,025671042729325196",,,Excluido (no agudo),Dentro de banda
25200611,Centro de Desarrollo Infantil Temprano,Municipal,Escobar,0,,,,,,,Sin internacion,"3,107649896623019","0,025671042729325196",,,Excluido (no agudo),Dentro de banda
71400291,Centro de Dia Municipal de Salto,Municipal,Salto,0,,,,,,,Sin internacion,"3,107649896623019","0,025671042729325196",,,Excluido (no agudo),Dentro de banda
25200458,Centro de Día Dr. René Favaloro,Municipal,Escobar,0,,,,,,,Sin internacion,"3,107649896623019","0,025671042729325196",,,Excluido (no agudo),Dentro de banda
46900352,Centro de Día Frida,Municipal,Lincoln,0,,,,,,,Sin internacion,"3,107649896623019","0,025671042729325196",,,Excluido (no agudo),Dentro de banda
64400002,Centro de Día de Discapacidad,Municipal,Pinamar,0,,,,,,,Sin internacion,"3,107649896623019","0,025671042729325196",,,Excluido (no agudo),Dentro de banda
60900261,Centro de Día para personas con Discapacidad Mental,Municipal,Pehuajó,0,,,,,,,Sin internacion,"3,107649896623019","0,025671042729325196",,,Excluido (no agudo),Dentro de banda
42700294,Centro de Epidemiología y Profilaxis,Municipal,La Matanza,0,,,,,,,Sin internacion,"3,107649896623019","0,025671042729325196",,,Excluido (no agudo),Dentro de banda
35702409,Centro de Especialidades Médicas Ambulatorias CEMA,Municipal,General Pueyrredón,0,,,,,,,Sin internacion,"3,107649896623019","0,025671042729325196",,,Excluido (no agudo),Dentro de banda
35702510,Centro de Especialidades Médicas Ambulatorias CEMA,Provincial,General Pueyrredón,0,,,,,,,Sin internacion,"5,54963563866355","0,04447215295095595",,,Excluido (no agudo),Dentro de banda
35702502,Centro de Especialidades Médicas Ambulatorias CEMA,Provincial,General Pueyrredón,0,,,,,,,Sin internacion,"5,54963563866355","0,04447215295095595",,,Excluido (no agudo),Dentro de banda
35702543,Centro de Especialidades Médicas Ambulatorias CEMA,Nacional,#N/D,1711,1711,"8,79427235534775","0,11864406779661017",105,"0,6879226542688082","16,295238095238094",Agudos,"8,741425180684324","0,0896213078490754","1,0060456016691879","1,323837719445133",Normal,Dentro de banda
64400151,Centro de Hidroterapia,Municipal,Pinamar,0,,,,,,,Sin internacion,"3,107649896623019","0,025671042729325196",,,Excluido (no agudo),Dentro de banda
64400161,Centro de Hidroterapia,Municipal,Pinamar,0,,,,,,,Sin internacion,"3,107649896623019","0,025671042729325196",,,Excluido (no agudo),Dentro de banda
42700103,Centro de Medicina Física y Rehabilitación C.E.M.E.F.I.R.,Municipal,La Matanza,0,,,,,,,Sin internacion,"3,107649896623019","0,025671042729325196",,,Excluido (no agudo),Dentro de banda
42701487,Centro de Medicina del Deporte,Municipal,La Matanza,0,,,,,,,Sin internacion,"3,107649896623019","0,025671042729325196",,,Excluido (no agudo),Dentro de banda
12600572,Centro de Orientación y Asistencia en las Adicciones,Municipal,Campana,0,,,,,,,Sin internacion,"3,107649896623019","0,025671042729325196",,,Excluido (no agudo),Dentro de banda
9101156,Centro de Rehabilitacion Dep. Municipal,Provincial,Berazategui,0,,,,,,,Sin internacion,"5,54963563866355","0,04447215295095595",,,Excluido (no agudo),Dentro de banda
09101148,Centro de Rehabilitacion Dep. Municipal,Municipal,Berazategui,,,,,,,,Sin internacion,"3,107649896623019","0,025671042729325196",,,Excluido (no agudo),Dentro de banda
9101148,Centro de Rehabilitacion Dep. Municipal,Municipal,Berazategui,0,,,,,,,Sin internacion,"3,107649896623019","0,025671042729325196",,,Excluido (no agudo),Dentro de banda
65802710,Centro de Rehabilitación Dr. Julio Méndez,Municipal,Quilmes,0,,,,,,,Sin internacion,"3,107649896623019","0,025671042729325196",,,Excluido (no agudo),Dentro de banda
63800561,Centro de Rehabilitación Pilares de Esperanza,Municipal,Pilar,0,,,,,,,Sin internacion,"3,107649896623019","0,025671042729325196",,,Excluido (no agudo),Dentro de banda
76001750,Centro de Salud 29 de Septiembre,Municipal,San Miguel,0,,,,,,,Sin internacion,"3,107649896623019","0,025671042729325196",,,Excluido (no agudo),Dentro de banda
79100297,Centro de Salud Comunitaria Selvetti,Municipal,Tandil,0,,,,,,,Sin internacion,"3,107649896623019","0,025671042729325196",,,Excluido (no agudo),Dentro de banda
79100408,Centro de Salud Comunitaria Villa Italia Norte,Municipal,Tandil,0,,,,,,,Sin internacion,"3,107649896623019","0,025671042729325196",,,Excluido (no agudo),Dentro de banda
64400155,Centro de Salud Diabet-Pin,Municipal,Pinamar,0,,,,,,,Sin internacion,"3,107649896623019","0,025671042729325196",,,Excluido (no agudo),Dentro de banda
51501444,Centro de Salud Ferruccio Sábato,Municipal,Malvinas Argentinas,0,,,,,,,Sin internacion,"3,107649896623019","0,025671042729325196",,,Excluido (no agudo),Dentro de banda
54700044,Centro de Salud Francisco A. Berra,Municipal,Monte,0,,,,,,,Sin internacion,"3,107649896623019","0,025671042729325196",,,Excluido (no agudo),Dentro de banda
25200612,Centro de Salud Los Arenales,Municipal,Escobar,0,,,,,,,Sin internacion,"3,107649896623019","0,025671042729325196",,,Excluido (no agudo),Dentro de banda
42700413,Centro de Salud Mental Dr. M. Tisminetzky,Municipal,La Matanza,0,,,,,,,Sin internacion,"3,107649896623019","0,025671042729325196",,,Excluido (no agudo),Dentro de banda
08400184,Centro de Salud Mental Meditar,Municipal,Benito Juárez,,,,,,,,Sin internacion,"3,107649896623019","0,025671042729325196",,,Excluido (no agudo),Dentro de banda
8400184,Centro de Salud Mental Meditar,Municipal,Benito Juárez,0,,,,,,,Sin internacion,"3,107649896623019","0,025671042729325196",,,Excluido (no agudo),Dentro de banda
5601957,Centro de Salud Milstein,Municipal,Bahía Blanca,0,,,,,,,Sin internacion,"3,107649896623019","0,025671042729325196",,,Excluido (no agudo),Dentro de banda
63800910,Centro de Salud Municipal Almirante Irizar,Municipal,Pilar,0,,,,,,,Sin internacion,"3,107649896623019","0,025671042729325196",,,Excluido (no agudo),Dentro de banda
27000395,Centro de Salud Nº 1,Municipal,Ezeiza,0,,,,,,,Sin internacion,"3,107649896623019","0,025671042729325196",,,Excluido (no agudo),Dentro de banda
01400104,Centro de Salud Nº 3 Dr. Ramón Carrillo,Municipal,Adolfo Gonzales Chaves,,,,,,,,Sin internacion,"3,107649896623019","0,025671042729325196",,,Excluido (no agudo),Dentro de banda
1400104,Centro de Salud Nº 3 Dr. Ramón Carrillo,Municipal,Adolfo Gonzales Chaves,0,,,,,,,Sin internacion,"3,107649896623019","0,025671042729325196",,,Excluido (no agudo),Dentro de banda
44106636,Centro de Salud Nº 44,Municipal,La Plata,0,,,,,,,Sin internacion,"3,107649896623019","0,025671042729325196",,,Excluido (no agudo),Dentro de banda
27000182,Centro de Salud Nº 5,Municipal,Ezeiza,0,,,,,,,Sin internacion,"3,107649896623019","0,025671042729325196",,,Excluido (no agudo),Dentro de banda
27000107,Centro de Salud Nº 7,Municipal,Ezeiza,0,,,,,,,Sin internacion,"3,107649896623019","0,025671042729325196",,,Excluido (no agudo),Dentro de banda
27000280,Centro de Salud Nº3,Municipal,Ezeiza,0,,,,,,,Sin internacion,"3,107649896623019","0,025671042729325196",,,Excluido (no agudo),Dentro de banda
51800001,Centro de Salud Santa Elena,Municipal,Mar Chiquita,0,,,,,,,Sin internacion,"3,107649896623019","0,025671042729325196",,,Excluido (no agudo),Dentro de banda
42700111,Centro de Salud Vías Respiratorias,Municipal,La Matanza,0,,,,,,,Sin internacion,"3,107649896623019","0,025671042729325196",,,Excluido (no agudo),Dentro de banda
5601821,Centro de Salud “9 de Noviembre,Municipal,Bahía Blanca,0,,,,,,,Sin internacion,"3,107649896623019","0,025671042729325196",,,Excluido (no agudo),Dentro de banda
42701126,Centro de Zooantroponosis Dr. José Reboredo,Municipal,La Matanza,0,,,,,,,Sin internacion,"3,107649896623019","0,025671042729325196",,,Excluido (no agudo),Dentro de banda
75601936,Centro de desarrollo infantil y estimulación temprana  Dra. Ana Menendez- El Nido,Municipal,San Isidro,0,,,,,,,Sin internacion,"3,107649896623019","0,025671042729325196",,,Excluido (no agudo),Dentro de banda
38500002,Centro de día Despertar,Municipal,General Viamonte,0,,,,,,,Sin internacion,"3,107649896623019","0,025671042729325196",,,Excluido (no agudo),Dentro de banda
61600085,Centro de día Pellegrini,Municipal,Pellegrini,0,,,,,,,Sin internacion,"3,107649896623019","0,025671042729325196",,,Excluido (no agudo),Dentro de banda
76300865,"Centro de medicina preventiva ""Zona Norte""",Municipal,San Nicolás,3842,"1280,6666666666667","1,002342529932327","0,0002602811035918792",8,"0,43931097421857174","160,08333333333334",Agudos,"3,107649896623019","0,025671042729325196","0,3225403643510615","0,010139093543502552",Normal,Dentro de banda
10500350,Centro de salud municipal Barrio Colombo,Municipal,Bolívar,0,,,,,,,Sin internacion,"3,107649896623019","0,025671042729325196",,,Excluido (no agudo),Dentro de banda
10500307,Centro de salud municipal Dr. Renee Favaloro,Municipal,Bolívar,0,,,,,,,Sin internacion,"3,107649896623019","0,025671042729325196",,,Excluido (no agudo),Dentro de banda
1400031,Clinica y maternidad Municipal Adolfo Gonzales Chaves,Municipal,Adolfo Gonzales Chaves,365,"121,66666666666667","5,553424657534246","0,049315068493150684",21,"0,09071949947862357","5,7936507936507935",Agudos,"3,107649896623019","0,025671042729325196","1,787017470522973","1,921038775601267",Subutilizado,Peor desempeno
01400031,Clinica y maternidad Municipal Adolfo Gonzales Chaves,Municipal,Adolfo Gonzales Chaves,,,,,,,,Sin internacion,"3,107649896623019","0,025671042729325196",,,Excluido (no agudo),Dentro de banda
67900174,Complejo de Abuelos Comunitario Integrador Huellas,Municipal,Rivadavia,167,"55,666666666666664","328,08383233532936","0,11976047904191617",72,"0,8364507299270073","0,7731481481481481",Estadia prolongada,"3,107649896623019","0,025671042729325196","105,57297097457706","4,665197292710995",Excluido (no agudo),Dentro de banda
27400239,Consultorio Antirrábico Humano,Municipal,Florencio Varela,0,,,,,,,Sin internacion,"3,107649896623019","0,025671042729325196",,,Excluido (no agudo),Dentro de banda
58100001,Consultorio Integral en Adolescencia,Municipal,Necochea,0,,,,,,,Sin internacion,"3,107649896623019","0,025671042729325196",,,Excluido (no agudo),Dentro de banda
74900180,Consultorio Médico Municipal,Municipal,San Fernando,0,,,,,,,Sin internacion,"3,107649896623019","0,025671042729325196",,,Excluido (no agudo),Dentro de banda
76000248,Consultorio Móvil (CAPS),Municipal,#N/D,0,,,,,,,Sin internacion,"3,107649896623019","0,025671042729325196",,,Excluido (no agudo),Dentro de banda
76000045,Consultorio Móvil (CAPS),Municipal,San Miguel,0,,,,,,,Sin internacion,"3,107649896623019","0,025671042729325196",,,Excluido (no agudo),Dentro de banda
74900465,Consultorio Móvil de Salud Escolar,Municipal,San Fernando,0,,,,,,,Sin internacion,"3,107649896623019","0,025671042729325196",,,Excluido (no agudo),Dentro de banda
58100220,Consultorio Perif. Bo. Puerto T.J.M. Rico,Municipal,Necochea,0,,,,,,,Sin internacion,"3,107649896623019","0,025671042729325196",,,Excluido (no agudo),Dentro de banda
09100800,Consultorio de Medicina Deportiva,Municipal,Berazategui,,,,,,,,Sin internacion,"3,107649896623019","0,025671042729325196",,,Excluido (no agudo),Dentro de banda
9100800,Consultorio de Medicina Deportiva,Municipal,Berazategui,0,,,,,,,Sin internacion,"3,107649896623019","0,025671042729325196",,,Excluido (no agudo),Dentro de banda
25200491,Ctro de S. Catalina Modarelli de Lalli,Municipal,Escobar,0,,,,,,,Sin internacion,"3,107649896623019","0,025671042729325196",,,Excluido (no agudo),Dentro de banda
27001022,Ctro. Antirrábico Humano,Municipal,Ezeiza,0,,,,,,,Sin internacion,"3,107649896623019","0,025671042729325196",,,Excluido (no agudo),Dentro de banda
26600069,Ctro. Asist. Bo. Esperanza,Municipal,Exaltación De La Cruz,0,,,,,,,Sin internacion,"3,107649896623019","0,025671042729325196",,,Excluido (no agudo),Dentro de banda
26600077,Ctro. Asist. Los Ombúes,Municipal,Exaltación De La Cruz,0,,,,,,,Sin internacion,"3,107649896623019","0,025671042729325196",,,Excluido (no agudo),Dentro de banda
65801578,Ctro. Asist. Modelo Don Bosco,Municipal,Quilmes,0,,,,,,,Sin internacion,"3,107649896623019","0,025671042729325196",,,Excluido (no agudo),Dentro de banda
26600026,Ctro. Asist. Pavón,Municipal,Exaltación De La Cruz,0,,,,,,,Sin internacion,"3,107649896623019","0,025671042729325196",,,Excluido (no agudo),Dentro de banda
41200388,Ctro. Asistencial 9 de Julio,Municipal,José C. Paz,0,,,,,,,Sin internacion,"3,107649896623019","0,025671042729325196",,,Excluido (no agudo),Dentro de banda
51501031,Ctro. Asistencial Ampliación Devoto,Municipal,#N/D,0,,,,,,,Sin internacion,"3,107649896623019","0,025671042729325196",,,Excluido (no agudo),Dentro de banda
51501015,Ctro. Asistencial Ampliación Devoto,Municipal,Malvinas Argentinas,0,,,,,,,Sin internacion,"3,107649896623019","0,025671042729325196",,,Excluido (no agudo),Dentro de banda
41200574,Ctro. Asistencial Bo. Alberdi,Municipal,José C. Paz,0,,,,,,,Sin internacion,"3,107649896623019","0,025671042729325196",,,Excluido (no agudo),Dentro de banda
41200931,Ctro. Asistencial El Ombú,Municipal,José C. Paz,0,,,,,,,Sin internacion,"3,107649896623019","0,025671042729325196",,,Excluido (no agudo),Dentro de banda
41201269,Ctro. Asistencial Frino Sur,Municipal,José C. Paz,0,,,,,,,Sin internacion,"3,107649896623019","0,025671042729325196",,,Excluido (no agudo),Dentro de banda
41201380,Ctro. Asistencial Frino Sur,Provincial,José C. Paz,0,,,,,,,Sin internacion,"5,54963563866355","0,04447215295095595",,,Excluido (no agudo),Dentro de banda
41200558,Ctro. Asistencial J. Vucetich,Municipal,José C. Paz,0,,,,,,,Sin internacion,"3,107649896623019","0,025671042729325196",,,Excluido (no agudo),Dentro de banda
41200663,Ctro. Asistencial La Paz,Municipal,José C. Paz,0,,,,,,,Sin internacion,"3,107649896623019","0,025671042729325196",,,Excluido (no agudo),Dentro de banda
41200680,Ctro. Asistencial La Primavera,Municipal,José C. Paz,0,,,,,,,Sin internacion,"3,107649896623019","0,025671042729325196",,,Excluido (no agudo),Dentro de banda
41200591,Ctro. Asistencial Las Acacias,Municipal,José C. Paz,0,,,,,,,Sin internacion,"3,107649896623019","0,025671042729325196",,,Excluido (no agudo),Dentro de banda
41200671,Ctro. Asistencial Las Heras,Municipal,José C. Paz,0,,,,,,,Sin internacion,"3,107649896623019","0,025671042729325196",,,Excluido (no agudo),Dentro de banda
41200418,Ctro. Asistencial Mirador Altube,Municipal,José C. Paz,0,,,,,,,Sin internacion,"3,107649896623019","0,025671042729325196",,,Excluido (no agudo),Dentro de banda
41200817,Ctro. Asistencial Sagrada Familia,Municipal,José C. Paz,0,,,,,,,Sin internacion,"3,107649896623019","0,025671042729325196",,,Excluido (no agudo),Dentro de banda
41200698,Ctro. Asistencial San Atilio,Municipal,José C. Paz,0,,,,,,,Sin internacion,"3,107649896623019","0,025671042729325196",,,Excluido (no agudo),Dentro de banda
41200396,Ctro. Asistencial San Roque,Municipal,José C. Paz,0,,,,,,,Sin internacion,"3,107649896623019","0,025671042729325196",,,Excluido (no agudo),Dentro de banda
51500426,Ctro. Asistencial Santa María,Municipal,Malvinas Argentinas,0,,,,,,,Sin internacion,"3,107649896623019","0,025671042729325196",,,Excluido (no agudo),Dentro de banda
41201091,Ctro. Asistencial Santa Paula,Municipal,José C. Paz,0,,,,,,,Sin internacion,"3,107649896623019","0,025671042729325196",,,Excluido (no agudo),Dentro de banda
41201066,Ctro. Asistencial Sol y Verde,Municipal,José C. Paz,0,,,,,,,Sin internacion,"3,107649896623019","0,025671042729325196",,,Excluido (no agudo),Dentro de banda
41201074,Ctro. Asistencial Sol y Verde,Provincial,José C. Paz,23195,"7731,666666666667","5,346583315369692","0,024315585255442983","116,66666666666667","0,9550758413961409","66,27142857142857",Agudos,"5,54963563866355","0,04447215295095595","0,9634115937487463","0,5467597955569702",Saturado,Dentro de banda
41201112,Ctro. Asistencial Suizo Ideal,Municipal,José C. Paz,0,,,,,,,Sin internacion,"3,107649896623019","0,025671042729325196",,,Excluido (no agudo),Dentro de banda
41200957,Ctro. Asistencial Suizo Infico,Municipal,José C. Paz,0,,,,,,,Sin internacion,"3,107649896623019","0,025671042729325196",,,Excluido (no agudo),Dentro de banda
41201104,Ctro. Asistencial Trailler Bo. Piñeiro,Municipal,José C. Paz,0,,,,,,,Sin internacion,"3,107649896623019","0,025671042729325196",,,Excluido (no agudo),Dentro de banda
51500451,Ctro. Asistencial Unión Vecinal Villa de Mayo,Municipal,Malvinas Argentinas,0,,,,,,,Sin internacion,"3,107649896623019","0,025671042729325196",,,Excluido (no agudo),Dentro de banda
41201023,Ctro. Asistencial Urquiza,Municipal,José C. Paz,0,,,,,,,Sin internacion,"3,107649896623019","0,025671042729325196",,,Excluido (no agudo),Dentro de banda
41200965,Ctro. Asistencial Zona Norte,Municipal,José C. Paz,0,,,,,,,Sin internacion,"3,107649896623019","0,025671042729325196",,,Excluido (no agudo),Dentro de banda
74900350,Ctro. Asistencial.  A. Rojas,Municipal,San Fernando,0,,,,,,,Sin internacion,"3,107649896623019","0,025671042729325196",,,Excluido (no agudo),Dentro de banda
42000292,Ctro. Comunitario B° Parque Golf,Municipal,La Costa,0,,,,,,,Sin internacion,"3,107649896623019","0,025671042729325196",,,Excluido (no agudo),Dentro de banda
67200067,Ctro. Comunitario N° 1,Municipal,Rauch,0,,,,,,,Sin internacion,"3,107649896623019","0,025671042729325196",,,Excluido (no agudo),Dentro de banda
67200083,Ctro. Comunitario N° 2,Municipal,Rauch,0,,,,,,,Sin internacion,"3,107649896623019","0,025671042729325196",,,Excluido (no agudo),Dentro de banda
67200091,Ctro. Comunitario N° 3,Municipal,Rauch,0,,,,,,,Sin internacion,"3,107649896623019","0,025671042729325196",,,Excluido (no agudo),Dentro de banda
15400076,Ctro. Comunitario Polivalente Munic.,Municipal,Carlos Tejedor,0,,,,,,,Sin internacion,"3,107649896623019","0,025671042729325196",,,Excluido (no agudo),Dentro de banda
50500178,Ctro. Comunitario Roberto Payró,Municipal,Magdalena,0,,,,,,,Sin internacion,"3,107649896623019","0,025671042729325196",,,Excluido (no agudo),Dentro de banda
56000589,Ctro. De Enfermedades de Transm. Sexual,Municipal,Moreno,0,,,,,,,Sin internacion,"3,107649896623019","0,025671042729325196",,,Excluido (no agudo),Dentro de banda
27400930,Ctro. Estimulación y Aprendizaje Temprano,Municipal,Florencio Varela,0,,,,,,,Sin internacion,"3,107649896623019","0,025671042729325196",,,Excluido (no agudo),Dentro de banda
06300239,Ctro. Geriátrico Dr. Ernesto L. Pinto,Municipal,Balcarce,,,,,,,,Sin internacion,"3,107649896623019","0,025671042729325196",,,Excluido (no agudo),Dentro de banda
6300239,Ctro. Geriátrico Dr. Ernesto L. Pinto,Municipal,Balcarce,90,30,"311,02222222222224","0,05555555555555555",35,"0,7763295099061522","0,8571428571428571",Estadia prolongada,"3,107649896623019","0,025671042729325196","100,08277398306672","2,164133188563156",Excluido (no agudo),Dentro de banda
6300221,Ctro. Geriátrico Hostal  Los Abuelos,Municipal,Balcarce,56,"18,666666666666668","391,25","0,17857142857142858","26,333333333333332","0,9529627578568461","0,7088607594936709",Estadia prolongada,"3,107649896623019","0,025671042729325196","125,89899538720836","6,956142391810144",Excluido (no agudo),Dentro de banda
06300221,Ctro. Geriátrico Hostal  Los Abuelos,Municipal,Balcarce,,,,,,,,Sin internacion,"3,107649896623019","0,025671042729325196",,,Excluido (no agudo),Dentro de banda
77000287,Ctro. Integrador Comunitario,Municipal,San Pedro,0,,,,,,,Sin internacion,"3,107649896623019","0,025671042729325196",,,Excluido (no agudo),Dentro de banda
67200105,Ctro. Integrador Comunitario,Municipal,Rauch,0,,,,,,,Sin internacion,"3,107649896623019","0,025671042729325196",,,Excluido (no agudo),Dentro de banda
71400194,Ctro. Integrador Comunitario Bo. Molino,Municipal,Salto,0,,,,,,,Sin internacion,"3,107649896623019","0,025671042729325196",,,Excluido (no agudo),Dentro de banda
10500285,Ctro. Integral de Odontopediatría,Municipal,Bolívar,0,,,,,,,Sin internacion,"3,107649896623019","0,025671042729325196",,,Excluido (no agudo),Dentro de banda
41201179,Ctro. Integral del Diabético,Municipal,José C. Paz,0,,,,,,,Sin internacion,"3,107649896623019","0,025671042729325196",,,Excluido (no agudo),Dentro de banda
2800199,Ctro. Materno Infantil Nº 5 Rayito de Sol,Municipal,Almirante Brown,0,,,,,,,Sin internacion,"3,107649896623019","0,025671042729325196",,,Excluido (no agudo),Dentro de banda
02800199,Ctro. Materno Infantil Nº 5 Rayito de Sol,Municipal,Almirante Brown,,,,,,,,Sin internacion,"3,107649896623019","0,025671042729325196",,,Excluido (no agudo),Dentro de banda
49700133,Ctro. Medicina Preventiva y Social E. Perón,Municipal,Luján,0,,,,,,,Sin internacion,"3,107649896623019","0,025671042729325196",,,Excluido (no agudo),Dentro de banda
51501367,Ctro. Munic. de Diabetes Dr. A. Maggio,Municipal,Malvinas Argentinas,0,,,,,,,Sin internacion,"3,107649896623019","0,025671042729325196",,,Excluido (no agudo),Dentro de banda
02800075,Ctro. Municipal de Diag. y Prev. para la Salud,Municipal,Almirante Brown,,,,,,,,Sin internacion,"3,107649896623019","0,025671042729325196",,,Excluido (no agudo),Dentro de banda
2800083,Ctro. Municipal de Diag. y Prev. para la Salud,Provincial,Almirante Brown,14546,"4848,666666666667","5,54963563866355","0,04042348411934552","132,33333333333334","0,6632122922373169","36,63979848866499",Agudos,"5,54963563866355","0,04447215295095595",1,"0,9089617083284609",Normal,Dentro de banda
2800091,Ctro. Municipal de Diag. y Prev. para la Salud,Provincial,Almirante Brown,206,"68,66666666666667","79,79126213592232",0,"17,666666666666668","0,9816971713810316","3,8867924528301887",Estadia prolongada,"5,54963563866355","0,04447215295095595","14,377747897542598",0,Excluido (no agudo),Dentro de banda
2800075,Ctro. Municipal de Diag. y Prev. para la Salud,Municipal,Almirante Brown,0,,,,,,,Sin internacion,"3,107649896623019","0,025671042729325196",,,Excluido (no agudo),Dentro de banda
42000233,Ctro. Médico Bo. Juan XXIII,Municipal,La Costa,0,,,,,,,Sin internacion,"3,107649896623019","0,025671042729325196",,,Excluido (no agudo),Dentro de banda
27400247,Ctro. Médico Municipal,Municipal,Florencio Varela,0,,,,,,,Sin internacion,"3,107649896623019","0,025671042729325196",,,Excluido (no agudo),Dentro de banda
64800718,Ctro. Odontológico,Municipal,Presidente Perón,0,,,,,,,Sin internacion,"3,107649896623019","0,025671042729325196",,,Excluido (no agudo),Dentro de banda
49000255,Ctro. Odontológico Infantil,Provincial,Lomas de Zamora,2403,801,"313,2763212650853","0,02372034956304619",484,"0,8170647511327581","1,6549586776859504",Estadia prolongada,"5,54963563866355","0,04447215295095595","56,44988998602578","0,5333753369036367",Excluido (no agudo),Peor desempeno
49000247,Ctro. Odontológico Infantil,Municipal,Lomas de Zamora,0,,,,,,,Sin internacion,"3,107649896623019","0,025671042729325196",,,Excluido (no agudo),Dentro de banda
09100940,Ctro. Oftalmológico Clínico Quirúrgico San Camilo,Municipal,Berazategui,,,,,,,,Sin internacion,"3,107649896623019","0,025671042729325196",,,Excluido (no agudo),Dentro de banda
9100940,Ctro. Oftalmológico Clínico Quirúrgico San Camilo,Municipal,Berazategui,0,,,,,,,Sin internacion,"3,107649896623019","0,025671042729325196",,,Excluido (no agudo),Dentro de banda
27400573,Ctro. Perif- de Salud - Las Malvinas,Municipal,Florencio Varela,0,,,,,,,Sin internacion,"3,107649896623019","0,025671042729325196",,,Excluido (no agudo),Dentro de banda
51100101,Ctro. Perif. Barrio Belgrano,Municipal,Maipú,0,,,,,,,Sin internacion,"3,107649896623019","0,025671042729325196",,,Excluido (no agudo),Dentro de banda
60200142,Ctro. Perif. Bo. El Progreso,Municipal,Patagones,0,,,,,,,Sin internacion,"3,107649896623019","0,025671042729325196",,,Excluido (no agudo),Dentro de banda
60200134,Ctro. Perif. Bo. Lindo,Municipal,Patagones,0,,,,,,,Sin internacion,"3,107649896623019","0,025671042729325196",,,Excluido (no agudo),Dentro de banda
75600546,Ctro. Perif. Béccar,Municipal,San Isidro,0,,,,,,,Sin internacion,"3,107649896623019","0,025671042729325196",,,Excluido (no agudo),Dentro de banda
14700165,Ctro. Perif. Dr. Jose Passerini,Municipal,Carlos Casares,0,,,,,,,Sin internacion,"3,107649896623019","0,025671042729325196",,,Excluido (no agudo),Dentro de banda
14700106,Ctro. Perif. Evita,Municipal,Carlos Casares,0,,,,,,,Sin internacion,"3,107649896623019","0,025671042729325196",,,Excluido (no agudo),Dentro de banda
75600686,Ctro. Perif. Martínez,Municipal,San Isidro,0,,,,,,,Sin internacion,"3,107649896623019","0,025671042729325196",,,Excluido (no agudo),Dentro de banda
04900336,Ctro. Perif. N° 10 16 de Julio,Municipal,Azul,,,,,,,,Sin internacion,"3,107649896623019","0,025671042729325196",,,Excluido (no agudo),Dentro de banda
4900336,Ctro. Perif. N° 10 16 de Julio,Municipal,Azul,0,,,,,,,Sin internacion,"3,107649896623019","0,025671042729325196",,,Excluido (no agudo),Dentro de banda
27400531,Ctro. Perif. Santo Tomás,Municipal,Florencio Varela,0,,,,,,,Sin internacion,"3,107649896623019","0,025671042729325196",,,Excluido (no agudo),Dentro de banda
75600678,Ctro. Perif. Va. Adelina,Municipal,San Isidro,0,,,,,,,Sin internacion,"3,107649896623019","0,025671042729325196",,,Excluido (no agudo),Dentro de banda
27400883,Ctro. Perif. Varelence de Rehab. Soc. Cevareso,Municipal,Florencio Varela,0,,,,,,,Sin internacion,"3,107649896623019","0,025671042729325196",,,Excluido (no agudo),Dentro de banda
60200126,Ctro. Perif. Villa Morando,Municipal,Patagones,0,,,,,,,Sin internacion,"3,107649896623019","0,025671042729325196",,,Excluido (no agudo),Dentro de banda
60200096,Ctro. Perif. Villa del Carmen,Municipal,Patagones,0,,,,,,,Sin internacion,"3,107649896623019","0,025671042729325196",,,Excluido (no agudo),Dentro de banda
21800081,Ctro. Perif. de Atenc. Primaria Bo. Jardín,Municipal,Chascomús,0,,,,,,,Sin internacion,"3,107649896623019","0,025671042729325196",,,Excluido (no agudo),Dentro de banda
27400701,Ctro. Perif. de Salud - Dr. A. Oñativia,Municipal,Florencio Varela,0,,,,,,,Sin internacion,"3,107649896623019","0,025671042729325196",,,Excluido (no agudo),Dentro de banda
27400069,Ctro. Perif. de Salud - La Esmeralda,Municipal,Florencio Varela,0,,,,,,,Sin internacion,"3,107649896623019","0,025671042729325196",,,Excluido (no agudo),Dentro de banda
27400581,Ctro. Perif. de Salud - M. Fierro,Municipal,Florencio Varela,0,,,,,,,Sin internacion,"3,107649896623019","0,025671042729325196",,,Excluido (no agudo),Dentro de banda
27400875,Ctro. Perif. de Salud - Pico de Oro,Municipal,Florencio Varela,0,,,,,,,Sin internacion,"3,107649896623019","0,025671042729325196",,,Excluido (no agudo),Dentro de banda
27400719,Ctro. Perif. de Salud - San Francisco,Municipal,Florencio Varela,0,,,,,,,Sin internacion,"3,107649896623019","0,025671042729325196",,,Excluido (no agudo),Dentro de banda
27400565,Ctro. Perif. de Salud - San Rudecindo,Municipal,Florencio Varela,0,,,,,,,Sin internacion,"3,107649896623019","0,025671042729325196",,,Excluido (no agudo),Dentro de banda
27400093,Ctro. Perif. de Salud - Villa Angélica,Municipal,Florencio Varela,0,,,,,,,Sin internacion,"3,107649896623019","0,025671042729325196",,,Excluido (no agudo),Dentro de banda
27400484,Ctro. Perif. de Salud - Villa Argentina,Municipal,Florencio Varela,0,,,,,,,Sin internacion,"3,107649896623019","0,025671042729325196",,,Excluido (no agudo),Dentro de banda
27400379,Ctro. Perif. de Salud - Villa Aurora,Municipal,Florencio Varela,0,,,,,,,Sin internacion,"3,107649896623019","0,025671042729325196",,,Excluido (no agudo),Dentro de banda
27400590,Ctro. Perif. de Salud - Villa del Plata,Municipal,Florencio Varela,0,,,,,,,Sin internacion,"3,107649896623019","0,025671042729325196",,,Excluido (no agudo),Dentro de banda
27400361,Ctro. Perif. de Salud 20 de Junio San Nicolás,Municipal,Florencio Varela,0,,,,,,,Sin internacion,"3,107649896623019","0,025671042729325196",,,Excluido (no agudo),Dentro de banda
27400450,Ctro. Perif. de Salud Bo. La Sirena,Municipal,Florencio Varela,0,,,,,,,Sin internacion,"3,107649896623019","0,025671042729325196",,,Excluido (no agudo),Dentro de banda
27400468,Ctro. Perif. de Salud Bo. San Jorge,Municipal,Florencio Varela,0,,,,,,,Sin internacion,"3,107649896623019","0,025671042729325196",,,Excluido (no agudo),Dentro de banda
27400492,Ctro. Perif. de Salud Dr. A. Roselli Va. Mónica,Municipal,Florencio Varela,0,,,,,,,Sin internacion,"3,107649896623019","0,025671042729325196",,,Excluido (no agudo),Dentro de banda
27400514,Ctro. Perif. de Salud Dr. E. Rodriguez Va. Hudson,Municipal,Florencio Varela,0,,,,,,,Sin internacion,"3,107649896623019","0,025671042729325196",,,Excluido (no agudo),Dentro de banda
27400476,Ctro. Perif. de Salud Dr. S. Mandirola Bo. La Rotonda,Municipal,Florencio Varela,0,,,,,,,Sin internacion,"3,107649896623019","0,025671042729325196",,,Excluido (no agudo),Dentro de banda
27400328,Ctro. Perif. de Salud Dra. Bengoechea - La Capilla,Municipal,Florencio Varela,0,,,,,,,Sin internacion,"3,107649896623019","0,025671042729325196",,,Excluido (no agudo),Dentro de banda
27400506,Ctro. Perif. de Salud I Baigorri - Bo. Norte,Municipal,Florencio Varela,0,,,,,,,Sin internacion,"3,107649896623019","0,025671042729325196",,,Excluido (no agudo),Dentro de banda
27400336,Ctro. Perif. de Salud Ing. Allan,Municipal,Florencio Varela,0,,,,,,,Sin internacion,"3,107649896623019","0,025671042729325196",,,Excluido (no agudo),Dentro de banda
27400310,Ctro. Perif. de Salud Km. 26700 - E. Scrochi,Municipal,Florencio Varela,0,,,,,,,Sin internacion,"3,107649896623019","0,025671042729325196",,,Excluido (no agudo),Dentro de banda
27400212,Ctro. Perif. de Salud N° 1 - Zeballos I,Municipal,Florencio Varela,0,,,,,,,Sin internacion,"3,107649896623019","0,025671042729325196",,,Excluido (no agudo),Dentro de banda
27400018,Ctro. Perif. de Salud N° 2 - Zeballos II,Municipal,Florencio Varela,0,,,,,,,Sin internacion,"3,107649896623019","0,025671042729325196",,,Excluido (no agudo),Dentro de banda
27400051,Ctro. Perif. de Salud N° 2 - Zeballos II,Provincial,Florencio Varela,32713,"10904,333333333334","5,842753645339773","0,019747500993488827","250,66666666666666","0,9238193168732838","43,50132978723404",Agudos,"5,54963563866355","0,04447215295095595","1,0528175227638568","0,4440419382274216",Saturado,Dentro de banda
27400522,Ctro. Perif. de Salud S. Eduardo - Va. Bo. Abrille,Municipal,Florencio Varela,0,,,,,,,Sin internacion,"3,107649896623019","0,025671042729325196",,,Excluido (no agudo),Dentro de banda
27400859,Ctro. Perif. de Salud Sarmiento,Municipal,Florencio Varela,0,,,,,,,Sin internacion,"3,107649896623019","0,025671042729325196",,,Excluido (no agudo),Dentro de banda
58100203,Ctro. Periférico Nº 1,Municipal,Necochea,0,,,,,,,Sin internacion,"3,107649896623019","0,025671042729325196",,,Excluido (no agudo),Dentro de banda
09100630,Ctro. Prev. y Asist. a la Violencia Familiar,Municipal,Berazategui,,,,,,,,Sin internacion,"3,107649896623019","0,025671042729325196",,,Excluido (no agudo),Dentro de banda
9100630,Ctro. Prev. y Asist. a la Violencia Familiar,Municipal,Berazategui,0,,,,,,,Sin internacion,"3,107649896623019","0,025671042729325196",,,Excluido (no agudo),Dentro de banda
27000981,Ctro. Preventivo Asistencia a las Adicciones,Municipal,Ezeiza,0,,,,,,,Sin internacion,"3,107649896623019","0,025671042729325196",,,Excluido (no agudo),Dentro de banda
35701439,Ctro. Regional de Hemoterapia Reg. VIII,Provincial,General Pueyrredón,,,,,,,,Sin internacion,"5,54963563866355","0,04447215295095595",,,Excluido (no agudo),Dentro de banda
58100360,Ctro. Salud Bo. Gral San Martin,Municipal,Necochea,0,,,,,,,Sin internacion,"3,107649896623019","0,025671042729325196",,,Excluido (no agudo),Dentro de banda
76300414,Ctro. de  Atenc. Primaria S. San. Farm. Biasoli,Municipal,San Nicolás,0,,,,,,,Sin internacion,"3,107649896623019","0,025671042729325196",,,Excluido (no agudo),Dentro de banda
76300406,Ctro. de  Atenc. Primaria S. San. Luis Gallo,Municipal,San Nicolás,0,,,,,,,Sin internacion,"3,107649896623019","0,025671042729325196",,,Excluido (no agudo),Dentro de banda
76300376,Ctro. de  Atenc. Primaria Villa Esperanza,Municipal,San Nicolás,0,,,,,,,Sin internacion,"3,107649896623019","0,025671042729325196",,,Excluido (no agudo),Dentro de banda
51501252,Ctro. de Alta Compl. Cardiovasc. Pte. J. D. Perón,Municipal,Malvinas Argentinas,71463,23821,"2,446888599694947","0,01840113065502428","145,33333333333334","1,0309031186287094","163,9059633027523",Agudos,"3,107649896623019","0,025671042729325196","0,7873758888843626","0,7168049560372487",Anomalia de datos,Dentro de banda
28700044,Ctro. de Apoyo Barrio Obrero,Municipal,General Alvear,0,,,,,,,Sin internacion,"3,107649896623019","0,025671042729325196",,,Excluido (no agudo),Dentro de banda
76300431,Ctro. de Atenc. 24 horas E. Barbarito,Municipal,San Nicolás,0,,,,,,,Sin internacion,"3,107649896623019","0,025671042729325196",,,Excluido (no agudo),Dentro de banda
76300546,Ctro. de Atenc. 24 horas H. Panzardi,Municipal,San Nicolás,0,,,,,,,Sin internacion,"3,107649896623019","0,025671042729325196",,,Excluido (no agudo),Dentro de banda
76300422,Ctro. de Atenc. 24 horas M. Ramírez,Municipal,San Nicolás,0,,,,,,,Sin internacion,"3,107649896623019","0,025671042729325196",,,Excluido (no agudo),Dentro de banda
75600805,Ctro. de Atenc. Laboral Munic.,Municipal,San Isidro,0,,,,,,,Sin internacion,"3,107649896623019","0,025671042729325196",,,Excluido (no agudo),Dentro de banda
05600786,Ctro. de Atenc. Prim. Gral. D. Cerri,Municipal,Bahía Blanca,,,,,,,,Sin internacion,"3,107649896623019","0,025671042729325196",,,Excluido (no agudo),Dentro de banda
5600786,Ctro. de Atenc. Prim. Gral. D. Cerri,Municipal,Bahía Blanca,0,,,,,,,Sin internacion,"3,107649896623019","0,025671042729325196",,,Excluido (no agudo),Dentro de banda
55300066,Ctro. de Atenc. Prim. Sauce Grande,Municipal,Monte Hermoso,0,,,,,,,Sin internacion,"3,107649896623019","0,025671042729325196",,,Excluido (no agudo),Dentro de banda
62300322,Ctro. de Atenc. Primaria 12 de Octubre,Municipal,Pergamino,0,,,,,,,Sin internacion,"3,107649896623019","0,025671042729325196",,,Excluido (no agudo),Dentro de banda
62300012,Ctro. de Atenc. Primaria Acevedo Pueblo,Municipal,Pergamino,0,,,,,,,Sin internacion,"3,107649896623019","0,025671042729325196",,,Excluido (no agudo),Dentro de banda
62300365,Ctro. de Atenc. Primaria Bo. Acevedo,Municipal,Pergamino,0,,,,,,,Sin internacion,"3,107649896623019","0,025671042729325196",,,Excluido (no agudo),Dentro de banda
71400186,Ctro. de Atenc. Primaria Bo. Alonso,Municipal,Salto,0,,,,,,,Sin internacion,"3,107649896623019","0,025671042729325196",,,Excluido (no agudo),Dentro de banda
71400160,Ctro. de Atenc. Primaria Bo. Retiro,Municipal,Salto,0,,,,,,,Sin internacion,"3,107649896623019","0,025671042729325196",,,Excluido (no agudo),Dentro de banda
71400178,Ctro. de Atenc. Primaria Bo. Trocha,Municipal,Salto,0,,,,,,,Sin internacion,"3,107649896623019","0,025671042729325196",,,Excluido (no agudo),Dentro de banda
73500064,Ctro. de Atenc. Primaria Dr. Disanto,Municipal,San Antonio de Areco,0,,,,,,,Sin internacion,"3,107649896623019","0,025671042729325196",,,Excluido (no agudo),Dentro de banda
73500081,Ctro. de Atenc. Primaria Dr. Dominguez,Municipal,San Antonio de Areco,0,,,,,,,Sin internacion,"3,107649896623019","0,025671042729325196",,,Excluido (no agudo),Dentro de banda
62300381,Ctro. de Atenc. Primaria Dr. I. Viglierchio,Municipal,Pergamino,0,,,,,,,Sin internacion,"3,107649896623019","0,025671042729325196",,,Excluido (no agudo),Dentro de banda
62300276,Ctro. de Atenc. Primaria Dr. O. Bustos,Municipal,Pergamino,0,,,,,,,Sin internacion,"3,107649896623019","0,025671042729325196",,,Excluido (no agudo),Dentro de banda
73500056,Ctro. de Atenc. Primaria Dr. Tyrrell,Municipal,San Antonio de Areco,0,,,,,,,Sin internacion,"3,107649896623019","0,025671042729325196",,,Excluido (no agudo),Dentro de banda
62300306,Ctro. de Atenc. Primaria Dra. S. Fernández,Municipal,Pergamino,0,,,,,,,Sin internacion,"3,107649896623019","0,025671042729325196",,,Excluido (no agudo),Dentro de banda
62300021,Ctro. de Atenc. Primaria El Socorro,Municipal,Pergamino,0,,,,,,,Sin internacion,"3,107649896623019","0,025671042729325196",,,Excluido (no agudo),Dentro de banda
62300039,Ctro. de Atenc. Primaria Guerrico,Municipal,Pergamino,0,,,,,,,Sin internacion,"3,107649896623019","0,025671042729325196",,,Excluido (no agudo),Dentro de banda
62300314,Ctro. de Atenc. Primaria J. A. de la Peña,Municipal,Pergamino,0,,,,,,,Sin internacion,"3,107649896623019","0,025671042729325196",,,Excluido (no agudo),Dentro de banda
62300292,Ctro. de Atenc. Primaria John Kennedy,Municipal,Pergamino,0,,,,,,,Sin internacion,"3,107649896623019","0,025671042729325196",,,Excluido (no agudo),Dentro de banda
62300047,Ctro. de Atenc. Primaria La Violeta,Municipal,Pergamino,0,,,,,,,Sin internacion,"3,107649896623019","0,025671042729325196",,,Excluido (no agudo),Dentro de banda
62300063,Ctro. de Atenc. Primaria M. Benítez,Municipal,Pergamino,0,,,,,,,Sin internacion,"3,107649896623019","0,025671042729325196",,,Excluido (no agudo),Dentro de banda
62300101,Ctro. de Atenc. Primaria M. Benítez,Provincial,Pergamino,25427,"8475,666666666666","3,9906398710032644","0,03539544578597554",167,"0,5837467827610755","50,75249500998004",Agudos,"5,54963563866355","0,04447215295095595","0,7190814191838153","0,7959013323463284",Normal,Dentro de banda
62300250,Ctro. de Atenc. Primaria M. H. Alfonso,Municipal,Pergamino,0,,,,,,,Sin internacion,"3,107649896623019","0,025671042729325196",,,Excluido (no agudo),Dentro de banda
62300055,Ctro. de Atenc. Primaria Manuel Ocampo,Municipal,Pergamino,0,,,,,,,Sin internacion,"3,107649896623019","0,025671042729325196",,,Excluido (no agudo),Dentro de banda
37100572,Ctro. de Atenc. Primaria N° 15 Villla Lanzone,Municipal,General San Martín,0,,,,,,,Sin internacion,"3,107649896623019","0,025671042729325196",,,Excluido (no agudo),Dentro de banda
37100564,Ctro. de Atenc. Primaria Nº 14 Bo. UTA,Municipal,General San Martín,0,,,,,,,Sin internacion,"3,107649896623019","0,025671042729325196",,,Excluido (no agudo),Dentro de banda
37100742,Ctro. de Atenc. Primaria Nº 19 Villa Libertad,Municipal,General San Martín,0,,,,,,,Sin internacion,"3,107649896623019","0,025671042729325196",,,Excluido (no agudo),Dentro de banda
62300268,Ctro. de Atenc. Primaria Otero,Municipal,Pergamino,0,,,,,,,Sin internacion,"3,107649896623019","0,025671042729325196",,,Excluido (no agudo),Dentro de banda
62300128,Ctro. de Atenc. Primaria Pinzón,Municipal,Pergamino,0,,,,,,,Sin internacion,"3,107649896623019","0,025671042729325196",,,Excluido (no agudo),Dentro de banda
62300390,Ctro. de Atenc. Primaria R. Carrillo,Municipal,Pergamino,0,,,,,,,Sin internacion,"3,107649896623019","0,025671042729325196",,,Excluido (no agudo),Dentro de banda
62300136,Ctro. de Atenc. Primaria Rancagua,Municipal,Pergamino,0,,,,,,,Sin internacion,"3,107649896623019","0,025671042729325196",,,Excluido (no agudo),Dentro de banda
62300438,Ctro. de Atenc. Primaria Raúl Arballo,Municipal,Pergamino,0,,,,,,,Sin internacion,"3,107649896623019","0,025671042729325196",,,Excluido (no agudo),Dentro de banda
76300619,Ctro. de Atenc. Primaria S. San. 7 de Septiembre,Municipal,San Nicolás,0,,,,,,,Sin internacion,"3,107649896623019","0,025671042729325196",,,Excluido (no agudo),Dentro de banda
76300023,Ctro. de Atenc. Primaria S. San. A. Clerici,Municipal,San Nicolás,0,,,,,,,Sin internacion,"3,107649896623019","0,025671042729325196",,,Excluido (no agudo),Dentro de banda
76300457,Ctro. de Atenc. Primaria S. San. Asonia,Municipal,San Nicolás,0,,,,,,,Sin internacion,"3,107649896623019","0,025671042729325196",,,Excluido (no agudo),Dentro de banda
76300261,Ctro. de Atenc. Primaria S. San. Campo Salles,Municipal,San Nicolás,0,,,,,,,Sin internacion,"3,107649896623019","0,025671042729325196",,,Excluido (no agudo),Dentro de banda
76300015,Ctro. de Atenc. Primaria S. San. Conessa,Municipal,San Nicolás,0,,,,,,,Sin internacion,"3,107649896623019","0,025671042729325196",,,Excluido (no agudo),Dentro de banda
76300228,Ctro. de Atenc. Primaria S. San. Dr. O. Ricardini,Municipal,San Nicolás,0,,,,,,,Sin internacion,"3,107649896623019","0,025671042729325196",,,Excluido (no agudo),Dentro de banda
76300252,Ctro. de Atenc. Primaria S. San. Dr. R. Lombardi,Municipal,San Nicolás,0,,,,,,,Sin internacion,"3,107649896623019","0,025671042729325196",,,Excluido (no agudo),Dentro de banda
76300210,Ctro. de Atenc. Primaria S. San. Erezcano,Municipal,San Nicolás,0,,,,,,,Sin internacion,"3,107649896623019","0,025671042729325196",,,Excluido (no agudo),Dentro de banda
76300520,Ctro. de Atenc. Primaria S. San. Gral. Savio,Municipal,San Nicolás,0,,,,,,,Sin internacion,"3,107649896623019","0,025671042729325196",,,Excluido (no agudo),Dentro de banda
76300473,Ctro. de Atenc. Primaria S. San. H. R. Cardinale,Municipal,San Nicolás,0,,,,,,,Sin internacion,"3,107649896623019","0,025671042729325196",,,Excluido (no agudo),Dentro de banda
76300571,Ctro. de Atenc. Primaria S. San. J. Rosello,Municipal,San Nicolás,0,,,,,,,Sin internacion,"3,107649896623019","0,025671042729325196",,,Excluido (no agudo),Dentro de banda
76300627,Ctro. de Atenc. Primaria S. San. Los Provincianos,Municipal,San Nicolás,0,,,,,,,Sin internacion,"3,107649896623019","0,025671042729325196",,,Excluido (no agudo),Dentro de banda
76300350,Ctro. de Atenc. Primaria S. San. Ntra. Sra. de Guadalupe,Municipal,San Nicolás,0,,,,,,,Sin internacion,"3,107649896623019","0,025671042729325196",,,Excluido (no agudo),Dentro de banda
76300244,Ctro. de Atenc. Primaria S. San. Ntra. Sra. de las Viñas,Municipal,San Nicolás,0,,,,,,,Sin internacion,"3,107649896623019","0,025671042729325196",,,Excluido (no agudo),Dentro de banda
76300503,Ctro. de Atenc. Primaria S. San. O. Fussi,Municipal,San Nicolás,0,,,,,,,Sin internacion,"3,107649896623019","0,025671042729325196",,,Excluido (no agudo),Dentro de banda
76300279,Ctro. de Atenc. Primaria S. San. P. D. Wagner,Municipal,San Nicolás,0,,,,,,,Sin internacion,"3,107649896623019","0,025671042729325196",,,Excluido (no agudo),Dentro de banda
76300511,Ctro. de Atenc. Primaria S. San. R. E. Mayor,Municipal,San Nicolás,0,,,,,,,Sin internacion,"3,107649896623019","0,025671042729325196",,,Excluido (no agudo),Dentro de banda
76300236,Ctro. de Atenc. Primaria S. San. San Roque,Municipal,San Nicolás,0,,,,,,,Sin internacion,"3,107649896623019","0,025671042729325196",,,Excluido (no agudo),Dentro de banda
76300465,Ctro. de Atenc. Primaria S. San. Villa Canto,Municipal,San Nicolás,0,,,,,,,Sin internacion,"3,107649896623019","0,025671042729325196",,,Excluido (no agudo),Dentro de banda
76300538,Ctro. de Atenc. Primaria S. San. Virgen del Rosario,Municipal,San Nicolás,0,,,,,,,Sin internacion,"3,107649896623019","0,025671042729325196",,,Excluido (no agudo),Dentro de banda
62300349,Ctro. de Atenc. Primaria San José,Municipal,Pergamino,0,,,,,,,Sin internacion,"3,107649896623019","0,025671042729325196",,,Excluido (no agudo),Dentro de banda
62300152,Ctro. de Atenc. Primaria Urquiza,Municipal,Pergamino,0,,,,,,,Sin internacion,"3,107649896623019","0,025671042729325196",,,Excluido (no agudo),Dentro de banda
62300331,Ctro. de Atenc. Primaria Villa Alicia,Municipal,Pergamino,0,,,,,,,Sin internacion,"3,107649896623019","0,025671042729325196",,,Excluido (no agudo),Dentro de banda
62300284,Ctro. de Atenc. Primaria Virgen de Luján,Municipal,Pergamino,0,,,,,,,Sin internacion,"3,107649896623019","0,025671042729325196",,,Excluido (no agudo),Dentro de banda
41001550,Ctro. de Atenc. de la Tercera Edad,Municipal,Ituzaingó,0,,,,,,,Sin internacion,"3,107649896623019","0,025671042729325196",,,Excluido (no agudo),Dentro de banda
41001792,Ctro. de Atenc. de la Tercera Edad,Provincial,Ituzaingó,0,,,,,,,Sin internacion,"5,54963563866355","0,04447215295095595",,,Excluido (no agudo),Dentro de banda
41201171,Ctro. de Atenc. y Rehabilitación del Discapacitado,Municipal,José C. Paz,0,,,,,,,Sin internacion,"3,107649896623019","0,025671042729325196",,,Excluido (no agudo),Dentro de banda
09100222,Ctro. de Diag. y Trat. Dr. J. A. Sábatto,Municipal,Berazategui,,,,,,,,Sin internacion,"3,107649896623019","0,025671042729325196",,,Excluido (no agudo),Dentro de banda
9100222,Ctro. de Diag. y Trat. Dr. J. A. Sábatto,Municipal,Berazategui,27887,"9295,666666666666","0,9835048588948255","3,585900240255316E-05","11,333333333333334","2,2770927968851393","820,2058823529412",Agudos,"3,107649896623019","0,025671042729325196","0,316478654807148","0,0013968658297463623",Anomalia de datos,Dentro de banda
43401436,Ctro. de Discapacitados Palacio Municipal,Municipal,Lanús,0,,,,,,,Sin internacion,"3,107649896623019","0,025671042729325196",,,Excluido (no agudo),Dentro de banda
9100737,Ctro. de Día Para Discapac. S. Motores,Municipal,Berazategui,0,,,,,,,Sin internacion,"3,107649896623019","0,025671042729325196",,,Excluido (no agudo),Dentro de banda
09100737,Ctro. de Día Para Discapac. S. Motores,Municipal,Berazategui,,,,,,,,Sin internacion,"3,107649896623019","0,025671042729325196",,,Excluido (no agudo),Dentro de banda
9100907,Ctro. de Emergencias Médicas,Municipal,Berazategui,0,,,,,,,Sin internacion,"3,107649896623019","0,025671042729325196",,,Excluido (no agudo),Dentro de banda
09100907,Ctro. de Emergencias Médicas,Municipal,Berazategui,,,,,,,,Sin internacion,"3,107649896623019","0,025671042729325196",,,Excluido (no agudo),Dentro de banda
40801455,Ctro. de Estimulación e Intervención Temprana,Municipal,Hurlingham,0,,,,,,,Sin internacion,"3,107649896623019","0,025671042729325196",,,Excluido (no agudo),Dentro de banda
27401049,Ctro. de Integración Comunitaria,Municipal,Florencio Varela,0,,,,,,,Sin internacion,"3,107649896623019","0,025671042729325196",,,Excluido (no agudo),Dentro de banda
74900414,Ctro. de Integración Comunitaria Villa Jardín,Municipal,San Fernando,0,,,,,,,Sin internacion,"3,107649896623019","0,025671042729325196",,,Excluido (no agudo),Dentro de banda
76001333,Ctro. de Medicina Laboral,Municipal,San Miguel,0,,,,,,,Sin internacion,"3,107649896623019","0,025671042729325196",,,Excluido (no agudo),Dentro de banda
76300074,Ctro. de Medicina Preventiva Dr. C. Ferreyra,Provincial,San Nicolás,33076,"11025,333333333334","3,5699298585076793","0,019561011004958277","157,66666666666666","0,6686890812790468","69,92811839323467",Agudos,"5,54963563866355","0,04447215295095595","0,6432728364428951","0,43984852783111783",Normal,Dentro de banda
76300040,Ctro. de Medicina Preventiva Dr. C. Ferreyra,Municipal,San Nicolás,0,,,,,,,Sin internacion,"3,107649896623019","0,025671042729325196",,,Excluido (no agudo),Dentro de banda
43400260,Ctro. de Medicina Preventiva Dr. R. Favaloro,Municipal,Lanús,0,,,,,,,Sin internacion,"3,107649896623019","0,025671042729325196",,,Excluido (no agudo),Dentro de banda
75600813,Ctro. de Medicina Preventiva y Sanit.,Municipal,San Isidro,0,,,,,,,Sin internacion,"3,107649896623019","0,025671042729325196",,,Excluido (no agudo),Dentro de banda
51501334,Ctro. de Medicina del Deporte,Municipal,Malvinas Argentinas,0,,,,,,,Sin internacion,"3,107649896623019","0,025671042729325196",,,Excluido (no agudo),Dentro de banda
63800596,Ctro. de Prev. Asist. de Violencia Familiar,Municipal,Pilar,0,,,,,,,Sin internacion,"3,107649896623019","0,025671042729325196",,,Excluido (no agudo),Dentro de banda
44102165,Ctro. de Prev. VIH/SIDA y Enf. de T. Sexual Ctro.N° 13,Municipal,La Plata,0,,,,,,,Sin internacion,"3,107649896623019","0,025671042729325196",,,Excluido (no agudo),Dentro de banda
75600848,Ctro. de Prevención Accident. de Tránsito,Municipal,#N/D,0,,,,,,,Sin internacion,"3,107649896623019","0,025671042729325196",,,Excluido (no agudo),Dentro de banda
75600830,Ctro. de Prevención Accident. de Tránsito,Municipal,San Isidro,0,,,,,,,Sin internacion,"3,107649896623019","0,025671042729325196",,,Excluido (no agudo),Dentro de banda
75600881,Ctro. de Prom. Tercera Edad,Municipal,San Isidro,0,,,,,,,Sin internacion,"3,107649896623019","0,025671042729325196",,,Excluido (no agudo),Dentro de banda
75600872,Ctro. de Prom. de la Salud,Municipal,San Isidro,0,,,,,,,Sin internacion,"3,107649896623019","0,025671042729325196",,,Excluido (no agudo),Dentro de banda
75600724,Ctro. de Psicopatología Infanto Juvenil,Municipal,San Isidro,0,,,,,,,Sin internacion,"3,107649896623019","0,025671042729325196",,,Excluido (no agudo),Dentro de banda
63800545,Ctro. de Ref. Munic. de Salud Mental,Municipal,Pilar,0,,,,,,,Sin internacion,"3,107649896623019","0,025671042729325196",,,Excluido (no agudo),Dentro de banda
75600899,Ctro. de Rehabilitación Cardíaca,Municipal,San Isidro,0,,,,,,,Sin internacion,"3,107649896623019","0,025671042729325196",,,Excluido (no agudo),Dentro de banda
10500277,Ctro. de Rehabilitación Intergral CRIB,Municipal,Bolívar,14,7,"195,92857142857142",0,7,"0,9953076120959332","0,6666666666666666",Estadia prolongada,"3,107649896623019","0,025671042729325196","63,047182902256964",0,Excluido (no agudo),Dentro de banda
74900376,Ctro. de Salud  Crisol,Municipal,San Fernando,0,,,,,,,Sin internacion,"3,107649896623019","0,025671042729325196",,,Excluido (no agudo),Dentro de banda
74900139,Ctro. de Salud  Dr. A. Reinecke,Provincial,San Fernando,16274,"5424,666666666667","7,640653803613125","0,06912867150055303",179,"0,6396812830400694","30,30540037243948",Agudos,"5,54963563866355","0,04447215295095595","1,3767847659009789","1,5544260152367344",Normal,Dentro de banda
74900091,Ctro. de Salud  Dr. A. Reinecke,Municipal,San Fernando,0,,,,,,,Sin internacion,"3,107649896623019","0,025671042729325196",,,Excluido (no agudo),Dentro de banda
74900023,Ctro. de Salud  Dr. E. Finochietto,Municipal,San Fernando,0,,,,,,,Sin internacion,"3,107649896623019","0,025671042729325196",,,Excluido (no agudo),Dentro de banda
74900325,Ctro. de Salud  Dr. I. Galvéz,Provincial,San Fernando,0,,,,,,,Sin internacion,"5,54963563866355","0,04447215295095595",,,Excluido (no agudo),Dentro de banda
74900295,Ctro. de Salud  Dr. I. Galvéz,Municipal,San Fernando,0,,,,,,,Sin internacion,"3,107649896623019","0,025671042729325196",,,Excluido (no agudo),Dentro de banda
74900422,Ctro. de Salud  Dr. I. Piaggi,Municipal,San Fernando,0,,,,,,,Sin internacion,"3,107649896623019","0,025671042729325196",,,Excluido (no agudo),Dentro de banda
74900406,Ctro. de Salud  María Isabel,Municipal,San Fernando,0,,,,,,,Sin internacion,"3,107649896623019","0,025671042729325196",,,Excluido (no agudo),Dentro de banda
74900015,Ctro. de Salud  Nº  66 Dr. Pietranera,Municipal,San Fernando,0,,,,,,,Sin internacion,"3,107649896623019","0,025671042729325196",,,Excluido (no agudo),Dentro de banda
74900155,Ctro. de Salud  Pedro Di Mateo,Municipal,San Fernando,0,,,,,,,Sin internacion,"3,107649896623019","0,025671042729325196",,,Excluido (no agudo),Dentro de banda
44100243,Ctro. de Salud 16,Municipal,La Plata,0,,,,,,,Sin internacion,"3,107649896623019","0,025671042729325196",,,Excluido (no agudo),Dentro de banda
44100251,Ctro. de Salud 16,Provincial,La Plata,15692,"5230,666666666667","6,516505225592659","0,06175121080805506",136,"0,6864013933547696","38,46078431372549",Agudos,"5,54963563866355","0,04447215295095595","1,1742221741897902","1,3885365720016867",Normal,Dentro de banda
76000639,Ctro. de Salud 17 de Agosto,Municipal,San Miguel,0,,,,,,,Sin internacion,"3,107649896623019","0,025671042729325196",,,Excluido (no agudo),Dentro de banda
77000198,Ctro. de Salud 1º de Mayo,Municipal,San Pedro,0,,,,,,,Sin internacion,"3,107649896623019","0,025671042729325196",,,Excluido (no agudo),Dentro de banda
40801447,Ctro. de Salud 21 de Agosto,Municipal,Hurlingham,0,,,,,,,Sin internacion,"3,107649896623019","0,025671042729325196",,,Excluido (no agudo),Dentro de banda
43401461,Ctro. de Salud 25 de Enero,Municipal,Lanús,0,,,,,,,Sin internacion,"3,107649896623019","0,025671042729325196",,,Excluido (no agudo),Dentro de banda
63800081,Ctro. de Salud A. Manzanares,Municipal,Pilar,0,,,,,,,Sin internacion,"3,107649896623019","0,025671042729325196",,,Excluido (no agudo),Dentro de banda
25200041,Ctro. de Salud A. Torres,Municipal,Escobar,0,,,,,,,Sin internacion,"3,107649896623019","0,025671042729325196",,,Excluido (no agudo),Dentro de banda
63800502,Ctro. de Salud Agustoni - Enf. Juana C. Ataide,Municipal,Pilar,0,,,,,,,Sin internacion,"3,107649896623019","0,025671042729325196",,,Excluido (no agudo),Dentro de banda
09100290,Ctro. de Salud Animal y Zoonosis,Municipal,Berazategui,,,,,,,,Sin internacion,"3,107649896623019","0,025671042729325196",,,Excluido (no agudo),Dentro de banda
9100290,Ctro. de Salud Animal y Zoonosis,Municipal,Berazategui,0,,,,,,,Sin internacion,"3,107649896623019","0,025671042729325196",,,Excluido (no agudo),Dentro de banda
77000261,Ctro. de Salud Arco Iris,Municipal,San Pedro,0,,,,,,,Sin internacion,"3,107649896623019","0,025671042729325196",,,Excluido (no agudo),Dentro de banda
77000279,Ctro. de Salud Bajo Campodónico,Municipal,San Pedro,0,,,,,,,Sin internacion,"3,107649896623019","0,025671042729325196",,,Excluido (no agudo),Dentro de banda
39200159,Ctro. de Salud Banderaló,Municipal,General Villegas,0,,,,,,,Sin internacion,"3,107649896623019","0,025671042729325196",,,Excluido (no agudo),Dentro de banda
76000647,Ctro. de Salud Bella Vista Norte,Municipal,San Miguel,0,,,,,,,Sin internacion,"3,107649896623019","0,025671042729325196",,,Excluido (no agudo),Dentro de banda
58100394,Ctro. de Salud Bo. 9 de Julio,Municipal,Necochea,0,,,,,,,Sin internacion,"3,107649896623019","0,025671042729325196",,,Excluido (no agudo),Dentro de banda
58100246,Ctro. de Salud Bo. Juan B. Flores,Municipal,Necochea,0,,,,,,,Sin internacion,"3,107649896623019","0,025671042729325196",,,Excluido (no agudo),Dentro de banda
79100327,Ctro. de Salud Bo. Metalúrgico,Municipal,Tandil,0,,,,,,,Sin internacion,"3,107649896623019","0,025671042729325196",,,Excluido (no agudo),Dentro de banda
58100238,Ctro. de Salud Bo. Norte,Municipal,Necochea,0,,,,,,,Sin internacion,"3,107649896623019","0,025671042729325196",,,Excluido (no agudo),Dentro de banda
58100297,Ctro. de Salud Bo. Sudoeste D. Diez,Municipal,Necochea,0,,,,,,,Sin internacion,"3,107649896623019","0,025671042729325196",,,Excluido (no agudo),Dentro de banda
58100301,Ctro. de Salud Bo. Sur,Municipal,Necochea,0,,,,,,,Sin internacion,"3,107649896623019","0,025671042729325196",,,Excluido (no agudo),Dentro de banda
43401452,Ctro. de Salud Bomberos Lanús Oeste,Municipal,Lanús,0,,,,,,,Sin internacion,"3,107649896623019","0,025671042729325196",,,Excluido (no agudo),Dentro de banda
49700087,Ctro. de Salud Carlos Keen,Municipal,Luján,0,,,,,,,Sin internacion,"3,107649896623019","0,025671042729325196",,,Excluido (no agudo),Dentro de banda
25200229,Ctro. de Salud Cnel. Dorrego,Municipal,Escobar,0,,,,,,,Sin internacion,"3,107649896623019","0,025671042729325196",,,Excluido (no agudo),Dentro de banda
76000850,Ctro. de Salud Cándido Castello,Municipal,San Miguel,0,,,,,,,Sin internacion,"3,107649896623019","0,025671042729325196",,,Excluido (no agudo),Dentro de banda
76000841,Ctro. de Salud Dr. A. Sabín,Municipal,San Miguel,0,,,,,,,Sin internacion,"3,107649896623019","0,025671042729325196",,,Excluido (no agudo),Dentro de banda
77000031,Ctro. de Salud Dr. Aran Río Tala,Municipal,San Pedro,579,579,1,0,1,"1,5994475138121547",579,Agudos,"3,107649896623019","0,025671042729325196","0,32178656967976577",0,Anomalia de datos,Dentro de banda
58100408,Ctro. de Salud Dr. Carlos Fucile,Municipal,Necochea,0,,,,,,,Sin internacion,"3,107649896623019","0,025671042729325196",,,Excluido (no agudo),Dentro de banda
75600473,Ctro. de Salud Dr. F. J. Muñiz,Municipal,San Isidro,0,,,,,,,Sin internacion,"3,107649896623019","0,025671042729325196",,,Excluido (no agudo),Dentro de banda
76000612,Ctro. de Salud Dr. F. Laloir,Municipal,San Miguel,0,,,,,,,Sin internacion,"3,107649896623019","0,025671042729325196",,,Excluido (no agudo),Dentro de banda
74900341,Ctro. de Salud Dr. H. Bertrés,Municipal,San Fernando,0,,,,,,,Sin internacion,"3,107649896623019","0,025671042729325196",,,Excluido (no agudo),Dentro de banda
37100033,Ctro. de Salud Dr. L. Agote,Municipal,General San Martín,0,,,,,,,Sin internacion,"3,107649896623019","0,025671042729325196",,,Excluido (no agudo),Dentro de banda
5601324,Ctro. de Salud Dr. Leandro Piñeiro,Municipal,Bahía Blanca,0,,,,,,,Sin internacion,"3,107649896623019","0,025671042729325196",,,Excluido (no agudo),Dentro de banda
05601324,Ctro. de Salud Dr. Leandro Piñeiro,Municipal,Bahía Blanca,,,,,,,,Sin internacion,"3,107649896623019","0,025671042729325196",,,Excluido (no agudo),Dentro de banda
76000361,Ctro. de Salud Dr. R. Matera,Municipal,San Miguel,0,,,,,,,Sin internacion,"3,107649896623019","0,025671042729325196",,,Excluido (no agudo),Dentro de banda
76000990,Ctro. de Salud Dr. René Favaloro,Municipal,San Miguel,0,,,,,,,Sin internacion,"3,107649896623019","0,025671042729325196",,,Excluido (no agudo),Dentro de banda
76000469,Ctro. de Salud Dra. M. Antoniazzi,Municipal,San Miguel,0,,,,,,,Sin internacion,"3,107649896623019","0,025671042729325196",,,Excluido (no agudo),Dentro de banda
39200043,Ctro. de Salud Emilio Bunge,Municipal,General Villegas,0,,,,,,,Sin internacion,"3,107649896623019","0,025671042729325196",,,Excluido (no agudo),Dentro de banda
50500194,Ctro. de Salud Empalme Magdalena,Municipal,Magdalena,0,,,,,,,Sin internacion,"3,107649896623019","0,025671042729325196",,,Excluido (no agudo),Dentro de banda
43401045,Ctro. de Salud Eva Perón,Municipal,Lanús,0,,,,,,,Sin internacion,"3,107649896623019","0,025671042729325196",,,Excluido (no agudo),Dentro de banda
77000210,Ctro. de Salud Federico Rosito,Municipal,San Pedro,0,,,,,,,Sin internacion,"3,107649896623019","0,025671042729325196",,,Excluido (no agudo),Dentro de banda
43401444,Ctro. de Salud Gral. Don José de San Martín,Municipal,Lanús,0,,,,,,,Sin internacion,"3,107649896623019","0,025671042729325196",,,Excluido (no agudo),Dentro de banda
25200091,Ctro. de Salud H. Canesi,Municipal,Escobar,10771,"3590,3333333333335","1,030730665676353","0,0012069445733915143",5,"2,0560477309708913","718,0666666666667",Agudos,"3,107649896623019","0,025671042729325196","0,33167528517173517","0,04701579854458997",Anomalia de datos,Dentro de banda
49700257,Ctro. de Salud Juan XXIII,Municipal,Luján,0,,,,,,,Sin internacion,"3,107649896623019","0,025671042729325196",,,Excluido (no agudo),Dentro de banda
55300112,Ctro. de Salud Jubilados y Pensionados,Municipal,Monte Hermoso,0,,,,,,,Sin internacion,"3,107649896623019","0,025671042729325196",,,Excluido (no agudo),Dentro de banda
77000244,Ctro. de Salud La Buena Moza,Municipal,San Pedro,0,,,,,,,Sin internacion,"3,107649896623019","0,025671042729325196",,,Excluido (no agudo),Dentro de banda
49700265,Ctro. de Salud La Loma,Municipal,Luján,0,,,,,,,Sin internacion,"3,107649896623019","0,025671042729325196",,,Excluido (no agudo),Dentro de banda
43401495,Ctro. de Salud La Maquinita,Municipal,Lanús,0,,,,,,,Sin internacion,"3,107649896623019","0,025671042729325196",,,Excluido (no agudo),Dentro de banda
49700508,Ctro. de Salud La Palomita,Municipal,Luján,0,,,,,,,Sin internacion,"3,107649896623019","0,025671042729325196",,,Excluido (no agudo),Dentro de banda
49700427,Ctro. de Salud Lanusse,Municipal,Luján,0,,,,,,,Sin internacion,"3,107649896623019","0,025671042729325196",,,Excluido (no agudo),Dentro de banda
77000171,Ctro. de Salud Las Canaletas,Municipal,San Pedro,0,,,,,,,Sin internacion,"3,107649896623019","0,025671042729325196",,,Excluido (no agudo),Dentro de banda
79100271,Ctro. de Salud Las Tunitas,Municipal,Tandil,0,,,,,,,Sin internacion,"3,107649896623019","0,025671042729325196",,,Excluido (no agudo),Dentro de banda
25200113,Ctro. de Salud Loma Verde,Municipal,Escobar,0,,,,,,,Sin internacion,"3,107649896623019","0,025671042729325196",,,Excluido (no agudo),Dentro de banda
77000228,Ctro. de Salud Los Aromos,Municipal,San Pedro,0,,,,,,,Sin internacion,"3,107649896623019","0,025671042729325196",,,Excluido (no agudo),Dentro de banda
27400999,Ctro. de Salud Los Tronquitos,Municipal,Florencio Varela,0,,,,,,,Sin internacion,"3,107649896623019","0,025671042729325196",,,Excluido (no agudo),Dentro de banda
58100386,Ctro. de Salud Madre Teresa de Calcuta,Municipal,Necochea,0,,,,,,,Sin internacion,"3,107649896623019","0,025671042729325196",,,Excluido (no agudo),Dentro de banda
51500621,Ctro. de Salud Malvinas Pech,Municipal,Malvinas Argentinas,0,,,,,,,Sin internacion,"3,107649896623019","0,025671042729325196",,,Excluido (no agudo),Dentro de banda
77000201,Ctro. de Salud Mateo Sberg,Municipal,San Pedro,0,,,,,,,Sin internacion,"3,107649896623019","0,025671042729325196",,,Excluido (no agudo),Dentro de banda
43401355,Ctro. de Salud Mental. 6 de Julio,Municipal,Lanús,0,,,,,,,Sin internacion,"3,107649896623019","0,025671042729325196",,,Excluido (no agudo),Dentro de banda
1400081,Ctro. de Salud Munic. N° 1,Municipal,Adolfo Gonzales Chaves,0,,,,,,,Sin internacion,"3,107649896623019","0,025671042729325196",,,Excluido (no agudo),Dentro de banda
01400081,Ctro. de Salud Munic. N° 1,Municipal,Adolfo Gonzales Chaves,,,,,,,,Sin internacion,"3,107649896623019","0,025671042729325196",,,Excluido (no agudo),Dentro de banda
35700041,Ctro. de Salud N° 1,Municipal,General Pueyrredón,0,,,,,,,Sin internacion,"3,107649896623019","0,025671042729325196",,,Excluido (no agudo),Dentro de banda
36400254,Ctro. de Salud N° 15 Pque. Irigoyen,Municipal,General Rodríguez,0,,,,,,,Sin internacion,"3,107649896623019","0,025671042729325196",,,Excluido (no agudo),Dentro de banda
35700068,Ctro. de Salud N° 2,Nacional,General Pueyrredón,1057,"352,3333333333333","43,2639545884579","0,004730368968779565","69,66666666666667","0,61920168343526","5,057416267942584",Estadia prolongada,"8,741425180684324","0,0896213078490754","4,949302166888875","0,05278174445686095",Excluido (no agudo),Peor desempeno
35700050,Ctro. de Salud N° 2,Municipal,General Pueyrredón,0,,,,,,,Sin internacion,"3,107649896623019","0,025671042729325196",,,Excluido (no agudo),Dentro de banda
37100181,Ctro. de Salud N° 3 Villa Concepción,Provincial,General San Martín,4379,"2189,5","5,800867778031514","0,044073989495318565","90,5","0,5177074183502356","24,193370165745858",Agudos,"5,54963563866355","0,04447215295095595","1,04527002414675","0,9910469039788454",Normal,Dentro de banda
37100131,Ctro. de Salud N° 3 Villa Concepción,Municipal,General San Martín,0,,,,,,,Sin internacion,"3,107649896623019","0,025671042729325196",,,Excluido (no agudo),Dentro de banda
44105420,Ctro. de Salud N° 41,Municipal,La Plata,0,,,,,,,Sin internacion,"3,107649896623019","0,025671042729325196",,,Excluido (no agudo),Dentro de banda
44105566,Ctro. de Salud N° 42,Municipal,La Plata,0,,,,,,,Sin internacion,"3,107649896623019","0,025671042729325196",,,Excluido (no agudo),Dentro de banda
44105574,Ctro. de Salud N° 43,Municipal,La Plata,0,,,,,,,Sin internacion,"3,107649896623019","0,025671042729325196",,,Excluido (no agudo),Dentro de banda
37100246,Ctro. de Salud N° 5 Dr. Ramón Carrillo,Municipal,General San Martín,0,,,,,,,Sin internacion,"3,107649896623019","0,025671042729325196",,,Excluido (no agudo),Dentro de banda
36400131,Ctro. de Salud N° 7 Almirante Brown,Municipal,General Rodríguez,0,,,,,,,Sin internacion,"3,107649896623019","0,025671042729325196",,,Excluido (no agudo),Dentro de banda
44100022,Ctro. de Salud Nº 1,Municipal,La Plata,0,,,,,,,Sin internacion,"3,107649896623019","0,025671042729325196",,,Excluido (no agudo),Dentro de banda
44101029,Ctro. de Salud Nº 10,Municipal,La Plata,0,,,,,,,Sin internacion,"3,107649896623019","0,025671042729325196",,,Excluido (no agudo),Dentro de banda
36400181,Ctro. de Salud Nº 10 Vista Linda,Municipal,General Rodríguez,0,,,,,,,Sin internacion,"3,107649896623019","0,025671042729325196",,,Excluido (no agudo),Dentro de banda
44101037,Ctro. de Salud Nº 11,Municipal,La Plata,0,,,,,,,Sin internacion,"3,107649896623019","0,025671042729325196",,,Excluido (no agudo),Dentro de banda
3500318,Ctro. de Salud Nº 11,Provincial,Avellaneda,31568,"10522,666666666666","5,089235935124177","0,06075772934617334",237,"0,6742731874956657","44,39943741209564",Agudos,"5,54963563866355","0,04447215295095595","0,9170396520571852","1,3661971664195613",Normal,Dentro de banda
3500270,Ctro. de Salud Nº 11,Provincial,Avellaneda,18693,6231,"6,356015620820628","0,06686995131867544",198,"0,5466039495185427","31,46969696969697",Agudos,"5,54963563866355","0,04447215295095595","1,1453032297362262","1,5036364754461038",Normal,Dentro de banda
03500261,Ctro. de Salud Nº 11,Municipal,Avellaneda,,,,,,,,Sin internacion,"3,107649896623019","0,025671042729325196",,,Excluido (no agudo),Dentro de banda
3500261,Ctro. de Salud Nº 11,Municipal,Avellaneda,0,,,,,,,Sin internacion,"3,107649896623019","0,025671042729325196",,,Excluido (no agudo),Dentro de banda
44101096,Ctro. de Salud Nº 12,Provincial,La Plata,920,"306,6666666666667","53,63369565217391","0,006521739130434782","68,33333333333333","0,7560479554699208","4,487804878048781",Estadia prolongada,"5,54963563866355","0,04447215295095595","9,664363418476578","0,14664770418529052",Excluido (no agudo),Peor desempeno
44101070,Ctro. de Salud Nº 12,Municipal,La Plata,0,,,,,,,Sin internacion,"3,107649896623019","0,025671042729325196",,,Excluido (no agudo),Dentro de banda
44101100,Ctro. de Salud Nº 12,Provincial,La Plata,0,,,,,,,Sin internacion,"5,54963563866355","0,04447215295095595",,,Excluido (no agudo),Dentro de banda
43400324,Ctro. de Salud Nº 12 Santa María,Municipal,Lanús,0,,,,,,,Sin internacion,"3,107649896623019","0,025671042729325196",,,Excluido (no agudo),Dentro de banda
36400220,Ctro. de Salud Nº 13 Altos del Oeste,Municipal,General Rodríguez,0,,,,,,,Sin internacion,"3,107649896623019","0,025671042729325196",,,Excluido (no agudo),Dentro de banda
37100556,Ctro. de Salud Nº 13 Villa Lynch,Municipal,General San Martín,0,,,,,,,Sin internacion,"3,107649896623019","0,025671042729325196",,,Excluido (no agudo),Dentro de banda
44101347,Ctro. de Salud Nº 14,Municipal,La Plata,0,,,,,,,Sin internacion,"3,107649896623019","0,025671042729325196",,,Excluido (no agudo),Dentro de banda
44100235,Ctro. de Salud Nº 15,Municipal,La Plata,0,,,,,,,Sin internacion,"3,107649896623019","0,025671042729325196",,,Excluido (no agudo),Dentro de banda
9100389,Ctro. de Salud Nº 17,Municipal,Berazategui,0,,,,,,,Sin internacion,"3,107649896623019","0,025671042729325196",,,Excluido (no agudo),Dentro de banda
37100521,Ctro. de Salud Nº 17,Municipal,General San Martín,0,,,,,,,Sin internacion,"3,107649896623019","0,025671042729325196",,,Excluido (no agudo),Dentro de banda
09100389,Ctro. de Salud Nº 17,Municipal,Berazategui,,,,,,,,Sin internacion,"3,107649896623019","0,025671042729325196",,,Excluido (no agudo),Dentro de banda
44101355,Ctro. de Salud Nº 17,Municipal,La Plata,0,,,,,,,Sin internacion,"3,107649896623019","0,025671042729325196",,,Excluido (no agudo),Dentro de banda
44101291,Ctro. de Salud Nº 2,Provincial,La Plata,0,,,,,,,Sin internacion,"5,54963563866355","0,04447215295095595",,,Excluido (no agudo),Dentro de banda
44101223,Ctro. de Salud Nº 2,Municipal,La Plata,0,,,,,,,Sin internacion,"3,107649896623019","0,025671042729325196",,,Excluido (no agudo),Dentro de banda
44101274,Ctro. de Salud Nº 2,Provincial,La Plata,6949,"2316,3333333333335","9,960425960569866","0,08950928191106634","116,66666666666667","0,5425872457946271","19,854285714285716",Agudos,"5,54963563866355","0,04447215295095595","1,7947891733967083","2,0127040399815477",Normal,Peor desempeno
44101304,Ctro. de Salud Nº 2,Provincial,La Plata,34947,11649,"7,200646693564541","0,036827195467422094",313,"0,711880089903383","37,21725239616613",Agudos,"5,54963563866355","0,04447215295095595","1,2974990003665507","0,8280956289216593",Normal,Dentro de banda
44101240,Ctro. de Salud Nº 2,Provincial,La Plata,13277,"4425,666666666667","3,733448821269865","0,017021917601867893","92,33333333333333","0,5185661564642677","47,931407942238266",Agudos,"5,54963563866355","0,04447215295095595","0,6727376470014427","0,38275452102891727",Normal,Dentro de banda
44101231,Ctro. de Salud Nº 2,Provincial,La Plata,26243,"8747,666666666666","7,464809663529322","0,009488244484243418","239,33333333333334","0,7747074494477225","36,550139275766014",Agudos,"5,54963563866355","0,04447215295095595","1,3450990568683496","0,2133524881223333",Normal,Dentro de banda
44101380,Ctro. de Salud Nº 20,Municipal,La Plata,0,,,,,,,Sin internacion,"3,107649896623019","0,025671042729325196",,,Excluido (no agudo),Dentro de banda
44101398,Ctro. de Salud Nº 21,Municipal,La Plata,0,,,,,,,Sin internacion,"3,107649896623019","0,025671042729325196",,,Excluido (no agudo),Dentro de banda
44102114,Ctro. de Salud Nº 22,Municipal,La Plata,0,,,,,,,Sin internacion,"3,107649896623019","0,025671042729325196",,,Excluido (no agudo),Dentro de banda
9100397,Ctro. de Salud Nº 22,Municipal,Berazategui,0,,,,,,,Sin internacion,"3,107649896623019","0,025671042729325196",,,Excluido (no agudo),Dentro de banda
09100397,Ctro. de Salud Nº 22,Municipal,Berazategui,,,,,,,,Sin internacion,"3,107649896623019","0,025671042729325196",,,Excluido (no agudo),Dentro de banda
44101410,Ctro. de Salud Nº 23 A. Etcheverry,Municipal,La Plata,0,,,,,,,Sin internacion,"3,107649896623019","0,025671042729325196",,,Excluido (no agudo),Dentro de banda
44101444,Ctro. de Salud Nº 24,Municipal,La Plata,0,,,,,,,Sin internacion,"3,107649896623019","0,025671042729325196",,,Excluido (no agudo),Dentro de banda
44101401,Ctro. de Salud Nº 25,Municipal,La Plata,0,,,,,,,Sin internacion,"3,107649896623019","0,025671042729325196",,,Excluido (no agudo),Dentro de banda
44101479,Ctro. de Salud Nº 26,Municipal,La Plata,0,,,,,,,Sin internacion,"3,107649896623019","0,025671042729325196",,,Excluido (no agudo),Dentro de banda
53900392,Ctro. de Salud Nº 26,Municipal,Merlo,0,,,,,,,Sin internacion,"3,107649896623019","0,025671042729325196",,,Excluido (no agudo),Dentro de banda
74900074,Ctro. de Salud Nº 26,Municipal,San Fernando,0,,,,,,,Sin internacion,"3,107649896623019","0,025671042729325196",,,Excluido (no agudo),Dentro de banda
44101461,Ctro. de Salud Nº 27,Municipal,La Plata,0,,,,,,,Sin internacion,"3,107649896623019","0,025671042729325196",,,Excluido (no agudo),Dentro de banda
44102131,Ctro. de Salud Nº 28,Municipal,La Plata,0,,,,,,,Sin internacion,"3,107649896623019","0,025671042729325196",,,Excluido (no agudo),Dentro de banda
44102149,Ctro. de Salud Nº 29,Municipal,La Plata,0,,,,,,,Sin internacion,"3,107649896623019","0,025671042729325196",,,Excluido (no agudo),Dentro de banda
43400235,Ctro. de Salud Nº 29 1° de Mayo,Municipal,Lanús,0,,,,,,,Sin internacion,"3,107649896623019","0,025671042729325196",,,Excluido (no agudo),Dentro de banda
44100057,Ctro. de Salud Nº 3,Municipal,La Plata,0,,,,,,,Sin internacion,"3,107649896623019","0,025671042729325196",,,Excluido (no agudo),Dentro de banda
44102157,Ctro. de Salud Nº 30,Municipal,La Plata,0,,,,,,,Sin internacion,"3,107649896623019","0,025671042729325196",,,Excluido (no agudo),Dentro de banda
74900163,Ctro. de Salud Nº 31,Municipal,San Fernando,0,,,,,,,Sin internacion,"3,107649896623019","0,025671042729325196",,,Excluido (no agudo),Dentro de banda
44102319,Ctro. de Salud Nº 31,Municipal,La Plata,0,,,,,,,Sin internacion,"3,107649896623019","0,025671042729325196",,,Excluido (no agudo),Dentro de banda
44102340,Ctro. de Salud Nº 32,Municipal,La Plata,0,,,,,,,Sin internacion,"3,107649896623019","0,025671042729325196",,,Excluido (no agudo),Dentro de banda
44102327,Ctro. de Salud Nº 33,Municipal,La Plata,0,,,,,,,Sin internacion,"3,107649896623019","0,025671042729325196",,,Excluido (no agudo),Dentro de banda
44102335,Ctro. de Salud Nº 34,Municipal,La Plata,0,,,,,,,Sin internacion,"3,107649896623019","0,025671042729325196",,,Excluido (no agudo),Dentro de banda
44102358,Ctro. de Salud Nº 35,Municipal,La Plata,0,,,,,,,Sin internacion,"3,107649896623019","0,025671042729325196",,,Excluido (no agudo),Dentro de banda
44102439,Ctro. de Salud Nº 36,Provincial,La Plata,0,,,,,,,Sin internacion,"5,54963563866355","0,04447215295095595",,,Excluido (no agudo),Dentro de banda
44102421,Ctro. de Salud Nº 36,Municipal,La Plata,0,,,,,,,Sin internacion,"3,107649896623019","0,025671042729325196",,,Excluido (no agudo),Dentro de banda
44102706,Ctro. de Salud Nº 37,Provincial,La Plata,34,"11,333333333333334","559,8235294117648",0,28,"0,7899602838726479","0,40476190476190477",Estadia prolongada,"5,54963563866355","0,04447215295095595","100,87572695972165",0,Excluido (no agudo),Dentro de banda
44102692,Ctro. de Salud Nº 37,Provincial,La Plata,32,"10,666666666666666","1230,5625",0,"99,33333333333333","0,5845333333333333","0,10738255033557047",Estadia prolongada,"5,54963563866355","0,04447215295095595","221,73753019510684",0,Excluido (no agudo),Dentro de banda
44102714,Ctro. de Salud Nº 37,Provincial,La Plata,127,"63,5","42,803149606299215",0,"15,5","2,043381535038932","4,096774193548387",Estadia prolongada,"5,54963563866355","0,04447215295095595","7,712785558045567",0,Excluido (no agudo),Dentro de banda
44102510,Ctro. de Salud Nº 37,Municipal,La Plata,0,,,,,,,Sin internacion,"3,107649896623019","0,025671042729325196",,,Excluido (no agudo),Dentro de banda
44102501,Ctro. de Salud Nº 38,Municipal,La Plata,0,,,,,,,Sin internacion,"3,107649896623019","0,025671042729325196",,,Excluido (no agudo),Dentro de banda
44102781,Ctro. de Salud Nº 39 y Hogar de An. Dardo Rocha,Municipal,La Plata,21,"10,5","143,47619047619048",0,32,"0,9236625983802897","0,21875",Estadia prolongada,"3,107649896623019","0,025671042729325196","46,16871116405402",0,Excluido (no agudo),Dentro de banda
44100111,Ctro. de Salud Nº 4,Municipal,La Plata,0,,,,,,,Sin internacion,"3,107649896623019","0,025671042729325196",,,Excluido (no agudo),Dentro de banda
43401231,Ctro. de Salud Nº 46 Monte Chingolo,Municipal,Lanús,0,,,,,,,Sin internacion,"3,107649896623019","0,025671042729325196",,,Excluido (no agudo),Dentro de banda
44101061,Ctro. de Salud Nº 5,Municipal,La Plata,0,,,,,,,Sin internacion,"3,107649896623019","0,025671042729325196",,,Excluido (no agudo),Dentro de banda
44100081,Ctro. de Salud Nº 6,Provincial,La Plata,21171,7057,"6,584053658306174","0,06442775494780596",170,"0,8268278153159196","41,51176470588236",Agudos,"5,54963563866355","0,04447215295095595","1,1863938620467218","1,448721293499263",Normal,Dentro de banda
44100090,Ctro. de Salud Nº 6,Provincial,La Plata,13704,4568,"44,40097781669586","0,04538820782253357","484,3333333333333","0,7072172100090107","9,431520991052993",Estadia prolongada,"5,54963563866355","0,04447215295095595","8,000701434768137","1,0205983927197735",Excluido (no agudo),Peor desempeno
44100073,Ctro. de Salud Nº 6,Municipal,La Plata,0,,,,,,,Sin internacion,"3,107649896623019","0,025671042729325196",,,Excluido (no agudo),Dentro de banda
37100688,Ctro. de Salud Nº 6 Bo. Libertador,Municipal,General San Martín,0,,,,,,,Sin internacion,"3,107649896623019","0,025671042729325196",,,Excluido (no agudo),Dentro de banda
44100162,Ctro. de Salud Nº 7,Provincial,La Plata,0,,,,,,,Sin internacion,"5,54963563866355","0,04447215295095595",,,Excluido (no agudo),Dentro de banda
44100146,Ctro. de Salud Nº 7,Municipal,La Plata,0,,,,,,,Sin internacion,"3,107649896623019","0,025671042729325196",,,Excluido (no agudo),Dentro de banda
37100661,Ctro. de Salud Nº 7 J. Pereyra,Municipal,General San Martín,0,,,,,,,Sin internacion,"3,107649896623019","0,025671042729325196",,,Excluido (no agudo),Dentro de banda
44100219,Ctro. de Salud Nº 8,Municipal,La Plata,0,,,,,,,Sin internacion,"3,107649896623019","0,025671042729325196",,,Excluido (no agudo),Dentro de banda
37100653,Ctro. de Salud Nº 8 Héroes de Malvinas,Municipal,General San Martín,0,,,,,,,Sin internacion,"3,107649896623019","0,025671042729325196",,,Excluido (no agudo),Dentro de banda
44100065,Ctro. de Salud Nº 9,Municipal,La Plata,0,,,,,,,Sin internacion,"3,107649896623019","0,025671042729325196",,,Excluido (no agudo),Dentro de banda
37100203,Ctro. de Salud Nº 9,Municipal,General San Martín,0,,,,,,,Sin internacion,"3,107649896623019","0,025671042729325196",,,Excluido (no agudo),Dentro de banda
44101363,Ctro. de Salud Nº l8,Municipal,La Plata,0,,,,,,,Sin internacion,"3,107649896623019","0,025671042729325196",,,Excluido (no agudo),Dentro de banda
44101371,Ctro. de Salud Nº l9,Municipal,La Plata,0,,,,,,,Sin internacion,"3,107649896623019","0,025671042729325196",,,Excluido (no agudo),Dentro de banda
49700095,Ctro. de Salud Olivera,Municipal,Luján,0,,,,,,,Sin internacion,"3,107649896623019","0,025671042729325196",,,Excluido (no agudo),Dentro de banda
43401428,Ctro. de Salud Palacio Municipal,Municipal,Lanús,0,,,,,,,Sin internacion,"3,107649896623019","0,025671042729325196",,,Excluido (no agudo),Dentro de banda
25200253,Ctro. de Salud Periférico Carlos Menem Juniors,Municipal,Escobar,0,,,,,,,Sin internacion,"3,107649896623019","0,025671042729325196",,,Excluido (no agudo),Dentro de banda
76000523,Ctro. de Salud Pte. J. D. Perón,Municipal,San Miguel,0,,,,,,,Sin internacion,"3,107649896623019","0,025671042729325196",,,Excluido (no agudo),Dentro de banda
77000163,Ctro. de Salud Pueblo Doyle,Municipal,San Pedro,0,,,,,,,Sin internacion,"3,107649896623019","0,025671042729325196",,,Excluido (no agudo),Dentro de banda
76000876,Ctro. de Salud R. Carrillo,Municipal,San Miguel,0,,,,,,,Sin internacion,"3,107649896623019","0,025671042729325196",,,Excluido (no agudo),Dentro de banda
76000604,Ctro. de Salud R. Podestá,Municipal,San Miguel,0,,,,,,,Sin internacion,"3,107649896623019","0,025671042729325196",,,Excluido (no agudo),Dentro de banda
23100065,Ctro. de Salud Ramón Carrillo,Municipal,Daireaux,0,,,,,,,Sin internacion,"3,107649896623019","0,025671042729325196",,,Excluido (no agudo),Dentro de banda
27400344,Ctro. de Salud Ricardo Rojas,Municipal,Florencio Varela,0,,,,,,,Sin internacion,"3,107649896623019","0,025671042729325196",,,Excluido (no agudo),Dentro de banda
49700397,Ctro. de Salud San Bernardo,Municipal,Luján,0,,,,,,,Sin internacion,"3,107649896623019","0,025671042729325196",,,Excluido (no agudo),Dentro de banda
51500710,Ctro. de Salud San Calal,Municipal,Malvinas Argentinas,0,,,,,,,Sin internacion,"3,107649896623019","0,025671042729325196",,,Excluido (no agudo),Dentro de banda
49700231,Ctro. de Salud San Cayetano,Municipal,Luján,0,,,,,,,Sin internacion,"3,107649896623019","0,025671042729325196",,,Excluido (no agudo),Dentro de banda
79100394,Ctro. de Salud San Cayetano,Municipal,Tandil,0,,,,,,,Sin internacion,"3,107649896623019","0,025671042729325196",,,Excluido (no agudo),Dentro de banda
49700109,Ctro. de Salud San Francisco,Municipal,Luján,0,,,,,,,Sin internacion,"3,107649896623019","0,025671042729325196",,,Excluido (no agudo),Dentro de banda
51500434,Ctro. de Salud San Jorge,Municipal,Malvinas Argentinas,0,,,,,,,Sin internacion,"3,107649896623019","0,025671042729325196",,,Excluido (no agudo),Dentro de banda
47600042,Ctro. de Salud San Manuel,Municipal,Lobería,499,"166,33333333333334","1,7054108216432866","0,014028056112224449","7,666666666666667","0,10098637858149366","21,695652173913043",Agudos,"3,107649896623019","0,025671042729325196","0,548778298191344","0,546454472462841",Subutilizado,Dentro de banda
55300040,Ctro. de Salud San Martín,Municipal,Monte Hermoso,0,,,,,,,Sin internacion,"3,107649896623019","0,025671042729325196",,,Excluido (no agudo),Dentro de banda
49700214,Ctro. de Salud San Pedro,Municipal,Luján,0,,,,,,,Sin internacion,"3,107649896623019","0,025671042729325196",,,Excluido (no agudo),Dentro de banda
49700206,Ctro. de Salud Santa Elena,Municipal,Luján,0,,,,,,,Sin internacion,"3,107649896623019","0,025671042729325196",,,Excluido (no agudo),Dentro de banda
49700044,Ctro. de Salud Santo Cristo,Municipal,Luján,0,,,,,,,Sin internacion,"3,107649896623019","0,025671042729325196",,,Excluido (no agudo),Dentro de banda
58100289,Ctro. de Salud Seis  Esquinas,Municipal,Necochea,0,,,,,,,Sin internacion,"3,107649896623019","0,025671042729325196",,,Excluido (no agudo),Dentro de banda
55300104,Ctro. de Salud Soc. de Fomento Monte Hermoso,Municipal,Monte Hermoso,0,,,,,,,Sin internacion,"3,107649896623019","0,025671042729325196",,,Excluido (no agudo),Dentro de banda
51500981,Ctro. de Salud Solar del Norte,Municipal,Malvinas Argentinas,0,,,,,,,Sin internacion,"3,107649896623019","0,025671042729325196",,,Excluido (no agudo),Dentro de banda
49700222,Ctro. de Salud Sta. María,Municipal,Luján,0,,,,,,,Sin internacion,"3,107649896623019","0,025671042729325196",,,Excluido (no agudo),Dentro de banda
49700192,Ctro. de Salud Torres,Municipal,Luján,0,,,,,,,Sin internacion,"3,107649896623019","0,025671042729325196",,,Excluido (no agudo),Dentro de banda
76000655,Ctro. de Salud UFO,Municipal,San Miguel,0,,,,,,,Sin internacion,"3,107649896623019","0,025671042729325196",,,Excluido (no agudo),Dentro de banda
79100289,Ctro. de Salud Va. Aguirre,Municipal,Tandil,0,,,,,,,Sin internacion,"3,107649896623019","0,025671042729325196",,,Excluido (no agudo),Dentro de banda
43401517,Ctro. de Salud Va. Higuerita,Municipal,Lanús,0,,,,,,,Sin internacion,"3,107649896623019","0,025671042729325196",,,Excluido (no agudo),Dentro de banda
43401533,Ctro. de Salud Villa Barceló,Municipal,Lanús,0,,,,,,,Sin internacion,"3,107649896623019","0,025671042729325196",,,Excluido (no agudo),Dentro de banda
43401410,Ctro. de Salud Villa Constitución,Municipal,Lanús,0,,,,,,,Sin internacion,"3,107649896623019","0,025671042729325196",,,Excluido (no agudo),Dentro de banda
77000180,Ctro. de Salud Villa Depieti,Municipal,San Pedro,0,,,,,,,Sin internacion,"3,107649896623019","0,025671042729325196",,,Excluido (no agudo),Dentro de banda
43401398,Ctro. de Salud Villa Industrial Fiorito,Municipal,Lanús,0,,,,,,,Sin internacion,"3,107649896623019","0,025671042729325196",,,Excluido (no agudo),Dentro de banda
63800511,Ctro. de Salud Villa del Carmen - Nahuel Lorenzo,Municipal,Pilar,0,,,,,,,Sin internacion,"3,107649896623019","0,025671042729325196",,,Excluido (no agudo),Dentro de banda
77000023,Ctro. de Salud Vuelta de Obligado,Municipal,San Pedro,0,,,,,,,Sin internacion,"3,107649896623019","0,025671042729325196",,,Excluido (no agudo),Dentro de banda
39200019,Ctro. de Salud de Cañada Seca,Municipal,General Villegas,0,,,,,,,Sin internacion,"3,107649896623019","0,025671042729325196",,,Excluido (no agudo),Dentro de banda
39200027,Ctro. de Salud de Coronel Charlone,Municipal,General Villegas,0,,,,,,,Sin internacion,"3,107649896623019","0,025671042729325196",,,Excluido (no agudo),Dentro de banda
39200060,Ctro. de Salud de Piedritas,Municipal,General Villegas,0,,,,,,,Sin internacion,"3,107649896623019","0,025671042729325196",,,Excluido (no agudo),Dentro de banda
39200141,Ctro. de Salud de Santa Eleodora,Municipal,General Villegas,0,,,,,,,Sin internacion,"3,107649896623019","0,025671042729325196",,,Excluido (no agudo),Dentro de banda
39200086,Ctro. de Salud de Santa Regina,Municipal,General Villegas,0,,,,,,,Sin internacion,"3,107649896623019","0,025671042729325196",,,Excluido (no agudo),Dentro de banda
39200094,Ctro. de Salud de Villa Saboya,Municipal,General Villegas,0,,,,,,,Sin internacion,"3,107649896623019","0,025671042729325196",,,Excluido (no agudo),Dentro de banda
39200078,Ctro. de Salud de Villa Sauce,Municipal,General Villegas,0,,,,,,,Sin internacion,"3,107649896623019","0,025671042729325196",,,Excluido (no agudo),Dentro de banda
43401401,Ctro. de Salud y Fomento Campomar,Municipal,Lanús,0,,,,,,,Sin internacion,"3,107649896623019","0,025671042729325196",,,Excluido (no agudo),Dentro de banda
77000155,Ctro. de Salud y Medicina del Deporte,Municipal,San Pedro,0,,,,,,,Sin internacion,"3,107649896623019","0,025671042729325196",,,Excluido (no agudo),Dentro de banda
65800768,Ctro. de Salud y Sala de Pros. Aux. 25 de Mayo,Municipal,Quilmes,0,,,,,,,Sin internacion,"3,107649896623019","0,025671042729325196",,,Excluido (no agudo),Dentro de banda
65801039,Ctro. de Salud y Sala de Pros. Aux. Va. Augusta,Municipal,Quilmes,0,,,,,,,Sin internacion,"3,107649896623019","0,025671042729325196",,,Excluido (no agudo),Dentro de banda
75600821,Ctro. de Zoonosis,Municipal,San Isidro,0,,,,,,,Sin internacion,"3,107649896623019","0,025671042729325196",,,Excluido (no agudo),Dentro de banda
49000620,Ctro. de Zoonosis,Municipal,Lomas de Zamora,0,,,,,,,Sin internacion,"3,107649896623019","0,025671042729325196",,,Excluido (no agudo),Dentro de banda
43400251,Ctro. de Zoonosis y Medio Ambiente,Municipal,Lanús,0,,,,,,,Sin internacion,"3,107649896623019","0,025671042729325196",,,Excluido (no agudo),Dentro de banda
27400905,Dcción. de Medicina Prev. Tránsito,Municipal,Florencio Varela,0,,,,,,,Sin internacion,"3,107649896623019","0,025671042729325196",,,Excluido (no agudo),Dentro de banda
3500644,Departamento de Libretas Sanitarias,Municipal,Avellaneda,0,,,,,,,Sin internacion,"3,107649896623019","0,025671042729325196",,,Excluido (no agudo),Dentro de banda
03500644,Departamento de Libretas Sanitarias,Municipal,Avellaneda,,,,,,,,Sin internacion,"3,107649896623019","0,025671042729325196",,,Excluido (no agudo),Dentro de banda
41201121,Departamento de Medicina Laboral,Municipal,José C. Paz,0,,,,,,,Sin internacion,"3,107649896623019","0,025671042729325196",,,Excluido (no agudo),Dentro de banda
37100793,Departamento de Medicina Laboral,Municipal,General San Martín,0,,,,,,,Sin internacion,"3,107649896623019","0,025671042729325196",,,Excluido (no agudo),Dentro de banda
42700367,Departamento de Medicina Legal,Municipal,La Matanza,0,,,,,,,Sin internacion,"3,107649896623019","0,025671042729325196",,,Excluido (no agudo),Dentro de banda
41300578,Departamento de Medicina Preventiva,Municipal,Junín,0,,,,,,,Sin internacion,"3,107649896623019","0,025671042729325196",,,Excluido (no agudo),Dentro de banda
42701576,Departamento de Promoción y Desarrollo de Salud de Políticas Públicas y Saludables,Municipal,La Matanza,0,,,,,,,Sin internacion,"3,107649896623019","0,025671042729325196",,,Excluido (no agudo),Dentro de banda
51501058,Departamento de Promoción y Protección de la Salud,Municipal,Malvinas Argentinas,0,,,,,,,Sin internacion,"3,107649896623019","0,025671042729325196",,,Excluido (no agudo),Dentro de banda
56800998,Dirección SAME Morón,Municipal,Morón,0,,,,,,,Sin internacion,"3,107649896623019","0,025671042729325196",,,Excluido (no agudo),Dentro de banda
09100605,Dirección de Epidemiología,Municipal,Berazategui,,,,,,,,Sin internacion,"3,107649896623019","0,025671042729325196",,,Excluido (no agudo),Dentro de banda
9100605,Dirección de Epidemiología,Municipal,Berazategui,0,,,,,,,Sin internacion,"3,107649896623019","0,025671042729325196",,,Excluido (no agudo),Dentro de banda
09100729,Dirección de Inpec. y Tránsito,Municipal,Berazategui,,,,,,,,Sin internacion,"3,107649896623019","0,025671042729325196",,,Excluido (no agudo),Dentro de banda
9100729,Dirección de Inpec. y Tránsito,Municipal,Berazategui,0,,,,,,,Sin internacion,"3,107649896623019","0,025671042729325196",,,Excluido (no agudo),Dentro de banda
37100769,Dirección de Med. Preventiva,Municipal,General San Martín,0,,,,,,,Sin internacion,"3,107649896623019","0,025671042729325196",,,Excluido (no agudo),Dentro de banda
42701207,Dirección de Medicina Preventiva,Municipal,La Matanza,0,,,,,,,Sin internacion,"3,107649896623019","0,025671042729325196",,,Excluido (no agudo),Dentro de banda
53900180,Dirección de Médica Preventiva,Municipal,Merlo,0,,,,,,,Sin internacion,"3,107649896623019","0,025671042729325196",,,Excluido (no agudo),Dentro de banda
41201082,Dirección de Primer Nivel de Atención,Municipal,José C. Paz,0,,,,,,,Sin internacion,"3,107649896623019","0,025671042729325196",,,Excluido (no agudo),Dentro de banda
13400155,Dirección de Reconocimientos Médicos,Municipal,Cañuelas,0,,,,,,,Sin internacion,"3,107649896623019","0,025671042729325196",,,Excluido (no agudo),Dentro de banda
09100575,Dirección de Salud Mental,Municipal,Berazategui,,,,,,,,Sin internacion,"3,107649896623019","0,025671042729325196",,,Excluido (no agudo),Dentro de banda
9100575,Dirección de Salud Mental,Municipal,Berazategui,0,,,,,,,Sin internacion,"3,107649896623019","0,025671042729325196",,,Excluido (no agudo),Dentro de banda
03501144,Dirección de Tránsito,Municipal,Avellaneda,,,,,,,,Sin internacion,"3,107649896623019","0,025671042729325196",,,Excluido (no agudo),Dentro de banda
3501144,Dirección de Tránsito,Municipal,Avellaneda,0,,,,,,,Sin internacion,"3,107649896623019","0,025671042729325196",,,Excluido (no agudo),Dentro de banda
42701614,Dirección de Tránsito,Municipal,La Matanza,0,,,,,,,Sin internacion,"3,107649896623019","0,025671042729325196",,,Excluido (no agudo),Dentro de banda
2800032,Dispensario Antirrábico,Municipal,Almirante Brown,0,,,,,,,Sin internacion,"3,107649896623019","0,025671042729325196",,,Excluido (no agudo),Dentro de banda
02800032,Dispensario Antirrábico,Municipal,Almirante Brown,,,,,,,,Sin internacion,"3,107649896623019","0,025671042729325196",,,Excluido (no agudo),Dentro de banda
22400197,Dispensario Benítez,Municipal,Chivilcoy,0,,,,,,,Sin internacion,"3,107649896623019","0,025671042729325196",,,Excluido (no agudo),Dentro de banda
22400219,Dispensario Bo. El Pito,Municipal,Chivilcoy,0,,,,,,,Sin internacion,"3,107649896623019","0,025671042729325196",,,Excluido (no agudo),Dentro de banda
22400251,Dispensario Bo. Rigone,Municipal,Chivilcoy,0,,,,,,,Sin internacion,"3,107649896623019","0,025671042729325196",,,Excluido (no agudo),Dentro de banda
22400278,Dispensario Bo. San José,Municipal,Chivilcoy,0,,,,,,,Sin internacion,"3,107649896623019","0,025671042729325196",,,Excluido (no agudo),Dentro de banda
22400146,Dispensario Bo. Sur,Municipal,Chivilcoy,0,,,,,,,Sin internacion,"3,107649896623019","0,025671042729325196",,,Excluido (no agudo),Dentro de banda
22400294,Dispensario Emilio Ayarza,Municipal,Chivilcoy,0,,,,,,,Sin internacion,"3,107649896623019","0,025671042729325196",,,Excluido (no agudo),Dentro de banda
22400286,Dispensario Florentino Ameghino,Municipal,Chivilcoy,0,,,,,,,Sin internacion,"3,107649896623019","0,025671042729325196",,,Excluido (no agudo),Dentro de banda
22400162,Dispensario Gorostiaga,Municipal,Chivilcoy,0,,,,,,,Sin internacion,"3,107649896623019","0,025671042729325196",,,Excluido (no agudo),Dentro de banda
22400260,Dispensario José Ingenieros,Municipal,Chivilcoy,0,,,,,,,Sin internacion,"3,107649896623019","0,025671042729325196",,,Excluido (no agudo),Dentro de banda
22400316,Dispensario La Rica,Municipal,Chivilcoy,0,,,,,,,Sin internacion,"3,107649896623019","0,025671042729325196",,,Excluido (no agudo),Dentro de banda
22400201,Dispensario La Unión,Municipal,Chivilcoy,0,,,,,,,Sin internacion,"3,107649896623019","0,025671042729325196",,,Excluido (no agudo),Dentro de banda
22400154,Dispensario Mariano Moreno,Municipal,Chivilcoy,0,,,,,,,Sin internacion,"3,107649896623019","0,025671042729325196",,,Excluido (no agudo),Dentro de banda
67900093,Dispensario Munic. N° 1 Dr. E. Groppo,Municipal,Rivadavia,0,,,,,,,Sin internacion,"3,107649896623019","0,025671042729325196",,,Excluido (no agudo),Dentro de banda
67900115,Dispensario Munic. N° 3 Dr. H. Nieto,Municipal,Rivadavia,0,,,,,,,Sin internacion,"3,107649896623019","0,025671042729325196",,,Excluido (no agudo),Dentro de banda
67900107,Dispensario Munic. N° r Dr. R. M. Zuccherino,Municipal,Rivadavia,0,,,,,,,Sin internacion,"3,107649896623019","0,025671042729325196",,,Excluido (no agudo),Dentro de banda
22400326,Dispensario Nueva Aurora,Municipal,Chivilcoy,0,,,,,,,Sin internacion,"3,107649896623019","0,025671042729325196",,,Excluido (no agudo),Dentro de banda
22400341,Dispensario Palemón Huergo,Municipal,Chivilcoy,0,,,,,,,Sin internacion,"3,107649896623019","0,025671042729325196",,,Excluido (no agudo),Dentro de banda
22400057,Dispensario R. Biaus,Municipal,Chivilcoy,0,,,,,,,Sin internacion,"3,107649896623019","0,025671042729325196",,,Excluido (no agudo),Dentro de banda
2800415,Dispensario Salud Mental,Municipal,Almirante Brown,0,,,,,,,Sin internacion,"3,107649896623019","0,025671042729325196",,,Excluido (no agudo),Dentro de banda
02800415,Dispensario Salud Mental,Municipal,Almirante Brown,,,,,,,,Sin internacion,"3,107649896623019","0,025671042729325196",,,Excluido (no agudo),Dentro de banda
22400227,Dispensario San Sebastián,Municipal,Chivilcoy,0,,,,,,,Sin internacion,"3,107649896623019","0,025671042729325196",,,Excluido (no agudo),Dentro de banda
09800194,Dispensario Tetamanti,Municipal,Berisso,,,,,,,,Sin internacion,"3,107649896623019","0,025671042729325196",,,Excluido (no agudo),Dentro de banda
9800194,Dispensario Tetamanti,Municipal,Berisso,0,,,,,,,Sin internacion,"3,107649896623019","0,025671042729325196",,,Excluido (no agudo),Dentro de banda
65801241,División Médica CREM,Municipal,Quilmes,0,,,,,,,Sin internacion,"3,107649896623019","0,025671042729325196",,,Excluido (no agudo),Dentro de banda
65801284,División Médica Centro Antirrábico,Municipal,Quilmes,0,,,,,,,Sin internacion,"3,107649896623019","0,025671042729325196",,,Excluido (no agudo),Dentro de banda
65801403,División Médica Polideportivo Municipal,Municipal,Quilmes,0,,,,,,,Sin internacion,"3,107649896623019","0,025671042729325196",,,Excluido (no agudo),Dentro de banda
35701129,División de Salud Escolar y Educ. para la Salud,Municipal,General Pueyrredón,0,,,,,,,Sin internacion,"3,107649896623019","0,025671042729325196",,,Excluido (no agudo),Dentro de banda
35701323,División de Superv. Ctro. Recr. Asist.,Municipal,General Pueyrredón,0,,,,,,,Sin internacion,"3,107649896623019","0,025671042729325196",,,Excluido (no agudo),Dentro de banda
03500491,División de Zoonosis Urbana,Provincial,Avellaneda,,,,,,,,Sin internacion,"5,54963563866355","0,04447215295095595",,,Excluido (no agudo),Dentro de banda
42701809,Emergencias Sanitarias,Municipal,La Matanza,0,,,,,,,Sin internacion,"3,107649896623019","0,025671042729325196",,,Excluido (no agudo),Dentro de banda
08400028,Ente Descent. Hosp. Dr. A. Saintout,Municipal,Benito Juárez,,,,,,,,Sin internacion,"3,107649896623019","0,025671042729325196",,,Excluido (no agudo),Dentro de banda
8400028,Ente Descent. Hosp. Dr. A. Saintout,Municipal,Benito Juárez,14311,"4770,333333333333","2,157780728111243","0,02529522744741807","53,666666666666664","0,5269432522651407","88,88819875776397",Agudos,"3,107649896623019","0,025671042729325196","0,6943448586200243","0,9853603421618004",Normal,Dentro de banda
13400040,Ente Descentralizado Hospital Dr. Angel Marzetti,Provincial,Cañuelas,36,12,"1044,111111111111",0,85,"0,6930220075147612","0,1411764705882353",Estadia prolongada,"5,54963563866355","0,04447215295095595","188,1404796806717",0,Excluido (no agudo),Dentro de banda
13400015,Ente Descentralizado Hospital Dr. Angel Marzetti,Municipal,Cañuelas,7793,"2597,6666666666665","2,963300397792891","0,031438470422173743",53,"0,3869762798223569","49,0125786163522",Agudos,"3,107649896623019","0,025671042729325196","0,9535502699364597","1,224666670289172",Subutilizado,Dentro de banda
27401073,Equipo Móvil,Provincial,Florencio Varela,7796,3898,"11,764751154438173","0,07324268855823499",220,"0,7893872809011466","17,71818181818182",Agudos,"5,54963563866355","0,04447215295095595","2,1199141566114297","1,6469337258982557",Normal,Peor desempeno
27401006,Equipo Móvil,Municipal,Florencio Varela,0,,,,,,,Sin internacion,"3,107649896623019","0,025671042729325196",,,Excluido (no agudo),Dentro de banda
27401341,Equipo Móvil,Provincial,Florencio Varela,2842,1421,"6,617522871217452","0,06439127375087966","19,5","1,8525581395348838","72,87179487179488",Agudos,"5,54963563866355","0,04447215295095595","1,192424746791317","1,4479009779870697",Anomalia de datos,Dentro de banda
27400735,Equipo Móvil N° 2 Padre Mujica,Municipal,Florencio Varela,0,,,,,,,Sin internacion,"3,107649896623019","0,025671042729325196",,,Excluido (no agudo),Dentro de banda
27400786,Equipo Móvil N° 3 Don José,Municipal,Florencio Varela,0,,,,,,,Sin internacion,"3,107649896623019","0,025671042729325196",,,Excluido (no agudo),Dentro de banda
27400832,Equipo Móvil Nº 4 Carolina II,Municipal,Florencio Varela,0,,,,,,,Sin internacion,"3,107649896623019","0,025671042729325196",,,Excluido (no agudo),Dentro de banda
49001111,Equipo Móvil Nº 4 J. M. de Rosas,Municipal,Lomas de Zamora,0,,,,,,,Sin internacion,"3,107649896623019","0,025671042729325196",,,Excluido (no agudo),Dentro de banda
65100120,Equipo Móvil de Salud,Municipal,Puán,0,,,,,,,Sin internacion,"3,107649896623019","0,025671042729325196",,,Excluido (no agudo),Dentro de banda
13400317,Equipo Móvil de Salud,Provincial,Cañuelas,19640,"6546,666666666667","6,482077393075357","0,048574338085539716",160,"0,7493923383277608","40,916666666666664",Agudos,"5,54963563866355","0,04447215295095595","1,168018553851646","1,092241658259893",Normal,Dentro de banda
13400163,Equipo Móvil de Salud,Municipal,Cañuelas,0,,,,,,,Sin internacion,"3,107649896623019","0,025671042729325196",,,Excluido (no agudo),Dentro de banda
65801497,Equipo Móvil de la Sec. de Salud,Municipal,Quilmes,0,,,,,,,Sin internacion,"3,107649896623019","0,025671042729325196",,,Excluido (no agudo),Dentro de banda
74200099,Geriátrico Alberto Menditeguy,Municipal,San Cayetano,35,"11,666666666666666","710,1142857142858","0,5428571428571428",30,"0,9711678832116788","0,3888888888888889",Estadia prolongada,"3,107649896623019","0,025671042729325196","228,50524008059713","21,146672871102837",Excluido (no agudo),Dentro de banda
10500242,Geriátrico Casa Hogar Bolivar,Municipal,Bolívar,22,"7,333333333333333","410,90909090909093","0,09090909090909091",30,"0,9894464720194647","0,24444444444444444",Estadia prolongada,"3,107649896623019","0,025671042729325196","132,2250268138674","3,541308854012437",Excluido (no agudo),Dentro de banda
10500001,Geriátrico Filomena Achaga,Municipal,Bolívar,30,15,"191,53333333333333",0,"28,5","0,8777724435909745","0,5263157894736842",Estadia prolongada,"3,107649896623019","0,025671042729325196","61,63285431266447",0,Excluido (no agudo),Dentro de banda
10500336,Geriátrico Madre Teresa de Calcuta,Municipal,Bolívar,11,"5,5",276,"0,09090909090909091",13,"0,938966642113017","0,4230769230769231",Estadia prolongada,"3,107649896623019","0,025671042729325196","88,81309323161535","3,541308854012437",Excluido (no agudo),Dentro de banda
39200009,Geriátrico Municipal de General Villegas,Municipal,General Villegas,52,26,"164,80769230769232","0,3076923076923077",20,"0,9470909090909091","1,3",Estadia prolongada,"3,107649896623019","0,025671042729325196","53,03290196453064","11,985968428965172",Excluido (no agudo),Dentro de banda
67900158,Geriátrico Nélida G. de Giordano,Municipal,Rivadavia,7,"2,3333333333333335",2194,"0,5714285714285714",11,"0,9960046612285667","0,21212121212121213",Estadia prolongada,"3,107649896623019","0,025671042729325196","705,9997338774061","22,25965565379246",Excluido (no agudo),Dentro de banda
32200145,Geriátrico Relikia,Municipal,General La Madrid,20,"6,666666666666667","583,45",0,12,"0,7824790457769181","0,5555555555555556",Estadia prolongada,"3,107649896623019","0,025671042729325196","187,74637407965938",0,Excluido (no agudo),Dentro de banda
75600864,Guardería Santa Rita,Municipal,San Isidro,0,,,,,,,Sin internacion,"3,107649896623019","0,025671042729325196",,,Excluido (no agudo),Dentro de banda
55300121,Hogar Abuelos,Municipal,Monte Hermoso,47,"15,666666666666666","349,70212765957444","0,19148936170212766",16,"0,9703353641177476","0,9791666666666666",Estadia prolongada,"3,107649896623019","0,025671042729325196","112,52944806929","7,459352692494282",Excluido (no agudo),Dentro de banda
70000168,Hogar Federico O. Ducos,Municipal,Saavedra,78,26,"421,03846153846155","0,038461538461538464",36,"0,9564192272588987","0,7222222222222222",Estadia prolongada,"3,107649896623019","0,025671042729325196","135,48452224170754","1,4982460536206466",Excluido (no agudo),Dentro de banda
35700904,Hogar Francisco Scarpatti,Municipal,General Pueyrredón,0,,,,,,,Sin internacion,"3,107649896623019","0,025671042729325196",,,Excluido (no agudo),Dentro de banda
65100182,Hogar Geriatrico (Unidad Sanitaria Delia Nora Cerviño),Municipal,Puán,28,"9,333333333333334","546,25","0,25",18,"0,8576135442011354","0,5185185185185185",Estadia prolongada,"3,107649896623019","0,025671042729325196","175,77591368757206","9,738599348534201",Excluido (no agudo),Dentro de banda
00700155,Hogar Geriatrico Casa de Abuelos,Municipal,Adolfo Alsina,,,,,,,,Sin internacion,"3,107649896623019","0,025671042729325196",,,Excluido (no agudo),Dentro de banda
700155,Hogar Geriatrico Casa de Abuelos,Municipal,Adolfo Alsina,17,"5,666666666666667","206,2941176470588","0,11764705882352941",8,"0,9920164233576643","0,7083333333333334",Estadia prolongada,"3,107649896623019","0,025671042729325196","66,3826764627611","4,582870281663154",Excluido (no agudo),Dentro de banda
35100114,Hogar Geriatrico Casa de los abuelos,Municipal,General Pinto,12,4,"537,4166666666666","0,4166666666666667",16,"0,9937842153284672","0,25",Estadia prolongada,"3,107649896623019","0,025671042729325196","172,9334656554008","16,23099891422367",Excluido (no agudo),Dentro de banda
52500102,Hogar Geriát. Munic. Santa Teresa de Journet,Municipal,Marcos Paz,1316,"438,6666666666667","13,19452887537994","0,00303951367781155","19,666666666666668","0,5961325966850829","22,305084745762713",Agudos,"3,107649896623019","0,025671042729325196","4,2458221853491285","0,11840242369038542",Normal,Peor desempeno
21000284,Hogar Geriátrico,Municipal,Chacabuco,7,"3,5","2162,1428571428573",1,10,"0,998448905109489","0,23333333333333334",Estadia prolongada,"3,107649896623019","0,025671042729325196","695,748533157608","38,954397394136805",Excluido (no agudo),Dentro de banda
14700239,Hogar Geriátrico,Municipal,Carlos Casares,49,"16,333333333333332","1113,2857142857142","0,2653061224489796",54,"0,9743317132442284","0,30246913580246915",Estadia prolongada,"3,107649896623019","0,025671042729325196","358,2403910734878","10,334840124975072",Excluido (no agudo),Dentro de banda
51100003,"Hogar Geriátrico ""Martin Rappallini""",Municipal,Maipú,2,2,"1,5",0,20,"0,4412568306010929","0,1",Agudos,"3,107649896623019","0,025671042729325196","0,4826798545196487",0,Normal,Dentro de banda
2100179,Hogar Geriátrico Amigos de la Ancianidad,Municipal,Alberti,14,7,760,"0,5",40,"1,0134808394160584","0,11666666666666667",Estadia prolongada,"3,107649896623019","0,025671042729325196","244,557792956622","19,477198697068403",Excluido (no agudo),Dentro de banda
02100179,Hogar Geriátrico Amigos de la Ancianidad,Municipal,Alberti,,,,,,,,Sin internacion,"3,107649896623019","0,025671042729325196",,,Excluido (no agudo),Dentro de banda
46200148,Hogar Geriátrico Beatus Vir,Municipal,Leandro N. Alem,41,"20,5","364,2682926829268",0,20,"0,9847945205479453","0,6833333333333333",Estadia prolongada,"3,107649896623019","0,025671042729325196","117,21664434554394",0,Excluido (no agudo),Dentro de banda
27700083,Hogar Geriátrico Blaquier,Municipal,Florentino Ameghino,6,3,"474,6666666666667",0,9,"0,9010502471169687","0,2222222222222222",Estadia prolongada,"3,107649896623019","0,025671042729325196","152,7413584079955",0,Excluido (no agudo),Dentro de banda
46600200,Hogar Geriátrico Celina Girard,Provincial,Lezama,123,"61,5","1,1951219512195121",0,15,"0,017874513618677042","4,1",Agudos,"5,54963563866355","0,04447215295095595","0,21535142647803066",0,Subutilizado,Dentro de banda
46600179,Hogar Geriátrico Celina Girard,Municipal,Lezama,59,"19,666666666666668","334,0169491525424","0,0847457627118644",16,"0,8843595917899324","1,2291666666666667",Estadia prolongada,"3,107649896623019","0,025671042729325196","107,48216828269737","3,301220118147187",Excluido (no agudo),Dentro de banda
53200404,Hogar Geriátrico Clotilde,Municipal,Mercedes,48,16,"508,3958333333333","0,14583333333333334",24,"0,8296456812652068","0,6666666666666666",Estadia prolongada,"3,107649896623019","0,025671042729325196","163,59495124781927","5,680849619978285",Excluido (no agudo),Dentro de banda
65100180,Hogar Geriátrico El Centenario,Municipal,Puán,36,12,"580,3333333333334","0,1388888888888889",16,"0,9876261618292752","0,75",Estadia prolongada,"3,107649896623019","0,025671042729325196","186,74347260415743","5,41033297140789",Excluido (no agudo),Dentro de banda
39900096,Hogar Geriátrico El Jardín de los Abuelos,Municipal,Guaminí,37,"12,333333333333334","1051,5135135135135","0,24324324324324326",26,"0,8134825940482875","0,47435897435897434",Estadia prolongada,"3,107649896623019","0,025671042729325196","338,36292648543156","9,47539396073598",Excluido (no agudo),Dentro de banda
65100138,Hogar Geriátrico Melvin Jones,Municipal,Puán,47,"15,666666666666666","668,6382978723404","0,19148936170212766",35,"0,9679874869655891","0,44761904761904764",Estadia prolongada,"3,107649896623019","0,025671042729325196","215,15882422885787","7,459352692494282",Excluido (no agudo),Dentro de banda
22400332,Hogar Geriátrico Municipal San José,Municipal,Chivilcoy,20,"6,666666666666667",1262,"0,4",39,"0,9974499344937301","0,17094017094017094",Estadia prolongada,"3,107649896623019","0,025671042729325196","406,0946509358644","15,581758957654724",Excluido (no agudo),Dentro de banda
02100172,Hogar Geriátrico Municipal de Coronel Mom,Municipal,Alberti,,,,,,,,Sin internacion,"3,107649896623019","0,025671042729325196",,,Excluido (no agudo),Dentro de banda
2100172,Hogar Geriátrico Municipal de Coronel Mom,Municipal,Alberti,1,1,146,1,8,"1,0871350364963503","0,041666666666666664",Estadia prolongada,"3,107649896623019","0,025671042729325196","46,980839173245805","38,954397394136805",Excluido (no agudo),Dentro de banda
2100173,Hogar Geriátrico Municipal de Mechita,Municipal,Alberti,2,1,"243,5",1,10,"0,9971710166088702","0,06666666666666667",Estadia prolongada,"3,107649896623019","0,025671042729325196","78,35502971702297","38,954397394136805",Excluido (no agudo),Dentro de banda
02100173,Hogar Geriátrico Municipal de Mechita,Municipal,Alberti,,,,,,,,Sin internacion,"3,107649896623019","0,025671042729325196",,,Excluido (no agudo),Dentro de banda
72800145,Hogar Geriátrico Nuestra Sra. de Luján,Municipal,San Andrés de Giles,123,41,"502,130081300813","0,34959349593495936",74,"0,9740826593016374","0,5540540540540541",Estadia prolongada,"3,107649896623019","0,025671042729325196","161,57871639481053","13,618203967055956",Excluido (no agudo),Dentro de banda
18900134,Hogar Geriátrico Pres. N. Ramos Ojeda,Municipal,Coronel Dorrego,251,"83,66666666666667","171,3625498007968","0,01593625498007968",41,"0,7667445742904841","2,040650406504065",Estadia prolongada,"3,107649896623019","0,025671042729325196","55,14216707197644","0,6207872094683157",Excluido (no agudo),Dentro de banda
15400084,Hogar Geriátrico San José,Municipal,Carlos Tejedor,73,"24,333333333333332","514,2465753424658","0,0821917808219178",50,"0,9407504697276492","0,4866666666666667",Estadia prolongada,"3,107649896623019","0,025671042729325196","165,4776414490193","3,201731292668778",Excluido (no agudo),Dentro de banda
16100017,Hogar Geriátrico San José,Provincial,Carmen de Areco,7218,2406,"9,258935993349958","0,04447215295095595",91,"0,5450318012720509","26,439560439560438",Agudos,"5,54963563866355","0,04447215295095595","1,6683862862715204",1,Normal,Peor desempeno
53900864,Hogar Geriátrico Santa Susana,Municipal,Merlo,14,"4,666666666666667","1001,1428571428571","0,6428571428571429","35,666666666666664","0,7404288098600591","0,1308411214953271",Estadia prolongada,"3,107649896623019","0,025671042729325196","322,1543257593998","25,04211261051652",Excluido (no agudo),Dentro de banda
54700010,Hogar Geriátrico Santa Susana,Provincial,Monte,6334,"2111,3333333333335","4,3500157878118095","0,05636248815914114",55,"0,41219204042956414","38,38787878787879",Agudos,"5,54963563866355","0,04447215295095595","0,7838380879468638","1,267365855241996",Normal,Dentro de banda
49700460,Hogar Granja para Anc. Padre Varela,Municipal,Luján,0,,,,75,"1,0011668185961713",0,Sin internacion,"3,107649896623019","0,025671042729325196",,,Excluido (no agudo),Dentro de banda
75600643,Hogar Infantil de Tránsito Municipal,Municipal,San Isidro,0,,,,,,,Sin internacion,"3,107649896623019","0,025671042729325196",,,Excluido (no agudo),Dentro de banda
64400081,Hogar La Esperanza,Municipal,Pinamar,12,4,"718,25",0,23,"0,23885233918128654","0,17391304347826086",Estadia prolongada,"3,107649896623019","0,025671042729325196","231,12320367249177",0,Excluido (no agudo),Dentro de banda
18200191,Hogar Munic. del Anciano,Municipal,Coronel de Marina Leonardo Rosales,39,13,"982,0769230769231","0,1282051282051282",49,"0,5485066289289439","0,2653061224489796",Estadia prolongada,"3,107649896623019","0,025671042729325196","316,0191642385823","4,994153512068821",Excluido (no agudo),Dentro de banda
65802762,Hogar Municipal Ave Fénix,Municipal,Quilmes,21,"10,5","12,666666666666666","0,14285714285714285","15,666666666666666","0,697078150668857","0,44680851063829785",Agudos,"3,107649896623019","0,025671042729325196","4,0759632159437","5,564913913448115",Normal,Dentro de banda
72100073,Hogar Municipal Papa Francisco,Municipal,Salliqueló,38,"12,666666666666666","293,07894736842104","0,42105263157894735",50,"0,9910026409252345","0,25333333333333335",Estadia prolongada,"3,107649896623019","0,025671042729325196","94,30886911904082","16,401851534373392",Excluido (no agudo),Dentro de banda
53200437,Hogar Municipal Ulises D'Andrea,Municipal,Mercedes,34,"11,333333333333334","765,5","0,11764705882352941",22,"0,7265262110152622","0,5151515151515151",Estadia prolongada,"3,107649896623019","0,025671042729325196","246,32761908986072","4,582870281663154",Excluido (no agudo),Dentro de banda
19600145,Hogar Municipal de Ancianos de Indio Rico,Municipal,Coronel Pringles,11,"5,5","196,54545454545453",0,"19,333333333333332","0,5453477443609023","0,1896551724137931",Estadia prolongada,"3,107649896623019","0,025671042729325196","63,24568760433215",0,Excluido (no agudo),Dentro de banda
22400470,Hogar Nuestra Señora del Carmen,Municipal,Chivilcoy,6,3,"57,5","0,16666666666666666","28,5","0,22447056489609682","0,10526315789473684",Estadia prolongada,"3,107649896623019","0,025671042729325196","18,502727756586534","6,4923995656894675",Excluido (no agudo),Dentro de banda
51501201,Hogar Nuestros Mayores,Municipal,Malvinas Argentinas,26,13,"532,9615384615385","0,11538461538461539",19,"0,5824049174029965","0,45614035087719296",Estadia prolongada,"3,107649896623019","0,025671042729325196","171,499865232789","4,49473816086194",Excluido (no agudo),Dentro de banda
11200269,Hogar Nuevo,Municipal,Bragado,21,"10,5","716,6666666666666","0,5714285714285714",58,"1,0330210920064125","0,1206896551724138",Estadia prolongada,"3,107649896623019","0,025671042729325196","230,6137082704988","22,25965565379246",Excluido (no agudo),Dentro de banda
30100097,Hogar San Joaquín,Municipal,General Belgrano,65,"21,666666666666668","339,73846153846154","0,03076923076923077",29,"0,6942060757907924","0,7471264367816092",Estadia prolongada,"3,107649896623019","0,025671042729325196","109,32327412674259","1,1985968428965172",Excluido (no agudo),Dentro de banda
40600080,Hogar San José,Municipal,Hipólito Yrigoyen,106,"35,333333333333336","464,12264150943395","0,03773584905660377",44,"0,8463500622148487","0,803030303030303",Estadia prolongada,"3,107649896623019","0,025671042729325196","149,3484327220324","1,4699772601561059",Excluido (no agudo),Dentro de banda
28000158,Hogar de Anc. Munic. A. F. de Villaverde,Municipal,General Alvarado,96,32,"591,5520833333334","0,0625",43,"0,987205058563911","0,7441860465116279",Estadia prolongada,"3,107649896623019","0,025671042729325196","190,3535156827523","2,4346498371335503",Excluido (no agudo),Dentro de banda
60900259,"Hogar de Anciano ""Arnaldo Inchauspe""",Municipal,Pehuajó,83,"27,666666666666668","379,2530120481928","0,10843373493975904",62,"0,9929041470990917","0,44623655913978494",Estadia prolongada,"3,107649896623019","0,025671042729325196","122,03852578770683","4,223970801773871",Excluido (no agudo),Dentro de banda
70000133,Hogar de Ancianos,Municipal,Saavedra,,,,,,,,Sin internacion,"3,107649896623019","0,025671042729325196",,,Excluido (no agudo),Dentro de banda
39200248,Hogar de Ancianos,Municipal,General Villegas,31,"10,333333333333334","464,38709677419354","0,1935483870967742","15,333333333333334","0,9603854389721628","0,6739130434782609",Estadia prolongada,"3,107649896623019","0,025671042729325196","149,43353087451317","7,539560785961962",Excluido (no agudo),Dentro de banda
65100181,"Hogar de Ancianos ""El Tercer Hogar""",Municipal,Puán,31,"10,333333333333334","556,3225806451613","0,03225806451612903",16,"0,8953010948905109","0,6458333333333334",Estadia prolongada,"3,107649896623019","0,025671042729325196","179,01713486120133","1,2565934643269938",Excluido (no agudo),Dentro de banda
28700052,Hogar de Ancianos Abuelos Alvearenses,Municipal,General Alvear,119,"39,666666666666664","285,781512605042","0,008403361344537815",32,"0,9496464416058394","1,2395833333333333",Estadia prolongada,"3,107649896623019","0,025671042729325196","91,96065261907121","0,3273478772616538",Excluido (no agudo),Dentro de banda
70000193,Hogar de Ancianos Arroyo Corto,Municipal,Saavedra,,,,,,,,Sin internacion,"3,107649896623019","0,025671042729325196",,,Excluido (no agudo),Dentro de banda
39200006,Hogar de Ancianos Banderalo,Municipal,General Villegas,13,"6,5","297,46153846153845","0,07692307692307693",6,"0,8866666666666667","1,0833333333333333",Estadia prolongada,"3,107649896623019","0,025671042729325196","95,71912807320417","2,996492107241293",Excluido (no agudo),Dentro de banda
08400087,Hogar de Ancianos C. Zibecchi,Municipal,Benito Juárez,,,,,,,,Sin internacion,"3,107649896623019","0,025671042729325196",,,Excluido (no agudo),Dentro de banda
8400087,Hogar de Ancianos C. Zibecchi,Municipal,Benito Juárez,50,"16,666666666666668","662,48","0,5","73,66666666666667","0,9705044027077926","0,22624434389140272",Estadia prolongada,"3,107649896623019","0,025671042729325196","213,17716668145124","19,477198697068403",Excluido (no agudo),Dentro de banda
17500159,Hogar de Ancianos Carlos Stebb,Municipal,Colón,149,"49,666666666666664","339,6040268456376","0,38926174496644295","73,33333333333333","0,792328535560693","0,6772727272727272",Estadia prolongada,"3,107649896623019","0,025671042729325196","109,2800148480928","15,163456703757952",Excluido (no agudo),Dentro de banda
39200256,Hogar de Ancianos Coronel Charlone,Municipal,General Villegas,17,"8,5","804,3529411764706","0,35294117647058826","13,666666666666666","0,9837157172995781","0,4146341463414634",Estadia prolongada,"3,107649896623019","0,025671042729325196","258,8299737530069","13,748610844989463",Excluido (no agudo),Dentro de banda
23800105,Hogar de Ancianos Dominga F. de Peñoñori,Municipal,Dolores,33,"16,5","1144,878787878788",0,24,"0,8938564476885644","0,4583333333333333",Estadia prolongada,"3,107649896623019","0,025671042729325196","368,4066178506434",0,Excluido (no agudo),Dentro de banda
20300136,Hogar de Ancianos Domingo Goñi,Municipal,Coronel Suárez,173,"57,666666666666664","880,7283236994219","0,19653179190751446","140,66666666666666","0,6664979231568017","0,4099526066350711",Estadia prolongada,"3,107649896623019","0,025671042729325196","283,40654610304733","7,655777522547118",Excluido (no agudo),Dentro de banda
61600071,Hogar de Ancianos Dr. A. Scarpetta,Municipal,Pellegrini,64,"21,333333333333332","344,40625",0,"28,333333333333332","0,9877962390520351","0,7529411764705882",Estadia prolongada,"3,107649896623019","0,025671042729325196","110,82530576377184",0,Excluido (no agudo),Dentro de banda
39200191,Hogar de Ancianos Dr. C. A. Seguí,Municipal,General Villegas,29,"9,666666666666666","855,1034482758621","0,4827586206896552",20,"0,9486313868613139","0,48333333333333334",Estadia prolongada,"3,107649896623019","0,025671042729325196","275,1608053420287","18,805571155790183",Excluido (no agudo),Dentro de banda
67900131,Hogar de Ancianos Dr. J. I. Mateos,Municipal,Rivadavia,10,5,"1367,9","0,6",14,"0,9155370177267987","0,23809523809523808",Estadia prolongada,"3,107649896623019","0,025671042729325196","440,17184866495165","23,372638436482085",Excluido (no agudo),Dentro de banda
39200205,Hogar de Ancianos Dr. J. R. Lamas,Municipal,General Villegas,73,"24,333333333333332","341,54794520547944","0,0684931506849315",32,"0,8376482664233577","0,7604166666666666",Estadia prolongada,"3,107649896623019","0,025671042729325196","109,90554166884384","2,6681094105573155",Excluido (no agudo),Dentro de banda
23100103,Hogar de Ancianos Dr. M. Oliver,Municipal,Daireaux,129,43,527,"0,15503875968992248",70,"0,9786124152321335","0,6142857142857143",Estadia prolongada,"3,107649896623019","0,025671042729325196","169,58152222123658","6,039441456455319",Excluido (no agudo),Dentro de banda
27400956,Hogar de Ancianos Dr. Salvador Sallares,Municipal,Florencio Varela,12,4,1681,"0,4166666666666667",48,"0,5616818873668189","0,08333333333333333",Estadia prolongada,"3,107649896623019","0,025671042729325196","540,9232236316863","16,23099891422367",Excluido (no agudo),Dentro de banda
74200064,Hogar de Ancianos El Retiro,Municipal,San Cayetano,22,"7,333333333333333","867,3181818181819","0,5909090909090909",34,"0,984274366680979","0,21568627450980393",Estadia prolongada,"3,107649896623019","0,025671042729325196","279,09134254816416","23,01850755108084",Excluido (no agudo),Dentro de banda
21800111,Hogar de Ancianos Elena Helbert de Estefanell,Municipal,Chascomús,123,41,"365,3821138211382","0,032520325203252036",89,"0,7448689061859893","0,4606741573033708",Estadia prolongada,"3,107649896623019","0,025671042729325196","117,5750570288458","1,2668096713540427",Excluido (no agudo),Dentro de banda
51800081,Hogar de Ancianos Emilia Moutier,Municipal,Mar Chiquita,620,"206,66666666666666","56,648387096774194",0,53,"0,9686854427764771","3,89937106918239",Estadia prolongada,"3,107649896623019","0,025671042729325196","18,228690161762476",0,Excluido (no agudo),Peor desempeno
25200571,Hogar de Ancianos Eva Perón,Municipal,Escobar,81,27,"346,17283950617286","0,12345679012345678","19,333333333333332","0,8287963577729299","1,396551724137931",Estadia prolongada,"3,107649896623019","0,025671042729325196","111,39377054099548","4,809184863473679",Excluido (no agudo),Dentro de banda
39900061,Hogar de Ancianos Eva Perón,Municipal,Guaminí,133,"44,333333333333336","341,593984962406",0,45,"0,8739253852392539","0,9851851851851852",Estadia prolongada,"3,107649896623019","0,025671042729325196","109,92035664429413",0,Excluido (no agudo),Dentro de banda
16800043,Hogar de Ancianos Genoveva Liforena de Aldáz,Municipal,Castelli,76,38,"402,0657894736842","0,039473684210526314",31,"0,9832528843889805","0,8172043010752689",Estadia prolongada,"3,107649896623019","0,025671042729325196","129,37937118032372","1,5376735813475053",Excluido (no agudo),Dentro de banda
00700090,Hogar de Ancianos Gral. N. Levalle,Municipal,Adolfo Alsina,,,,,,,,Sin internacion,"3,107649896623019","0,025671042729325196",,,Excluido (no agudo),Dentro de banda
700090,Hogar de Ancianos Gral. N. Levalle,Municipal,Adolfo Alsina,71,"23,666666666666668","344,3943661971831","0,04225352112676056",35,"0,9956725755995829","0,6761904761904762",Estadia prolongada,"3,107649896623019","0,025671042729325196","110,82148171562864","1,6459604532733862",Excluido (no agudo),Dentro de banda
57400076,Hogar de Ancianos Inm. Corazón de María,Municipal,Navarro,86,"28,666666666666668","484,9767441860465","0,13953488372093023",40,"0,8594206204379562","0,7166666666666667",Estadia prolongada,"3,107649896623019","0,025671042729325196","156,05900288608922","5,435497310809787",Excluido (no agudo),Dentro de banda
30800030,Hogar de Ancianos Jesús de Nazareth,Municipal,General Guido,4,"1,3333333333333333","440,25","0,75",16,"0,480988160291439","0,08333333333333333",Estadia prolongada,"3,107649896623019","0,025671042729325196","141,66653730151688","29,215798045602604",Excluido (no agudo),Dentro de banda
7700095,Hogar de Ancianos Josefa Rosello,Municipal,Arrecifes,61,"20,333333333333332","710,4262295081967","0,26229508196721313",58,"0,7321608356405739","0,3505747126436782",Estadia prolongada,"3,107649896623019","0,025671042729325196","228,6056194039726","10,217546857478506",Excluido (no agudo),Dentro de banda
07700095,Hogar de Ancianos Josefa Rosello,Municipal,Arrecifes,,,,,,,,Sin internacion,"3,107649896623019","0,025671042729325196",,,Excluido (no agudo),Dentro de banda
21000292,Hogar de Ancianos Juan Falabella,Municipal,Chacabuco,35,"11,666666666666666","819,3428571428572","0,3142857142857143",30,"0,9889585107677333","0,3888888888888889",Estadia prolongada,"3,107649896623019","0,025671042729325196","263,6535273916184","12,242810609585852",Excluido (no agudo),Dentro de banda
70000125,Hogar de Ancianos Juan Llull,Municipal,Saavedra,21,7,"478,9047619047619","0,47619047619047616",10,"0,8843978102189781","0,7",Estadia prolongada,"3,107649896623019","0,025671042729325196","154,1051205366383","18,54971304482705",Excluido (no agudo),Dentro de banda
46200164,Hogar de Ancianos L. N. Alen,Municipal,Leandro N. Alem,9,"4,5","184,22222222222223","0,1111111111111111","11,666666666666666","0,6604010025062657","0,2571428571428571",Estadia prolongada,"3,107649896623019","0,025671042729325196","59,280236947672414","4,328266377126312",Excluido (no agudo),Dentro de banda
58800299,Hogar de Ancianos Munic. Sto. D. de Guzmán,Municipal,9 de Julio,134,"44,666666666666664","402,46268656716416","0,014925373134328358","61,666666666666664","0,7385502958579881","0,7243243243243244",Estadia prolongada,"3,107649896623019","0,025671042729325196","129,5070873345505","0,5814089163304",Excluido (no agudo),Dentro de banda
65100174,Hogar de Ancianos Nuestros Tiempos,Municipal,Puán,64,"21,333333333333332","799,578125","0,3125",38,"0,979691288378904","0,5614035087719298",Estadia prolongada,"3,107649896623019","0,025671042729325196","257,293502034729","12,173249185667752",Excluido (no agudo),Dentro de banda
39200267,Hogar de Ancianos Refugio de mis Años,Municipal,General Villegas,5,"2,5","232,4",0,9,"0,9933333333333333","0,2777777777777778",Estadia prolongada,"3,107649896623019","0,025671042729325196","74,78319879357757",0,Excluido (no agudo),Dentro de banda
04200032,Hogar de Ancianos San Francisco Javier,Municipal,Ayacucho,,,,,,,,Sin internacion,"3,107649896623019","0,025671042729325196",,,Excluido (no agudo),Dentro de banda
4200032,Hogar de Ancianos San Francisco Javier,Municipal,Ayacucho,230,"76,66666666666667","340,53478260869565","0,10434782608695652","79,33333333333333","0,7955720321908424","0,9663865546218487",Estadia prolongada,"3,107649896623019","0,025671042729325196","109,57951955229694","4,064806684605579",Excluido (no agudo),Dentro de banda
07000212,Hogar de Ancianos San José,Municipal,Baradero,,,,,,,,Sin internacion,"3,107649896623019","0,025671042729325196",,,Excluido (no agudo),Dentro de banda
12600392,Hogar de Ancianos San José,Municipal,Campana,80,"26,666666666666668","286,2","0,1125",38,"0,9688055328754622","0,7017543859649122",Estadia prolongada,"3,107649896623019","0,025671042729325196","92,09531624234897","4,38236970684039",Excluido (no agudo),Dentro de banda
7000212,Hogar de Ancianos San José,Municipal,Baradero,45,15,"436,3333333333333","0,022222222222222223","37,666666666666664","0,801569290197972","0,39823008849557523",Estadia prolongada,"3,107649896623019","0,025671042729325196","140,40620657027114","0,8656532754252624",Excluido (no agudo),Dentro de banda
69300077,Hogar de Ancianos San Juan Bautista,Municipal,Roque Pérez,139,"46,333333333333336","702,9424460431654","0,12949640287769784",50,"0,9287305936073059","0,9266666666666666",Estadia prolongada,"3,107649896623019","0,025671042729325196","226,19743839453406","5,044454338809083",Excluido (no agudo),Dentro de banda
32900066,Hogar de Ancianos San Martin de Porres,Municipal,General Las Heras,59,"19,666666666666668","600,7627118644068","0,11864406779661017",40,"0,9707383773928897","0,49166666666666664",Estadia prolongada,"3,107649896623019","0,025671042729325196","193,317372242361","4,621708165406062",Excluido (no agudo),Dentro de banda
21000349,Hogar de Ancianos Santa Ana,Municipal,Chacabuco,34,"11,333333333333334","456,0882352941176","0,4117647058823529","22,333333333333332","0,9984452354649973","0,5074626865671642",Estadia prolongada,"3,107649896623019","0,025671042729325196","146,763068706592","16,04004598582104",Excluido (no agudo),Dentro de banda
37100785,Hogar de Ancianos Sarah Forrest de Cuelli,Municipal,General San Martín,17,"5,666666666666667","564,8823529411765","0,058823529411764705",78,"0,667789631293281","0,07264957264957266",Estadia prolongada,"3,107649896623019","0,025671042729325196","181,77155462557593","2,291435140831577",Excluido (no agudo),Dentro de banda
26600085,Hogar de Ancianos Vivir,Municipal,Exaltación De La Cruz,15,5,"664,8","0,13333333333333333",12,"0,9989355231143552","0,4166666666666667",Estadia prolongada,"3,107649896623019","0,025671042729325196","213,9237115231083","5,193919652551574",Excluido (no agudo),Dentro de banda
39200264,Hogar de Ancianos de Cañada Seca,Municipal,General Villegas,21,7,"900,5238095238095","0,42857142857142855","14,666666666666666","0,8386183465458663","0,4772727272727273",Estadia prolongada,"3,107649896623019","0,025671042729325196","289,7764675816215","16,694741740344345",Excluido (no agudo),Dentro de banda
60900250,Hogar de Ancianos de Juan Jose Paso,Municipal,Pehuajó,21,7,"287,95238095238096","0,14285714285714285",20,"0,9333941605839416","0,35",Estadia prolongada,"3,107649896623019","0,025671042729325196","92,6592088977878","5,564913913448115",Excluido (no agudo),Dentro de banda
46200130,Hogar de Ancianos de Vedia,Municipal,Leandro N. Alem,72,24,"176,23611111111111","0,05555555555555555",50,"0,9075406244294322","0,48",Estadia prolongada,"3,107649896623019","0,025671042729325196","56,7104136481465","2,164133188563156",Excluido (no agudo),Dentro de banda
12600017,Hogar municipal para personas con discapacidad,Municipal,Campana,9,9,"120,11111111111111",0,32,"0,2852272727272727","0,140625",Estadia prolongada,"3,107649896623019","0,025671042729325196","38,65014242486965",0,Excluido (no agudo),Dentro de banda
46200156,Hogar para Personas con Capacidades Diferentes,Municipal,Leandro N. Alem,10,5,"174,3",0,21,"0,946611642050391","0,15873015873015872",Estadia prolongada,"3,107649896623019","0,025671042729325196","56,08739909518318",0,Excluido (no agudo),Dentro de banda
67200017,Hogar para personas con Discapacidad,Municipal,Rauch,5,"2,5","124,6",0,20,"0,38372727272727275","0,125",Estadia prolongada,"3,107649896623019","0,025671042729325196","40,09460658209881",0,Excluido (no agudo),Dentro de banda
41000556,Hosp. Atenc. Médica Prim. de Ituzaingó,Municipal,Ituzaingó,0,,,,,,,Sin internacion,"3,107649896623019","0,025671042729325196",,,Excluido (no agudo),Dentro de banda
56800629,Hosp. Atenc. Primaria El Palomar,Provincial,Morón,0,,,,,,,Sin internacion,"5,54963563866355","0,04447215295095595",,,Excluido (no agudo),Dentro de banda
56800548,Hosp. Atenc. Primaria El Palomar,Municipal,Morón,0,,,,,,,Sin internacion,"3,107649896623019","0,025671042729325196",,,Excluido (no agudo),Dentro de banda
75600481,Hosp. Central Munic. de San Isidro,Municipal,San Isidro,62245,"20748,333333333332","3,901325407663266","0,03778616756365973","179,66666666666666","1,2399506167821652","115,48237476808906",Agudos,"3,107649896623019","0,025671042729325196","1,2553941201364762","1,4719373872762433",Anomalia de datos,Dentro de banda
63800031,Hosp. Central de Pilar Juan C. Sanguinetti,Municipal,Pilar,78804,26268,"2,458682300390843","0,01815897670169027","166,66666666666666","1,023794272073759","157,608",Agudos,"3,107649896623019","0,025671042729325196","0,7911709433751248","0,7073719947085144",Anomalia de datos,Dentro de banda
80500517,Hosp. Comunal de Tigre,Municipal,Tigre,0,,,,,,,Sin internacion,"3,107649896623019","0,025671042729325196",,,Excluido (no agudo),Dentro de banda
64400010,Hosp. Comunitario de Pinamar,Municipal,Pinamar,12453,4151,"2,7392596161567493","0,033405605075082306",58,"0,7243424364460106","71,56896551724138",Agudos,"3,107649896623019","0,025671042729325196","0,8814569553453923","1,3012952152863495",Normal,Dentro de banda
61600012,Hosp. Dr. Guillermo del Soldato,Municipal,Pellegrini,3789,1263,"2,1393507521773554","0,024016891000263923","25,333333333333332","0,3354580812445981","49,85526315789474",Agudos,"3,107649896623019","0,025671042729325196","0,6884143398849779","0,9355635161959487",Subutilizado,Dentro de banda
52500013,Hosp. Dr. Hétor J. DAgnillo,Municipal,Marcos Paz,27766,"9255,333333333334","2,879456889721242","0,025786933659871787","99,33333333333333","0,6226061040896297","93,1744966442953",Agudos,"3,107649896623019","0,025671042729325196","0,9265705550841661","1,0045144613628882",Normal,Dentro de banda
74900031,Hosp. Dr. Oscar Do Porto,Municipal,San Fernando,10817,"3605,6666666666665","3,1012295460848662","0,001479153184801701",40,"0,9273038321167884","90,14166666666667",Agudos,"3,107649896623019","0,025671042729325196","0,9979340174241862","0,05761952096756854",Saturado,Dentro de banda
44800016,Hosp. Dr. Pedro S. Sancholuz,Municipal,Laprida,5427,1809,"15,103372028745163","0,0456974387322646","104,66666666666667","0,6633621893325886","17,28343949044586",Agudos,"3,107649896623019","0,025671042729325196","4,860062275727231","1,7801161882708547",Normal,Peor desempeno
74900040,Hosp. Dr. Ramón Carrillo,Municipal,San Fernando,9891,3297,"1,0504499039530886","0,00030330603579011223",10,"0,9162184337678914","329,7",Agudos,"3,107649896623019","0,025671042729325196","0,3380206712135038","0,011815103850208312",Saturado,Dentro de banda
74900058,Hosp. Dr. René Favaloro,Municipal,San Fernando,10197,3399,"1,0033343140139257","9,806805923310778E-05","11,333333333333334","0,8335092991147568","299,9117647058824",Agudos,"3,107649896623019","0,025671042729325196","0,3228595071485421","0,0038201821510382276",Normal,Dentro de banda
51500311,Hosp. Gral. Los Polvorines Dr. Carrillo,Municipal,Malvinas Argentinas,1214,"404,6666666666667","39,06095551894563","0,0008237232289950577",54,"0,49049616126086515","7,493827160493828",Estadia prolongada,"3,107649896623019","0,025671042729325196","12,56929088485543","0,03208764200505503",Excluido (no agudo),Peor desempeno
05600042,Hosp. Interz. Gral. de Ag. Dr. J. Penna,Provincial,Bahía Blanca,,,,,,,,Sin internacion,"5,54963563866355","0,04447215295095595",,,Excluido (no agudo),Dentro de banda
03500270,Hosp. Interz. Gral. de Ag. Dr. Pedro Fiorito,Provincial,Avellaneda,,,,,,,,Sin internacion,"5,54963563866355","0,04447215295095595",,,Excluido (no agudo),Dentro de banda
03500318,Hosp. Interz. Gral. de Ag. Pte. Perón,Provincial,Avellaneda,,,,,,,,Sin internacion,"5,54963563866355","0,04447215295095595",,,Excluido (no agudo),Dentro de banda
66500016,Hosp. J. M. Gomendio,Municipal,Ramallo,13156,"4385,333333333333","3,997263605959258","0,03306476132563089","90,33333333333333","0,6074647631722219","48,54612546125461",Agudos,"3,107649896623019","0,025671042729325196","1,2862657438674008","1,2880178524209114",Normal,Dentro de banda
34300031,Hosp. J. Scasso y M. Scasso de Campomar,Municipal,General Paz,7875,2625,"8,448380952380953","0,024888888888888887","90,33333333333333","0,6637893522500734","29,059040590405903",Agudos,"3,107649896623019","0,025671042729325196","2,7185755260145394","0,9695316684762938",Normal,Peor desempeno
77000015,Hosp. Local 26 de Julio,Municipal,San Pedro,2408,"802,6666666666666","1,2799003322259137","0,0012458471760797341",7,"0,3863787818206051","114,66666666666667",Agudos,"3,107649896623019","0,025671042729325196","0,4118547374389694","0,048531225989373095",Subutilizado,Dentro de banda
37100114,Hosp. Local Dr. E. Marengo,Municipal,General San Martín,0,,,,,,,Sin internacion,"3,107649896623019","0,025671042729325196",,,Excluido (no agudo),Dentro de banda
60900039,Hosp. Local Dr. F. Benincasa,Municipal,Pehuajó,712,"237,33333333333334","21,6938202247191","0,06741573033707865",48,"0,2953733272506083","4,944444444444445",Agudos,"3,107649896623019","0,025671042729325196","6,980779993361885","2,626139150166526",Subutilizado,Peor desempeno
27700024,Hosp. Local Dr. Felipe Peláez,Municipal,Florentino Ameghino,4549,"1516,3333333333333","15,229720817762146","0,018465596834469113",56,"0,7566634082763115","27,077380952380953",Agudos,"3,107649896623019","0,025671042729325196","4,900719619128198","0,7193161972098244",Normal,Peor desempeno
16800019,Hosp. Local Dr.Ramón Carrillo,Municipal,Castelli,5974,"1991,3333333333333","2,6091396049548043","0,03682624707063944",56,"0,24193706020328382","35,55952380952381",Agudos,"3,107649896623019","0,025671042729325196","0,8395860832940257","1,4345442629243552",Subutilizado,Dentro de banda
14700025,Hosp. Local Esp. Mat. Infantil,Municipal,Carlos Casares,,,,,,,,Sin internacion,"3,107649896623019","0,025671042729325196",,,Excluido (no agudo),Dentro de banda
59500027,Hosp. Local Esp. en Psiquiat. de Hinojo,Municipal,Olavarría,1116,372,"15,701612903225806",0,25,"0,6786923440969821","14,88",Agudos,"3,107649896623019","0,025671042729325196","5,05256815456858",0,Normal,Peor desempeno
01400022,Hosp. Local Gral. A. Elicagaray,Municipal,Adolfo Gonzales Chaves,,,,,,,,Sin internacion,"3,107649896623019","0,025671042729325196",,,Excluido (no agudo),Dentro de banda
1400022,Hosp. Local Gral. A. Elicagaray,Municipal,Adolfo Gonzales Chaves,4650,1550,"6,990322580645161","0,04430107526881721","94,33333333333333","0,334998164499488","16,431095406360424",Agudos,"3,107649896623019","0,025671042729325196","2,2493919241808142","1,7257216910090716",Subutilizado,Peor desempeno
4900085,Hosp. Local Gral. Dr. Horacio Ferro,Municipal,Azul,594,198,"37,2037037037037","0,06060606060606061",34,"0,42520971180199885","5,823529411764706",Estadia prolongada,"3,107649896623019","0,025671042729325196","11,971652194197212","2,3608725693416246",Excluido (no agudo),Peor desempeno
04900085,Hosp. Local Gral. Dr. Horacio Ferro,Municipal,Azul,,,,,,,,Sin internacion,"3,107649896623019","0,025671042729325196",,,Excluido (no agudo),Dentro de banda
51800013,Hosp. Local Gral. G. Tellaeche,Municipal,Mar Chiquita,636,212,"43,55974842767296",0,36,"0,996426399026764","5,888888888888889",Estadia prolongada,"3,107649896623019","0,025671042729325196","14,016942022654453",0,Excluido (no agudo),Peor desempeno
18900037,Hosp. Local Gral. María Eva Duarte de Perón,Municipal,Coronel Dorrego,4079,"1359,6666666666667","10,104927678352537","0,026722235842118167",58,"0,4610979121103891","23,442528735632184",Agudos,"3,107649896623019","0,025671042729325196","3,2516300144791823","1,040948594253717",Normal,Peor desempeno
00700014,Hosp. Local Gral. San Martín,Municipal,Adolfo Alsina,,,,,,,,Sin internacion,"3,107649896623019","0,025671042729325196",,,Excluido (no agudo),Dentro de banda
700014,Hosp. Local Gral. San Martín,Municipal,Adolfo Alsina,10864,"3621,3333333333335","2,5726251840942562","0,02816642120765832",30,"0,8505897373540856","120,71111111111111",Agudos,"3,107649896623019","0,025671042729325196","0,8278362330614667","1,097205964893765",Normal,Dentro de banda
21000012,Hosp. Local Gral. Tomás Keating,Municipal,Chacabuco,94,"31,333333333333332","58,244680851063826","0,11702127659574468","24,666666666666668","0,9788622129436325","1,2702702702702702",Estadia prolongada,"3,107649896623019","0,025671042729325196","18,74235605315657","4,558493312079839",Excluido (no agudo),Dentro de banda
42000010,Hosp. Local Gral. de Agudos,Municipal,La Costa,7063,"2354,3333333333335","3,2913776015857286","0,02010477134362169","52,333333333333336","0,8325891223190103","44,98726114649681",Agudos,"3,107649896623019","0,025671042729325196","1,0591211079350864","0,7831692524376931",Normal,Dentro de banda
21000055,Hosp. Local Munic. A. Rossi y C. Z. de Rossi,Municipal,Chacabuco,891,297,"21,341189674523008","0,02356902356902357",34,"0,9638195004029009","8,735294117647058",Agudos,"3,107649896623019","0,025671042729325196","6,867308218249996","0,9181171102995207",Saturado,Peor desempeno
4200016,Hosp. Local Munic. Dr. Pedro Solanet,Municipal,Ayacucho,11303,"3767,6666666666665","2,432540033619393","0,035388834822613464",59,"0,4399015007201598","63,85875706214689",Agudos,"3,107649896623019","0,025671042729325196","0,7827587130270867","1,3785507349955517",Normal,Dentro de banda
04200016,Hosp. Local Munic. Dr. Pedro Solanet,Municipal,Ayacucho,,,,,,,,Sin internacion,"3,107649896623019","0,025671042729325196",,,Excluido (no agudo),Dentro de banda
59500167,Hosp. Local Munic. de Espigas,Municipal,Olavarría,86,"28,666666666666668","85,19767441860465",0,"30,333333333333332","0,1945942706460506","0,945054945054945",Estadia prolongada,"3,107649896623019","0,025671042729325196","27,415467395856325",0,Excluido (no agudo),Dentro de banda
59500191,Hosp. Local Munic. de Espigas,Provincial,Olavarría,837,279,"3,3655913978494625","0,2270011947431302",10,"0,18189338235294117","27,9",Agudos,"5,54963563866355","0,04447215295095595","0,6064526785149369","5,104344621981039",Subutilizado,Peor desempeno
67900026,Hosp. Local Munic. de Rivadavia,Municipal,Rauch,7255,"2418,3333333333335","3,107649896623019","0,03184011026878015",43,"0,47038535235256546","56,24031007751938",Agudos,"3,107649896623019","0,025671042729325196",1,"1,240312308483198",Normal,Dentro de banda
49000085,Hosp. Mat. Infantil Dr. Oscar E. Alende,Municipal,Lomas de Zamora,28972,"9657,333333333334","2,4439113626950157","0,0018638685627502417",76,"0,848859543817527","127,0701754385965",Agudos,"3,107649896623019","0,025671042729325196","0,786417854003031","0,07260587668381153",Normal,Dentro de banda
53900074,Hosp. Mat. Infantil Dr. P. Chutro,Municipal,Merlo,17135,"5711,666666666667","2,103063904289466","0,0008754012255617158",55,"0,4636777711283995","103,84848484848484",Agudos,"3,107649896623019","0,025671042729325196","0,6767377195786426","0,03410072721984547",Normal,Dentro de banda
53900066,Hosp. Mat. Infantil Pontevedra,Municipal,Merlo,23447,"7815,666666666667","1,7956668230477246","0,0002132468972576449",62,"0,5416160838539662","126,05913978494624",Agudos,"3,107649896623019","0,025671042729325196","0,5778214672762904","0,00830690437884096",Normal,Dentro de banda
75600465,Hosp. Mat. Infantil de San Isidron Dr. C. Gianantonio,Municipal,San Isidro,35341,"11780,333333333334","2,8099657621459495","0,0014713788517585807","149,33333333333334","0,610093428190089","78,88616071428571",Agudos,"3,107649896623019","0,025671042729325196","0,9042092435185337","0,05731667650873246",Normal,Dentro de banda
5600271,Hosp. Menor Leonor de Cerelli,Municipal,Bahía Blanca,0,,,,,,,Sin internacion,"3,107649896623019","0,025671042729325196",,,Excluido (no agudo),Dentro de banda
05600271,Hosp. Menor Leonor de Cerelli,Municipal,Bahía Blanca,,,,,,,,Sin internacion,"3,107649896623019","0,025671042729325196",,,Excluido (no agudo),Dentro de banda
33600015,Hosp. Munic Sagrado Corazón de Jesús,Municipal,General Lavalle,1157,"385,6666666666667","17,51685393258427","0,03025064822817632",39,"0,463254593175853","9,88888888888889",Agudos,"3,107649896623019","0,025671042729325196","5,636688338547807","1,1783957725106209",Normal,Peor desempeno
74200021,Hosp. Munic. Alberto Menditeguy,Municipal,San Cayetano,11865,3955,"2,8357353560893386","0,0067425200168563",31,"0,9850206003531489","127,58064516129032",Agudos,"3,107649896623019","0,025671042729325196","0,9125015527556174","0,26265080417454234",Saturado,Dentro de banda
31500021,Hosp. Munic. Ana R. S. de Martínez Guerrero,Municipal,General Juan Madariaga,12552,4184,"5,123725302740599","0,023581899298916506",88,"0,7405598755832037","47,54545454545455",Agudos,"3,107649896623019","0,025671042729325196","1,648745989150317","0,9186186765985097",Normal,Peor desempeno
28700010,Hosp. Munic. Bernardino Rivadavia,Municipal,General Alvear,7393,"2464,3333333333335","2,1386446638712298","0,02569998647369133",40,"0,35257755474452557","61,608333333333334",Agudos,"3,107649896623019","0,025671042729325196","0,6881871301510588","1,0011274861201127",Subutilizado,Dentro de banda
42000021,Hosp. Munic. Carlos F. Macías,Municipal,La Costa,21250,"7083,333333333333","3,9864941176470587","0,04423529411764706","80,66666666666667","1,0160642115630625","87,8099173553719",Agudos,"3,107649896623019","0,025671042729325196","1,2828002671662118","1,7231592259053459",Anomalia de datos,Dentro de banda
75600457,Hosp. Munic. Ciudad de Boulogne,Municipal,San Isidro,62186,"20728,666666666668","1,5539028077059145","0,007702698356543273",57,"1,7241048746584864","363,6608187134503",Agudos,"3,107649896623019","0,025671042729325196","0,5000250541074429","0,30005397278795115",Anomalia de datos,Dentro de banda
35100023,Hosp. Munic. Dr. Alberto L. Videla,Municipal,General Pinto,5302,"1767,3333333333333","7,1627687665032065","0,044511505092417955","86,33333333333333","0,6596334253471672","20,47104247104247",Agudos,"3,107649896623019","0,025671042729325196","2,3048827907824343","1,7339188579811933",Normal,Peor desempeno
4900051,Hosp. Munic. Dr. Angel Pintos,Municipal,Azul,15597,5199,"5,069692889658268","0,06174264281592614","92,33333333333333","0,8211328221617611","56,30685920577617",Agudos,"3,107649896623019","0,025671042729325196","1,6313590842930334","2,405147444415833",Normal,Peor desempeno
04900051,Hosp. Munic. Dr. Angel Pintos,Municipal,Azul,,,,,,,,Sin internacion,"3,107649896623019","0,025671042729325196",,,Excluido (no agudo),Dentro de banda
51800021,Hosp. Munic. Dr. Aristizabal,Municipal,Mar Chiquita,11589,3863,"2,7524376563983086","0,012770730865475883",45,"0,7463909164639092","85,84444444444445",Agudos,"3,107649896623019","0,025671042729325196","0,8856974717098256","0,4974761251473162",Normal,Dentro de banda
19600011,Hosp. Munic. Dr. Cabrera,Municipal,Coronel Pringles,8831,"2943,6666666666665","9,129656890499378","0,05809081644207904",109,"0,6760022103888275","27,00611620795107",Agudos,"3,107649896623019","0,025671042729325196","2,937800973147032","2,262892748634603",Normal,Peor desempeno
37100092,Hosp. Munic. Dr. D. E. Thompson,Provincial,General San Martín,22296,7432,"9,350959813419447","0,059203444564047365","215,66666666666666","0,8949679563256586","34,46058732612055",Agudos,"5,54963563866355","0,04447215295095595","1,6849682433694553","1,3312475478607284",Normal,Peor desempeno
37100084,Hosp. Munic. Dr. D. E. Thompson,Municipal,General San Martín,142127,"47375,666666666664","1,5124993843534305","0,0038205267120251605","212,66666666666666","0,9903653358178516","222,76959247648904",Agudos,"3,107649896623019","0,025671042729325196","0,486701988533848","0,14882631579514297",Saturado,Dentro de banda
700135,Hosp. Munic. Dr. Demetrio Carmelo Loyarte,Municipal,Adolfo Alsina,2563,"854,3333333333334","2,4709325009754193","0,005852516582130316",10,"0,5682481751824817","85,43333333333334",Agudos,"3,107649896623019","0,025671042729325196","0,7951128933991247","0,2279812566960796",Normal,Dentro de banda
00700135,Hosp. Munic. Dr. Demetrio Carmelo Loyarte,Municipal,Adolfo Alsina,,,,,,,,Sin internacion,"3,107649896623019","0,025671042729325196",,,Excluido (no agudo),Dentro de banda
58100076,Hosp. Munic. Dr. Emilio Ferreyra,Municipal,Necochea,20739,6913,"2,7820531366025363","0,03283668450744973",82,"0,6456695543727591","84,3048780487805",Agudos,"3,107649896623019","0,025671042729325196","0,895227335494163","1,2791332574090923",Normal,Dentro de banda
11900031,Hosp. Munic. Dr. Francisco Caram,Municipal,Brandsen,6703,"2234,3333333333335","3,6077875578099357","0,044159331642548115","31,666666666666668","0,6580055576245453","70,5578947368421",Agudos,"3,107649896623019","0,025671042729325196","1,1609375823609989","1,7202001534632994",Normal,Dentro de banda
59500078,Hosp. Munic. Dr. Héctor Cura,Municipal,Olavarría,24757,"8252,333333333334","3,6855030900351418","0,061275598820535605","137,33333333333334","0,638954110987688","60,08980582524272",Agudos,"3,107649896623019","0,025671042729325196","1,1859453968865852","2,3869540270188447",Normal,Peor desempeno
4900077,Hosp. Munic. Dr. J. Casella Solá,Municipal,Azul,1732,"577,3333333333334","9,83256351039261","0,040993071593533485","27,333333333333332","0,5753810082063306","21,121951219512194",Agudos,"3,107649896623019","0,025671042729325196","3,163986883167674","1,5968604012608043",Normal,Peor desempeno
04900077,Hosp. Munic. Dr. J. Casella Solá,Municipal,Azul,,,,,,,,Sin internacion,"3,107649896623019","0,025671042729325196",,,Excluido (no agudo),Dentro de banda
39900037,Hosp. Munic. Dr. J. Llambías,Municipal,Guaminí,1457,"485,6666666666667","2,4049416609471517","0,03980782429649966","45,666666666666664","0,09028580539721769","10,635036496350365",Agudos,"3,107649896623019","0,025671042729325196","0,7738779273561422","1,550689807041822",Subutilizado,Dentro de banda
14700041,Hosp. Munic. Dr. Julio F. Ramos,Municipal,Carlos Casares,29316,9772,"4,036703506617546","0,01766953199617956",129,"0,8495703628204584","75,75193798449612",Agudos,"3,107649896623019","0,025671042729325196","1,298956974208742","0,6883059711475941",Normal,Dentro de banda
23100031,Hosp. Munic. Dr. L. Tabares Salazar,Municipal,Daireaux,978,326,"21,473415132924334","0,03783231083844581",17,"0,7792034927057822","19,176470588235293",Agudos,"3,107649896623019","0,025671042729325196","6,909856594933293","1,473734870739327",Normal,Peor desempeno
70000052,Hosp. Munic. Dr. M. Suarch,Municipal,Saavedra,1012,"337,3333333333333","16,723320158102766","0,05138339920948617",45,"0,4545528208244708","7,496296296296296",Agudos,"3,107649896623019","0,025671042729325196","5,381339827332368","2,001609352267899",Normal,Peor desempeno
58800132,Hosp. Munic. Dr. Manuel F. Arce,Municipal,9 de Julio,1025,"341,6666666666667","4,010731707317073","0,06439024390243903",8,"0,44867700729927007","42,708333333333336",Agudos,"3,107649896623019","0,025671042729325196","1,2905995980034313","2,508283149281004",Normal,Peor desempeno
28000051,Hosp. Munic. Dr. Mariano Cassano,Municipal,General Alvarado,13247,"4415,666666666667","2,3206763795576357","0,025741677360911906","41,666666666666664","0,6669151501863626","105,976",Agudos,"3,107649896623019","0,025671042729325196","0,7467624915147097","1,0027515295086171",Normal,Dentro de banda
700146,Hosp. Munic. Dr. Noe Yarcho,Municipal,Adolfo Alsina,2313,771,"12,585819282317336","0,023778642455685256",30,"0,8056543547651619","25,7",Agudos,"3,107649896623019","0,025671042729325196","4,0499476134663475","0,9262826877118565",Normal,Peor desempeno
00700146,Hosp. Munic. Dr. Noe Yarcho,Municipal,Adolfo Alsina,,,,,,,,Sin internacion,"3,107649896623019","0,025671042729325196",,,Excluido (no agudo),Dentro de banda
32900023,Hosp. Munic. Dr. Pedro Arozarena,Municipal,General Las Heras,6684,2228,"2,1150508677438657","0,014213046080191503",34,"0,3740875912408759","65,52941176470588",Agudos,"3,107649896623019","0,025671042729325196","0,6805949634295105","0,5536606451889582",Subutilizado,Dentro de banda
23100022,Hosp. Munic. Dr. Pedro M. Romanazzi,Municipal,Daireaux,11695,"3898,3333333333335","5,903719538264215","0,0235143223599829",71,"1,0000128508275934","54,906103286384976",Agudos,"3,107649896623019","0,025671042729325196","1,8997376585694525","0,9159862576646106",Anomalia de datos,Peor desempeno
55300010,Hosp. Munic. Dr. R. Carrillo,Municipal,Monte Hermoso,2189,"729,6666666666666","3,100502512562814","0,040657834627683874",20,"0,3156860055776528","36,483333333333334",Agudos,"3,107649896623019","0,025671042729325196","0,9977000678010829","1,583801447271894",Subutilizado,Dentro de banda
40600039,Hosp. Munic. Dr. S. M. Galvagni,Municipal,Hipólito Yrigoyen,7457,"2485,6666666666665","3,2050422421885476","0,0312458093066917",44,"0,5729747662194945","56,49242424242424",Agudos,"3,107649896623019","0,025671042729325196","1,0313395487925978","1,2171616726342867",Normal,Dentro de banda
58800043,Hosp. Munic. E. Dudignac,Municipal,9 de Julio,501,167,"1,1796407185628743","0,003992015968063872",13,"0,04540932347924957","12,846153846153847",Agudos,"3,107649896623019","0,025671042729325196","0,3795925402809213","0,1555065764236998",Subutilizado,Dentro de banda
79100025,Hosp. Munic. E. Rodríguez Larreta,Municipal,Tandil,221,"73,66666666666667","151,47058823529412","0,17647058823529413",42,"0,536235662148071","1,753968253968254",Estadia prolongada,"3,107649896623019","0,025671042729325196","48,741200995611585","6,874305422494731",Excluido (no agudo),Dentro de banda
79100050,Hosp. Munic. E. Rodríguez Larreta,Provincial,Tandil,0,,,,,,,Sin internacion,"5,54963563866355","0,04447215295095595",,,Excluido (no agudo),Dentro de banda
73500021,Hosp. Munic. Emilio Zerboni,Municipal,San Antonio de Areco,17978,"5992,666666666667","2,2395705862721105","0,02224941595283124","66,66666666666667","0,7678436805965891","89,89",Agudos,"3,107649896623019","0,025671042729325196","0,7206637365122044","0,8667125908140351",Normal,Dentro de banda
78400025,Hosp. Munic. Esteban Iribarne,Municipal,Suipacha,4999,"1666,3333333333333","2,3596719343868773","0,027605521104220845","47,666666666666664","0,20700527401972024","34,95804195804196",Agudos,"3,107649896623019","0,025671042729325196","0,7593107373359707","1,075356439366049",Subutilizado,Dentro de banda
53900031,Hosp. Munic. Eva Perón,Municipal,Merlo,99824,"33274,666666666664","2,3040050488860393","0,015146658118288187","230,33333333333334","0,7933958372993211","144,4630969609262",Agudos,"3,107649896623019","0,025671042729325196","0,7413978812058997","0,5900289395329265",Normal,Dentro de banda
18200043,Hosp. Munic. Eva Perón,Municipal,Coronel de Marina Leonardo Rosales,7175,"2391,6666666666665","4,552613240418118","0,06731707317073171",36,"0,831668863428977","66,43518518518519",Agudos,"3,107649896623019","0,025671042729325196","1,464969797712829","2,622296019702868",Normal,Peor desempeno
15400017,Hosp. Munic. Garré,Municipal,Carlos Tejedor,4773,1591,"5,177037502618898","0,03331238214959145",37,"0,5847762007381536",43,Agudos,"3,107649896623019","0,025671042729325196","1,6659011390712366","1,2976637724005347",Normal,Peor desempeno
47600034,Hosp. Munic. Gaspar Campos,Municipal,Lobería,11273,"3757,6666666666665","6,768562050918123","0,031136343475561074",105,"0,553849631381277","35,787301587301585",Agudos,"3,107649896623019","0,025671042729325196","2,178032364029583","1,2128974971473447",Normal,Peor desempeno
65100049,Hosp. Munic. Gobernador Ugarte,Municipal,Puán,3673,"1224,3333333333333","1,9975496869044378","0,04002178056084944",31,"0,21806569343065693","39,494623655913976",Agudos,"3,107649896623019","0,025671042729325196","0,6427846615138693","1,5590243443882685",Subutilizado,Dentro de banda
67200024,Hosp. Munic. Gral. E. Díaz Vélez,Municipal,Rauch,8666,"2888,6666666666665","5,5692360950842374","0,03242557119778444",87,"0,45356154039768437","33,20306513409962",Agudos,"3,107649896623019","0,025671042729325196","1,7921053787738908","1,2631185861703718",Normal,Peor desempeno
67200032,Hosp. Munic. Gral. E. Díaz Vélez,Provincial,Rauch,94,"31,333333333333332","813,2340425531914","0,2553191489361702","49,666666666666664","0,8702756412615464","0,6308724832214765",Estadia prolongada,"5,54963563866355","0,04447215295095595","146,53827665504767","5,741101610658181",Excluido (no agudo),Dentro de banda
15400041,Hosp. Munic. J. H. Ressano,Municipal,Carlos Tejedor,1753,"584,3333333333334","3,301197946377638","0,040501996577296064",19,"0,5046158284450428","30,75438596491228",Agudos,"3,107649896623019","0,025671042729325196","1,0622811629987476","1,5777308699279595",Normal,Dentro de banda
30100011,Hosp. Munic. Juan E. de la Fuente,Municipal,General Belgrano,10025,"3341,6666666666665","8,640399002493766","0,0343142144638404",73,"0,9548316178674927","45,77625570776256",Agudos,"3,107649896623019","0,025671042729325196","2,780364355676939","1,336689546492076",Saturado,Peor desempeno
10500056,Hosp. Munic. Juana G. de Miguens,Municipal,Bolívar,916,"305,3333333333333","4,224890829694323","0,05349344978165939",30,"0,1211374695863747","10,177777777777777",Agudos,"3,107649896623019","0,025671042729325196","1,359513127358836","2,0838051007780605",Subutilizado,Peor desempeno
39900100,Hosp. Munic. Laguna Alsina,Municipal,Guaminí,522,174,"3,917624521072797","0,032567049808429116",8,"0,28067974452554745","21,75",Agudos,"3,107649896623019","0,025671042729325196","1,2606389559293507","1,2686298001921947",Subutilizado,Dentro de banda
46200083,Hosp. Munic. Leandro N. Alem,Municipal,Leandro N. Alem,6456,2152,"3,045384138785626","0,04801734820322181",44,"0,44671575478191944","48,90909090909091",Agudos,"3,107649896623019","0,025671042729325196","0,9799637153769943","1,8704868637209433",Normal,Dentro de banda
20300055,Hosp. Munic. Lucero del Alba de Huanguelén,Municipal,Coronel Suárez,2828,"942,6666666666666","2,439179632248939","0,04384724186704385",20,"0,3460058836840914","47,13333333333333",Agudos,"3,107649896623019","0,025671042729325196","0,7848952466941388","1,7080428843256592",Subutilizado,Dentro de banda
32200021,Hosp. Munic. M. Etchegaray,Municipal,General La Madrid,13481,"4493,666666666667","4,314368370298939","0,0163192641495438","89,66666666666667","0,6393156495443753","50,11524163568773",Agudos,"3,107649896623019","0,025671042729325196","1,388305798213377","0,6357071008612193",Normal,Dentro de banda
63800481,Hosp. Munic. Mat. Inf. Comodoro H. Meisner,Municipal,Pilar,0,,,,,,,Sin internacion,"3,107649896623019","0,025671042729325196",,,Excluido (no agudo),Dentro de banda
58100025,Hosp. Munic. N. Cattoni,Municipal,Necochea,234,78,"64,41452991452991","0,23931623931623933",20,"0,6340054995417048","3,9",Estadia prolongada,"3,107649896623019","0,025671042729325196","20,727730618731236","9,322419889195134",Excluido (no agudo),Dentro de banda
49700168,Hosp. Munic. Ntra. Sra. de Luján,Nacional,Luján,940,"313,3333333333333","469,6244680851064","0,04893617021276596","539,3333333333334","0,769997558208012","0,580964153275649",Estadia prolongada,"8,741425180684324","0,0896213078490754","53,72401620765709","0,5460327614854241",Excluido (no agudo),Peor desempeno
49700141,Hosp. Munic. Ntra. Sra. de Luján,Provincial,Luján,15455,"5151,666666666667","3,6001294079585895","0,017017146554513102","123,66666666666667","0,6523706441806488","41,65768194070081",Agudos,"5,54963563866355","0,04447215295095595","0,6487145539568367","0,3826472393472759",Normal,Dentro de banda
49700150,Hosp. Munic. Ntra. Sra. de Luján,Provincial,Luján,1022,"340,6666666666667","1053,550880626223","0,015655577299412915","421,6666666666667","0,7573913777541121","0,807905138339921",Estadia prolongada,"5,54963563866355","0,04447215295095595","189,84145072268865","0,3520310185269857",Excluido (no agudo),Peor desempeno
02100014,Hosp. Munic. Ntra. Sra. de la Merced,Municipal,Alberti,,,,,,,,Sin internacion,"3,107649896623019","0,025671042729325196",,,Excluido (no agudo),Dentro de banda
2100014,Hosp. Munic. Ntra. Sra. de la Merced,Municipal,Alberti,9031,"3010,3333333333335","2,7081164876536374","0,018270401948842874",43,"0,6477960701009028","70,0077519379845",Agudos,"3,107649896623019","0,025671042729325196","0,8714355148552798","0,7117124980658369",Normal,Dentro de banda
21000039,Hosp. Munic. Ntra. Sra. del Carmen,Municipal,Chacabuco,58167,19389,"3,4875272921072087","0,013547200302577063","203,33333333333334","0,9601303370786517","95,35573770491803",Agudos,"3,107649896623019","0,025671042729325196","1,1222394439917411","0,5277230241645573",Saturado,Dentro de banda
56800149,Hosp. Munic. O. B. de Lavignolle,Municipal,Morón,20889,6963,"6,107664320934463","0,03135621619033941","181,33333333333334","0,679894712472445","38,39889705882353",Agudos,"3,107649896623019","0,025671042729325196","1,9653643505889968","1,2214625062549478",Normal,Peor desempeno
56800297,Hosp. Munic. O. B. de Lavignolle,Nacional,Morón,28235,"14117,5","8,688578006020895","0,06059854790154064","529,5","0,839545292781078","26,66194523135033",Agudos,"8,741425180684324","0,0896213078490754","0,9939543983308119","0,6761622805548672",Normal,Dentro de banda
63800205,Hosp. Munic. Pediátrico Dr. F. Falcón,Municipal,Pilar,39240,13080,"2,4857543323139653","0,0012232415902140672","89,33333333333333","0,9855543813930583","146,4179104477612",Agudos,"3,107649896623019","0,025671042729325196","0,7998823596619274","0,04765063901423462",Saturado,Dentro de banda
79100068,Hosp. Munic. Ramón Santamarina,Municipal,Tandil,18857,"6285,666666666667","4,806862173198282","0,05292464336851037",103,"0,8617744264967792","61,02588996763754",Agudos,"3,107649896623019","0,025671042729325196","1,5467836896368994","2,0616475897199202",Normal,Peor desempeno
72800013,Hosp. Munic. San Andrés,Municipal,San Andrés de Giles,7967,"2655,6666666666665","3,8629346052466422","0,047696749089996236",79,"0,3618566940774277","33,61603375527426",Agudos,"3,107649896623019","0,025671042729325196","1,2430404755195772","1,8579981184601464",Subutilizado,Dentro de banda
57400033,Hosp. Munic. San Antonio de Padua,Municipal,Navarro,11397,3799,"2,164078266210406","0,029218215319821005","39,666666666666664","0,5681160086408972","95,77310924369748",Agudos,"3,107649896623019","0,025671042729325196","0,6963713218023816","1,1381779707157635",Normal,Dentro de banda
40800076,Hosp. Munic. San Bernardino de Siena,Municipal,Hurlingham,21031,"7010,333333333333","2,5908420902477296","0,028529313870001426",75,"0,6748902108195565","93,47111111111111",Agudos,"3,107649896623019","0,025671042729325196","0,8336981888027711","1,1113422298740945",Normal,Dentro de banda
14000015,Hosp. Munic. San Carlos,Municipal,Capitán Sarmiento,14381,"4793,666666666667","2,2738335303525483","0,019122453236909812","45,333333333333336","0,7130949989957823","105,74264705882354",Agudos,"3,107649896623019","0,025671042729325196","0,7316890917549781","0,7449036425413825",Normal,Dentro de banda
26600018,Hosp. Munic. San José,Municipal,Exaltación De La Cruz,22188,7396,"3,5762574364521362","0,024878312601406164","91,66666666666667","0,8069951925469547","80,68363636363637",Agudos,"3,107649896623019","0,025671042729325196","1,1507916127676858","0,9691196755707372",Normal,Dentro de banda
11200021,Hosp. Munic. San Luis,Municipal,Bragado,11842,"3947,3333333333335","6,328576254011147","0,049315993919945955",70,"0,9490725038482611","56,39047619047619",Agudos,"3,107649896623019","0,025671042729325196","2,0364508437350692","1,9210748250444092",Saturado,Peor desempeno
07700028,Hosp. Munic. Santa Francisca Romana,Municipal,Arrecifes,,,,,,,,Sin internacion,"3,107649896623019","0,025671042729325196",,,Excluido (no agudo),Dentro de banda
7700028,Hosp. Munic. Santa Francisca Romana,Municipal,Arrecifes,11375,"3791,6666666666665","4,002197802197802","0,048527472527472526",92,"0,3813041667493009","41,21376811594203",Agudos,"3,107649896623019","0,025671042729325196","1,2878535019491286","1,8903584493682213",Subutilizado,Dentro de banda
59500591,Hosp. Munic. Sierras Bayas A. Iglesias,Municipal,Olavarría,181,"60,333333333333336","2,0939226519337018",0,"4,666666666666667","0,07253588516746412","12,928571428571429",Agudos,"3,107649896623019","0,025671042729325196","0,6737961873405041",0,Subutilizado,Dentro de banda
65100057,Hosp. Munic. Villa Iris,Municipal,Puán,557,"185,66666666666666","32,92818671454219","0,0843806104129264",36,"0,5452402676399026","5,157407407407407",Estadia prolongada,"3,107649896623019","0,025671042729325196","10,59584824864737","3,286995830384973",Excluido (no agudo),Peor desempeno
60200053,Hosp. Munic. de  Stroeder,Municipal,Patagones,1263,421,"2,2874109263657956","0,025336500395882817",14,"0,18083714846304774","30,071428571428573",Agudos,"3,107649896623019","0,025671042729325196","0,7360581154432647","0,9869681049979238",Subutilizado,Dentro de banda
5600034,Hosp. Munic. de Agudos Dr. Leónidas Lucero,Municipal,Bahía Blanca,27142,"9047,333333333334","4,383317367916882","0,0616756318620588","135,33333333333334","0,8651923414245813","66,85221674876847",Agudos,"3,107649896623019","0,025671042729325196","1,4104926596397132","2,4025370730891242",Normal,Peor desempeno
5600042,Hosp. Munic. de Agudos Dr. Leónidas Lucero,Provincial,Bahía Blanca,24279,8093,"5,339387948432802","0,020717492483215947","216,33333333333334","0,5692820874888493","37,409861325115564",Agudos,"5,54963563866355","0,04447215295095595","0,9621150461183468","0,4658531487347436",Normal,Dentro de banda
05600034,Hosp. Munic. de Agudos Dr. Leónidas Lucero,Municipal,Bahía Blanca,,,,,,,,Sin internacion,"3,107649896623019","0,025671042729325196",,,Excluido (no agudo),Dentro de banda
60200011,Hosp. Munic. de Agudos Dr. Pedro Ecay,Municipal,Patagones,9506,"3168,6666666666665","3,339575005259836","0,04576057227014517","91,33333333333333","0,51819745235667","34,693430656934304",Agudos,"3,107649896623019","0,025671042729325196","1,0746303851308485","1,782575517194352",Normal,Dentro de banda
22400022,Hosp. Munic. de Chivilcoy,Municipal,Chivilcoy,18245,"6081,666666666667","4,05607015620718","0,061441490819402575",118,"0,5410760271906828","51,53954802259887",Agudos,"3,107649896623019","0,025671042729325196","1,30518890194638","2,393416249867216",Normal,Peor desempeno
20300039,Hosp. Munic. de Cnel. Suárez,Municipal,Coronel Suárez,13750,"4583,333333333333","3,202109090909091","0,04690909090909091",85,"0,47151960045637525","53,92156862745098",Agudos,"3,107649896623019","0,025671042729325196","1,0303957001040298","1,8273153686704173",Normal,Dentro de banda
17500027,Hosp. Munic. de Colón,Municipal,Colón,10542,3514,"2,8695693416808954","0,04240182128628344",73,"0,44658586162764435","48,136986301369866",Agudos,"3,107649896623019","0,025671042729325196","0,923388874917719","1,6517373966210542",Normal,Dentro de banda
18900061,Hosp. Munic. de Oriente,Municipal,Coronel Dorrego,279,93,"75,63082437275986","0,12903225806451613","27,666666666666668","0,5387045813586098","3,36144578313253",Estadia prolongada,"3,107649896623019","0,025671042729325196","24,33698353696322","5,026373857307975",Excluido (no agudo),Dentro de banda
63000012,Hosp. Munic. de Pila,Municipal,Pila,780,260,"17,351282051282052","0,057692307692307696","41,666666666666664","0,5184360252282451","6,24",Agudos,"3,107649896623019","0,025671042729325196","5,583409530828141","2,24736908043097",Normal,Peor desempeno
10500048,Hosp. Munic. de Pirovano,Municipal,Bolívar,837,279,"5,479091995221028","0,017921146953405017","16,333333333333332","0,25652319357716324","17,081632653061224",Agudos,"3,107649896623019","0,025671042729325196","1,7630982181020383","0,6981074801816631",Subutilizado,Peor desempeno
72100020,Hosp. Munic. de Salliqueló,Municipal,Salliqueló,5319,1773,"3,626433540139124","0,02763677382966723",42,"0,4501041305102395","42,214285714285715",Agudos,"3,107649896623019","0,025671042729325196","1,166937609053018","1,0765738704527374",Normal,Dentro de banda
71400054,Hosp. Munic. de Salto Presidente J. D. Perón,Municipal,Salto,17798,"5932,666666666667","2,3373974603888077","0,024384762332846387","69,66666666666667","0,5614225831805083","85,15789473684211",Agudos,"3,107649896623019","0,025671042729325196","0,7521431107567107","0,9498937222752766",Normal,Dentro de banda
51501376,Hosp. Munic. de Trauma y Emerg. Dr. F. A. Abete,Municipal,Malvinas Argentinas,274795,"91598,33333333333","1,9463090667588565","0,017118215396932257",550,"0,7924989991245455","166,54242424242423",Agudos,"3,107649896623019","0,025671042729325196","0,6262961181289587","0,6668297652505305",Normal,Dentro de banda
60200061,Hosp. Munic. de Villalonga,Municipal,Patagones,1987,"662,3333333333334","2,686462003019628","0,019627579265223957","21,666666666666668","0,23152562574493443","30,56923076923077",Agudos,"3,107649896623019","0,025671042729325196","0,8644673925267187","0,7645805225824537",Subutilizado,Dentro de banda
69300018,Hosp. Munic.Dr. R. Carrillo,Municipal,Roque Pérez,4750,"1583,3333333333333","3,054315789473684","0,04610526315789474","50,333333333333336","0,2755124251768547","31,456953642384107",Agudos,"3,107649896623019","0,025671042729325196","0,9828378006134825","1,7960027430138865",Subutilizado,Dentro de banda
76000329,Hosp. Munic.Dr. Raúl F. Larcade,Municipal,San Miguel,73613,"24537,666666666668","3,0615516281091657","0,01907271813402524","224,33333333333334","0,9080591301514904","109,38038632986627",Agudos,"3,107649896623019","0,025671042729325196","0,9851661963067504","0,7429662415791787",Saturado,Dentro de banda
39200051,Hosp. Munic.de Gral. Villegas Ntra. Sra del Carmen,Municipal,General Villegas,11246,"3748,6666666666665","3,544015650008892","0,04010314778587942","54,333333333333336","0,7918802130439152","68,99386503067484",Agudos,"3,107649896623019","0,025671042729325196","1,1404166389077668","1,5621939556069446",Normal,Dentro de banda
46600049,Hosp. Municipal Quijano,Municipal,Lezama,1195,"398,3333333333333","26,17489539748954","0,07029288702928871","50,333333333333336","0,6662605691426493","7,913907284768212",Agudos,"3,107649896623019","0,025671042729325196","8,422729801684849","2,738217055320077",Normal,Peor desempeno
51501180,Hosp. Odontológico,Municipal,Malvinas Argentinas,0,,,,,,,Sin internacion,"3,107649896623019","0,025671042729325196",,,Excluido (no agudo),Dentro de banda
76001368,Hosp. Odontológico,Municipal,San Miguel,0,,,,,,,Sin internacion,"3,107649896623019","0,025671042729325196",,,Excluido (no agudo),Dentro de banda
41201163,Hosp. Odontológico Eva Perón,Municipal,José C. Paz,0,,,,,,,Sin internacion,"3,107649896623019","0,025671042729325196",,,Excluido (no agudo),Dentro de banda
51501210,Hosp. Oftalmológico Medalla Milagrosa,Municipal,Malvinas Argentinas,0,,,,,,,Sin internacion,"3,107649896623019","0,025671042729325196",,,Excluido (no agudo),Dentro de banda
76001376,Hosp. Oftalmológico Mon. José Barbich,Municipal,San Miguel,0,,,,,,,Sin internacion,"3,107649896623019","0,025671042729325196",,,Excluido (no agudo),Dentro de banda
41201187,Hosp. Oftalmológico Pte. J.D.Perón,Municipal,José C. Paz,0,,,,,,,Sin internacion,"3,107649896623019","0,025671042729325196",,,Excluido (no agudo),Dentro de banda
70000036,Hosp. Psiquiátrico de Pigüé,Municipal,Saavedra,0,,,,,,,Sin internacion,"3,107649896623019","0,025671042729325196",,,Excluido (no agudo),Dentro de banda
21800014,Hosp. San Vicente de Paul,Municipal,Chascomús,8150,"2716,6666666666665","4,8138650306748465","0,07386503067484662","61,666666666666664","0,5897757265663015","44,054054054054056",Agudos,"3,107649896623019","0,025671042729325196","1,5490371151222393","2,8773677584380803",Normal,Peor desempeno
77000082,Hosp. Santa Lucía,Municipal,San Pedro,1526,"508,6666666666667","30,711664482306684","0,022935779816513763",68,"0,8622017659214729","7,480392156862745",Estadia prolongada,"3,107649896623019","0,025671042729325196","9,882601162917368","0,8934494815168993",Excluido (no agudo),Peor desempeno
65800199,Hosp. Subz. Esp. Mat. Infantil Dr. Eduardo Oller,Municipal,Quilmes,9387,3129,"4,075103867050176","0,01299669756045595","116,33333333333333","0,30096638062218595","26,896848137535816",Agudos,"3,107649896623019","0,025671042729325196","1,3113136944668244","0,5062785215814095",Subutilizado,Dentro de banda
02800091,Hosp. Subz. Esp. de Rehab. Dr. J. M. Jorge,Provincial,Almirante Brown,,,,,,,,Sin internacion,"5,54963563866355","0,04447215295095595",,,Excluido (no agudo),Dentro de banda
77000074,Hosp. Subz. Gral. Dr. E. Ruffo,Municipal,San Pedro,18423,6141,"3,269608641372198","0,04326114096509798",76,"0,7045544792732086","80,80263157894737",Agudos,"3,107649896623019","0,025671042729325196","1,052116148902479","1,6852116768781977",Normal,Dentro de banda
07000034,Hosp. Subz. Gral. Dr. L. Piñeiro,Municipal,Baradero,,,,,,,,Sin internacion,"3,107649896623019","0,025671042729325196",,,Excluido (no agudo),Dentro de banda
7000034,Hosp. Subz. Gral. Dr. L. Piñeiro,Municipal,Baradero,8389,"2796,3333333333335","2,6470377875789723","0,026463225652640362",42,"0,5822036843934654","66,57936507936508",Agudos,"3,107649896623019","0,025671042729325196","0,851781209477754","1,030859008403668",Normal,Dentro de banda
10500021,Hosp. Subz. Gral. Dr. M. A. Capredoni,Municipal,Bolívar,19071,6357,"3,1836295946725395","0,03639033086885848",119,"0,6106356734062196","53,42016806722689",Agudos,"3,107649896623019","0,025671042729325196","1,0244492464006596","1,4175634099696368",Normal,Dentro de banda
77800017,Hosp. Subz. Gral. Dr. R. Carrillo,Provincial,San Vicente,7415,"2471,6666666666665","5,504517869184086","0,07053270397842212","62,333333333333336","0,5912166119962512","39,6524064171123",Agudos,"5,54963563866355","0,04447215295095595","0,9918701384348309","1,5859970632905012",Normal,Dentro de banda
58100211,Hosp. Subz. Gral. José Irurzún,Municipal,Necochea,1706,"568,6666666666666","4,2596717467760845","0,07151230949589683",20,"0,2375370581527936","28,433333333333334",Agudos,"3,107649896623019","0,025671042729325196","1,3707051593568922","2,7857189226756685",Subutilizado,Peor desempeno
68600034,Hosp. Subz. Gral. S. Unzué,Municipal,Rojas,10535,"3511,6666666666665","4,444328429046037","0,04167062173706692",119,"0,5147595534564191","29,50980392156863",Agudos,"3,107649896623019","0,025671042729325196","1,4301251997129867","1,62325395880646",Normal,Dentro de banda
03500199,Hosp. Subz. Mat. Infantil Ana Goittia,Provincial,Avellaneda,,,,,,,,Sin internacion,"5,54963563866355","0,04447215295095595",,,Excluido (no agudo),Dentro de banda
06300093,Hosp. Subz. Munic. de Balcarce,Municipal,Balcarce,,,,,,,,Sin internacion,"3,107649896623019","0,025671042729325196",,,Excluido (no agudo),Dentro de banda
6300093,Hosp. Subz. Munic. de Balcarce,Municipal,Balcarce,27064,"9021,333333333334","2,202483003251552","0,026751404079219627","73,66666666666667","0,7239750754166461","122,46153846153847",Agudos,"3,107649896623019","0,025671042729325196","0,7087294503943053","1,0420848253530537",Normal,Dentro de banda
50500038,Hosp. Subz. Santa María Magdalena,Municipal,Magdalena,9123,3041,"6,927326537323249","0,025101392085936643",68,"0,7346558541652705","44,720588235294116",Agudos,"3,107649896623019","0,025671042729325196","2,2291206434968585","0,9778096024616166",Normal,Peor desempeno
38500027,Hosp. Subz. de Gral. Viamonte,Municipal,General Viamonte,21874,"7291,333333333333","2,0446191825912043","0,012983450672030722",52,"0,783162907970304","140,21794871794873",Agudos,"3,107649896623019","0,025671042729325196","0,6579309930674704","0,5057624970254573",Normal,Dentro de banda
51100011,Hosp. Subz. de Maipú,Municipal,Maipú,6832,"2277,3333333333335","14,5846018735363","0,03454332552693208","83,66666666666667","0,8327716152394664","27,219123505976096",Agudos,"3,107649896623019","0,025671042729325196","4,693129007030332","1,3456144298911425",Normal,Peor desempeno
60900080,Hosp. Zonal Dr. J. C. Aramburu,Municipal,Pehuajó,16090,"5363,333333333333","4,190926041019266","0,0401491609695463",70,"1,0497112990889303","76,61904761904762",Agudos,"3,107649896623019","0,025671042729325196","1,3485837145211912","1,5639863714488735",Anomalia de datos,Dentro de banda
04900042,Hosp. Zonal Esp. Mat. Infantil A. Diego,Provincial,Azul,,,,,,,,Sin internacion,"5,54963563866355","0,04447215295095595",,,Excluido (no agudo),Dentro de banda
87500202,Hosp. Zonal Esp. Odontología y Ortodoncia Dr. J. U. Carrea,Municipal,Villarino,0,,,,,,,Sin internacion,"3,107649896623019","0,025671042729325196",,,Excluido (no agudo),Dentro de banda
87500016,Hosp. Zonal Esp. Odontología y Ortodoncia Dr. J. U. Carrea,Municipal,Villarino,537,179,"2,191806331471136","0,0260707635009311",11,"0,09771068347710683","16,272727272727273",Agudos,"3,107649896623019","0,025671042729325196","0,7052938408064885","1,0155708817838274",Subutilizado,Dentro de banda
86100731,Hosp. Zonal Esp. Odontología y Ortodoncia Dr. J. U. Carrea,Municipal,Vicente López,0,,,,,,,Sin internacion,"3,107649896623019","0,025671042729325196",,,Excluido (no agudo),Dentro de banda
87500148,Hosp. Zonal Esp. Odontología y Ortodoncia Dr. J. U. Carrea,Municipal,Villarino,0,,,,,,,Sin internacion,"3,107649896623019","0,025671042729325196",,,Excluido (no agudo),Dentro de banda
87500156,Hosp. Zonal Esp. Odontología y Ortodoncia Dr. J. U. Carrea,Municipal,Villarino,0,,,,,,,Sin internacion,"3,107649896623019","0,025671042729325196",,,Excluido (no agudo),Dentro de banda
86102162,Hosp. Zonal Esp. Odontología y Ortodoncia Dr. J. U. Carrea,Municipal,Vicente López,0,,,,,,,Sin internacion,"3,107649896623019","0,025671042729325196",,,Excluido (no agudo),Dentro de banda
86101258,Hosp. Zonal Esp. Odontología y Ortodoncia Dr. J. U. Carrea,Municipal,Vicente López,0,,,,,,,Sin internacion,"3,107649896623019","0,025671042729325196",,,Excluido (no agudo),Dentro de banda
87500059,Hosp. Zonal Esp. Odontología y Ortodoncia Dr. J. U. Carrea,Municipal,Villarino,0,,,,,,,Sin internacion,"3,107649896623019","0,025671042729325196",,,Excluido (no agudo),Dentro de banda
86100111,Hosp. Zonal Esp. Odontología y Ortodoncia Dr. J. U. Carrea,Provincial,Vicente López,0,,,,,,,Sin internacion,"5,54963563866355","0,04447215295095595",,,Excluido (no agudo),Dentro de banda
86101037,Hosp. Zonal Esp. Odontología y Ortodoncia Dr. J. U. Carrea,Municipal,Vicente López,0,,,,,,,Sin internacion,"3,107649896623019","0,025671042729325196",,,Excluido (no agudo),Dentro de banda
86101029,Hosp. Zonal Esp. Odontología y Ortodoncia Dr. J. U. Carrea,Municipal,Vicente López,0,,,,,,,Sin internacion,"3,107649896623019","0,025671042729325196",,,Excluido (no agudo),Dentro de banda
87500211,Hosp. Zonal Esp. Odontología y Ortodoncia Dr. J. U. Carrea,Municipal,Villarino,1453,"484,3333333333333","42,24432209222299","0,03303509979353063","55,666666666666664","0,595668106268813","8,70059880239521",Estadia prolongada,"3,107649896623019","0,025671042729325196","13,593655494503581","1,286862405312159",Excluido (no agudo),Peor desempeno
87500083,Hosp. Zonal Esp. Odontología y Ortodoncia Dr. J. U. Carrea,Municipal,Villarino,1238,"412,6666666666667","2,9596122778675285","0,025040387722132473",12,"0,2778284671532847","34,388888888888886",Agudos,"3,107649896623019","0,025671042729325196","0,9523634824771098","0,9754332142312124",Subutilizado,Dentro de banda
87500248,Hosp. Zonal Esp. Odontología y Ortodoncia Dr. J. U. Carrea,Municipal,Villarino,0,,,,,,,Sin internacion,"3,107649896623019","0,025671042729325196",,,Excluido (no agudo),Dentro de banda
86101011,Hosp. Zonal Esp. Odontología y Ortodoncia Dr. J. U. Carrea,Municipal,Vicente López,0,,,,,,,Sin internacion,"3,107649896623019","0,025671042729325196",,,Excluido (no agudo),Dentro de banda
87500229,Hosp. Zonal Esp. Odontología y Ortodoncia Dr. J. U. Carrea,Municipal,Villarino,66,22,"448,6818181818182","0,10606060606060606",20,"0,8342153284671533","1,1",Estadia prolongada,"3,107649896623019","0,025671042729325196","144,37978315040763","4,131526996347843",Excluido (no agudo),Dentro de banda
86101274,Hosp. Zonal Esp. Odontología y Ortodoncia Dr. J. U. Carrea,Municipal,Vicente López,0,,,,,,,Sin internacion,"3,107649896623019","0,025671042729325196",,,Excluido (no agudo),Dentro de banda
86101002,Hosp. Zonal Esp. Odontología y Ortodoncia Dr. J. U. Carrea,Municipal,Vicente López,0,,,,,,,Sin internacion,"3,107649896623019","0,025671042729325196",,,Excluido (no agudo),Dentro de banda
86101045,Hosp. Zonal Esp. Odontología y Ortodoncia Dr. J. U. Carrea,Municipal,Vicente López,0,,,,,,,Sin internacion,"3,107649896623019","0,025671042729325196",,,Excluido (no agudo),Dentro de banda
87500164,Hosp. Zonal Esp. Odontología y Ortodoncia Dr. J. U. Carrea,Municipal,Villarino,0,,,,,,,Sin internacion,"3,107649896623019","0,025671042729325196",,,Excluido (no agudo),Dentro de banda
86100146,Hosp. Zonal Esp. Odontología y Ortodoncia Dr. J. U. Carrea,Municipal,Vicente López,69480,23160,"3,109412780656304","0,0383419689119171","199,33333333333334","1,0273410987801523","116,18729096989966",Agudos,"3,107649896623019","0,025671042729325196","1,0005672724058141","1,493588293868458",Anomalia de datos,Dentro de banda
86800083,Hosp. Zonal Esp. Odontología y Ortodoncia Dr. J. U. Carrea,Municipal,Villa Gesell,0,,,,,,,Sin internacion,"3,107649896623019","0,025671042729325196",,,Excluido (no agudo),Dentro de banda
86100804,Hosp. Zonal Esp. Odontología y Ortodoncia Dr. J. U. Carrea,Municipal,Vicente López,0,,,,,,,Sin internacion,"3,107649896623019","0,025671042729325196",,,Excluido (no agudo),Dentro de banda
86100961,Hosp. Zonal Esp. Odontología y Ortodoncia Dr. J. U. Carrea,Municipal,Vicente López,0,,,,,,,Sin internacion,"3,107649896623019","0,025671042729325196",,,Excluido (no agudo),Dentro de banda
86101070,Hosp. Zonal Esp. Odontología y Ortodoncia Dr. J. U. Carrea,Municipal,Vicente López,0,,,,,,,Sin internacion,"3,107649896623019","0,025671042729325196",,,Excluido (no agudo),Dentro de banda
86101207,Hosp. Zonal Esp. Odontología y Ortodoncia Dr. J. U. Carrea,Municipal,Vicente López,0,,,,,,,Sin internacion,"3,107649896623019","0,025671042729325196",,,Excluido (no agudo),Dentro de banda
87500041,Hosp. Zonal Esp. Odontología y Ortodoncia Dr. J. U. Carrea,Municipal,Villarino,904,"301,3333333333333","4,283185840707965","0,07411504424778761",28,"0,1271951259244779","10,761904761904763",Agudos,"3,107649896623019","0,025671042729325196","1,37827167898236","2,887106886512352",Subutilizado,Peor desempeno
86101169,Hosp. Zonal Esp. Odontología y Ortodoncia Dr. J. U. Carrea,Municipal,Vicente López,0,,,,,,,Sin internacion,"3,107649896623019","0,025671042729325196",,,Excluido (no agudo),Dentro de banda
86101134,Hosp. Zonal Esp. Odontología y Ortodoncia Dr. J. U. Carrea,Municipal,Vicente López,0,,,,,,,Sin internacion,"3,107649896623019","0,025671042729325196",,,Excluido (no agudo),Dentro de banda
86101118,Hosp. Zonal Esp. Odontología y Ortodoncia Dr. J. U. Carrea,Municipal,Vicente López,0,,,,,,,Sin internacion,"3,107649896623019","0,025671042729325196",,,Excluido (no agudo),Dentro de banda
86800010,Hosp. Zonal Esp. Odontología y Ortodoncia Dr. J. U. Carrea,Municipal,Villa Gesell,12088,"4029,3333333333335","3,0514559894109863","0,03755790866975513",39,"0,8544647031323048","103,31623931623932",Agudos,"3,107649896623019","0,025671042729325196","0,981917555361337","1,4630456996143373",Normal,Dentro de banda
86800075,Hosp. Zonal Esp. Odontología y Ortodoncia Dr. J. U. Carrea,Municipal,Villa Gesell,0,,,,,,,Sin internacion,"3,107649896623019","0,025671042729325196",,,Excluido (no agudo),Dentro de banda
86100987,Hosp. Zonal Esp. Odontología y Ortodoncia Dr. J. U. Carrea,Municipal,Vicente López,0,,,,,,,Sin internacion,"3,107649896623019","0,025671042729325196",,,Excluido (no agudo),Dentro de banda
86800091,Hosp. Zonal Esp. Odontología y Ortodoncia Dr. J. U. Carrea,Municipal,Villa Gesell,0,,,,,,,Sin internacion,"3,107649896623019","0,025671042729325196",,,Excluido (no agudo),Dentro de banda
86800105,Hosp. Zonal Esp. Odontología y Ortodoncia Dr. J. U. Carrea,Municipal,Villa Gesell,0,,,,,,,Sin internacion,"3,107649896623019","0,025671042729325196",,,Excluido (no agudo),Dentro de banda
86100995,Hosp. Zonal Esp. Odontología y Ortodoncia Dr. J. U. Carrea,Municipal,Vicente López,0,,,,,,,Sin internacion,"3,107649896623019","0,025671042729325196",,,Excluido (no agudo),Dentro de banda
86101096,Hosp. Zonal Esp. Odontología y Ortodoncia Dr. J. U. Carrea,Municipal,Vicente López,0,,,,,,,Sin internacion,"3,107649896623019","0,025671042729325196",,,Excluido (no agudo),Dentro de banda
86101061,Hosp. Zonal Esp. Odontología y Ortodoncia Dr. J. U. Carrea,Municipal,Vicente López,0,,,,,,,Sin internacion,"3,107649896623019","0,025671042729325196",,,Excluido (no agudo),Dentro de banda
87500245,Hosp. Zonal Esp. Odontología y Ortodoncia Dr. J. U. Carrea,Municipal,Villarino,76,"25,333333333333332","309,2894736842105","0,05263157894736842",13,"0,8592083099382369","1,9487179487179487",Estadia prolongada,"3,107649896623019","0,025671042729325196","99,5251987749023","2,050231441796674",Excluido (no agudo),Dentro de banda
86100197,Hosp. Zonal Esp. Odontología y Ortodoncia Dr. J. U. Carrea,Municipal,Vicente López,0,,,,,,,Sin internacion,"3,107649896623019","0,025671042729325196",,,Excluido (no agudo),Dentro de banda
86101088,Hosp. Zonal Esp. Odontología y Ortodoncia Dr. J. U. Carrea,Municipal,Vicente López,0,,,,,,,Sin internacion,"3,107649896623019","0,025671042729325196",,,Excluido (no agudo),Dentro de banda
87500199,Hosp. Zonal Esp. Odontología y Ortodoncia Dr. J. U. Carrea,Municipal,Villarino,0,,,,,,,Sin internacion,"3,107649896623019","0,025671042729325196",,,Excluido (no agudo),Dentro de banda
87500181,Hosp. Zonal Esp. Odontología y Ortodoncia Dr. J. U. Carrea,Municipal,Villarino,0,,,,,,,Sin internacion,"3,107649896623019","0,025671042729325196",,,Excluido (no agudo),Dentro de banda
86102347,Hosp. Zonal Esp. Odontología y Ortodoncia Dr. J. U. Carrea,Municipal,Vicente López,2775,925,"2,5347747747747746","0,001081081081081081","5,333333333333333","0,8240616621983914","173,4375",Agudos,"3,107649896623019","0,025671042729325196","0,8156564796855756","0,042112862047715464",Normal,Dentro de banda
87500172,Hosp. Zonal Esp. Odontología y Ortodoncia Dr. J. U. Carrea,Municipal,Villarino,0,,,,,,,Sin internacion,"3,107649896623019","0,025671042729325196",,,Excluido (no agudo),Dentro de banda
09100711,Hosp. Zonal Gral. de  Ag. Evita Pueblo,Provincial,Berazategui,,,,,,,,Sin internacion,"5,54963563866355","0,04447215295095595",,,Excluido (no agudo),Dentro de banda
84000381,Hosp. Zonal Gral. de Ag.  Prof. Dr. R. Carrillo,Municipal,Tres de Febrero,0,,,,,,,Sin internacion,"3,107649896623019","0,025671042729325196",,,Excluido (no agudo),Dentro de banda
84000322,Hosp. Zonal Gral. de Ag.  Prof. Dr. R. Carrillo,Municipal,Tres de Febrero,0,,,,,,,Sin internacion,"3,107649896623019","0,025671042729325196",,,Excluido (no agudo),Dentro de banda
84000101,Hosp. Zonal Gral. de Ag.  Prof. Dr. R. Carrillo,Municipal,Tres de Febrero,0,,,,,,,Sin internacion,"3,107649896623019","0,025671042729325196",,,Excluido (no agudo),Dentro de banda
84000306,Hosp. Zonal Gral. de Ag.  Prof. Dr. R. Carrillo,Municipal,Tres de Febrero,0,,,,,,,Sin internacion,"3,107649896623019","0,025671042729325196",,,Excluido (no agudo),Dentro de banda
84000047,Hosp. Zonal Gral. de Ag.  Prof. Dr. R. Carrillo,Municipal,Tres de Febrero,0,,,,,,,Sin internacion,"3,107649896623019","0,025671042729325196",,,Excluido (no agudo),Dentro de banda
84000063,Hosp. Zonal Gral. de Ag.  Prof. Dr. R. Carrillo,Municipal,Tres de Febrero,0,,,,,,,Sin internacion,"3,107649896623019","0,025671042729325196",,,Excluido (no agudo),Dentro de banda
84000071,Hosp. Zonal Gral. de Ag.  Prof. Dr. R. Carrillo,Municipal,Tres de Febrero,0,,,,,,,Sin internacion,"3,107649896623019","0,025671042729325196",,,Excluido (no agudo),Dentro de banda
84000284,Hosp. Zonal Gral. de Ag.  Prof. Dr. R. Carrillo,Municipal,Tres de Febrero,0,,,,,,,Sin internacion,"3,107649896623019","0,025671042729325196",,,Excluido (no agudo),Dentro de banda
84000152,Hosp. Zonal Gral. de Ag.  Prof. Dr. R. Carrillo,Municipal,Tres de Febrero,0,,,,,,,Sin internacion,"3,107649896623019","0,025671042729325196",,,Excluido (no agudo),Dentro de banda
84000420,Hosp. Zonal Gral. de Ag.  Prof. Dr. R. Carrillo,Municipal,Tres de Febrero,0,,,,,,,Sin internacion,"3,107649896623019","0,025671042729325196",,,Excluido (no agudo),Dentro de banda
84000292,Hosp. Zonal Gral. de Ag.  Prof. Dr. R. Carrillo,Municipal,Tres de Febrero,0,,,,,,,Sin internacion,"3,107649896623019","0,025671042729325196",,,Excluido (no agudo),Dentro de banda
84000021,Hosp. Zonal Gral. de Ag.  Prof. Dr. R. Carrillo,Provincial,Tres de Febrero,8779,"2926,3333333333335","13,290351976307097","0,10206173823897938","158,33333333333334","0,7189739394916933","18,482105263157894",Agudos,"5,54963563866355","0,04447215295095595","2,3948152350246272","2,294958338345648",Normal,Peor desempeno
84000314,Hosp. Zonal Gral. de Ag.  Prof. Dr. R. Carrillo,Municipal,Tres de Febrero,0,,,,,,,Sin internacion,"3,107649896623019","0,025671042729325196",,,Excluido (no agudo),Dentro de banda
02800083,Hosp. Zonal Gral. de Ag. Dr. Lucio Meléndez,Provincial,Almirante Brown,,,,,,,,Sin internacion,"5,54963563866355","0,04447215295095595",,,Excluido (no agudo),Dentro de banda
88200105,Hosp. Zonal Gral. de Ag. Virgen del Carmen,Municipal,Zárate,0,,,,,,,Sin internacion,"3,107649896623019","0,025671042729325196",,,Excluido (no agudo),Dentro de banda
88200156,Hosp. Zonal Gral. de Ag. Virgen del Carmen,Municipal,Zárate,0,,,,,,,Sin internacion,"3,107649896623019","0,025671042729325196",,,Excluido (no agudo),Dentro de banda
88200512,Hosp. Zonal Gral. de Ag. Virgen del Carmen,Municipal,Zárate,0,,,,,,,Sin internacion,"3,107649896623019","0,025671042729325196",,,Excluido (no agudo),Dentro de banda
88200164,Hosp. Zonal Gral. de Ag. Virgen del Carmen,Municipal,Zárate,0,,,,,,,Sin internacion,"3,107649896623019","0,025671042729325196",,,Excluido (no agudo),Dentro de banda
88200172,Hosp. Zonal Gral. de Ag. Virgen del Carmen,Municipal,Zárate,0,,,,,,,Sin internacion,"3,107649896623019","0,025671042729325196",,,Excluido (no agudo),Dentro de banda
88200181,Hosp. Zonal Gral. de Ag. Virgen del Carmen,Municipal,Zárate,0,,,,,,,Sin internacion,"3,107649896623019","0,025671042729325196",,,Excluido (no agudo),Dentro de banda
88200261,Hosp. Zonal Gral. de Ag. Virgen del Carmen,Municipal,Zárate,0,,,,,,,Sin internacion,"3,107649896623019","0,025671042729325196",,,Excluido (no agudo),Dentro de banda
88200318,Hosp. Zonal Gral. de Ag. Virgen del Carmen,Municipal,Zárate,0,,,,,,,Sin internacion,"3,107649896623019","0,025671042729325196",,,Excluido (no agudo),Dentro de banda
88200270,Hosp. Zonal Gral. de Ag. Virgen del Carmen,Municipal,Zárate,0,,,,,,,Sin internacion,"3,107649896623019","0,025671042729325196",,,Excluido (no agudo),Dentro de banda
88200288,Hosp. Zonal Gral. de Ag. Virgen del Carmen,Municipal,Zárate,0,,,,,,,Sin internacion,"3,107649896623019","0,025671042729325196",,,Excluido (no agudo),Dentro de banda
88200091,Hosp. Zonal Gral. de Ag. Virgen del Carmen,Municipal,Zárate,0,,,,,,,Sin internacion,"3,107649896623019","0,025671042729325196",,,Excluido (no agudo),Dentro de banda
88200296,Hosp. Zonal Gral. de Ag. Virgen del Carmen,Municipal,Zárate,0,,,,,,,Sin internacion,"3,107649896623019","0,025671042729325196",,,Excluido (no agudo),Dentro de banda
88200300,Hosp. Zonal Gral. de Ag. Virgen del Carmen,Municipal,Zárate,0,,,,,,,Sin internacion,"3,107649896623019","0,025671042729325196",,,Excluido (no agudo),Dentro de banda
88200199,Hosp. Zonal Gral. de Ag. Virgen del Carmen,Municipal,Zárate,0,,,,,,,Sin internacion,"3,107649896623019","0,025671042729325196",,,Excluido (no agudo),Dentro de banda
88200377,Hosp. Zonal Gral. de Ag. Virgen del Carmen,Municipal,Zárate,0,,,,,,,Sin internacion,"3,107649896623019","0,025671042729325196",,,Excluido (no agudo),Dentro de banda
88200504,Hosp. Zonal Gral. de Ag. Virgen del Carmen,Municipal,Zárate,0,,,,,,,Sin internacion,"3,107649896623019","0,025671042729325196",,,Excluido (no agudo),Dentro de banda
88200385,Hosp. Zonal Gral. de Ag. Virgen del Carmen,Municipal,Zárate,0,,,,,,,Sin internacion,"3,107649896623019","0,025671042729325196",,,Excluido (no agudo),Dentro de banda
88200679,Hosp. Zonal Gral. de Ag. Virgen del Carmen,Municipal,Zárate,0,,,,,,,Sin internacion,"3,107649896623019","0,025671042729325196",,,Excluido (no agudo),Dentro de banda
88200687,Hosp. Zonal Gral. de Ag. Virgen del Carmen,Municipal,Zárate,0,,,,,,,Sin internacion,"3,107649896623019","0,025671042729325196",,,Excluido (no agudo),Dentro de banda
88200695,Hosp. Zonal Gral. de Ag. Virgen del Carmen,Municipal,Zárate,0,,,,,,,Sin internacion,"3,107649896623019","0,025671042729325196",,,Excluido (no agudo),Dentro de banda
88200083,Hosp. Zonal Gral. de Ag. Virgen del Carmen,Municipal,Zárate,0,,,,,,,Sin internacion,"3,107649896623019","0,025671042729325196",,,Excluido (no agudo),Dentro de banda
88200881,Hosp. Zonal Gral. de Ag. Virgen del Carmen,Municipal,Zárate,5634,1878,"1,452964146254881","0,003017394391196308","9,666666666666666","0,7009538058724518","194,27586206896552",Agudos,"3,107649896623019","0,025671042729325196","0,4675443484910477","0,11754078020950047",Normal,Dentro de banda
88200415,Hosp. Zonal Gral. de Ag. Virgen del Carmen,Municipal,Zárate,0,,,,,,,Sin internacion,"3,107649896623019","0,025671042729325196",,,Excluido (no agudo),Dentro de banda
88200636,Hosp. Zonal Gral. de Ag. Virgen del Carmen,Municipal,Zárate,0,,,,,,,Sin internacion,"3,107649896623019","0,025671042729325196",,,Excluido (no agudo),Dentro de banda
88200571,Hosp. Zonal Gral. de Ag. Virgen del Carmen,Municipal,Zárate,0,,,,,,,Sin internacion,"3,107649896623019","0,025671042729325196",,,Excluido (no agudo),Dentro de banda
88200407,Hosp. Zonal Gral. de Ag. Virgen del Carmen,Municipal,Zárate,0,,,,,,,Sin internacion,"3,107649896623019","0,025671042729325196",,,Excluido (no agudo),Dentro de banda
88200491,Hosp. Zonal Gral. de Ag. Virgen del Carmen,Municipal,Zárate,0,,,,,,,Sin internacion,"3,107649896623019","0,025671042729325196",,,Excluido (no agudo),Dentro de banda
88200482,Hosp. Zonal Gral. de Ag. Virgen del Carmen,Municipal,Zárate,0,,,,,,,Sin internacion,"3,107649896623019","0,025671042729325196",,,Excluido (no agudo),Dentro de banda
88200059,Hosp. Zonal Gral. de Ag. Virgen del Carmen,Provincial,Zárate,16960,"5653,333333333333","4,240507075471698","0,05188679245283019",124,"0,5364939587827738","45,59139784946237",Agudos,"5,54963563866355","0,04447215295095595","0,7641054929676225","1,1667254452477518",Normal,Dentro de banda
88200563,Hosp. Zonal Gral. de Ag. Virgen del Carmen,Municipal,Zárate,0,,,,,,,Sin internacion,"3,107649896623019","0,025671042729325196",,,Excluido (no agudo),Dentro de banda
88200539,Hosp. Zonal Gral. de Ag. Virgen del Carmen,Municipal,Zárate,0,,,,,,,Sin internacion,"3,107649896623019","0,025671042729325196",,,Excluido (no agudo),Dentro de banda
88200393,Hosp. Zonal Gral. de Ag. Virgen del Carmen,Municipal,Zárate,0,,,,,,,Sin internacion,"3,107649896623019","0,025671042729325196",,,Excluido (no agudo),Dentro de banda
88200661,Hosp. Zonal Gral. de Ag. Virgen del Carmen,Municipal,Zárate,0,,,,,,,Sin internacion,"3,107649896623019","0,025671042729325196",,,Excluido (no agudo),Dentro de banda
84000497,Hosp. Zonal Gral. de Agudos Dr. C. A. Bocalandro,Provincial,Tres de Febrero,15784,"5261,333333333333","6,596236695387734","0,06525595539787127","128,33333333333334","0,7125739981785064","40,9974025974026",Agudos,"5,54963563866355","0,04447215295095595","1,1885891479852584","1,4673441933390492",Normal,Dentro de banda
84000543,Hosp. Zonal Gral. de Agudos Dr. C. A. Bocalandro,Municipal,Tres de Febrero,0,,,,,,,Sin internacion,"3,107649896623019","0,025671042729325196",,,Excluido (no agudo),Dentro de banda
84001086,Hosp. Zonal Gral. de Agudos Dr. C. A. Bocalandro,Municipal,Tres de Febrero,0,,,,,,,Sin internacion,"3,107649896623019","0,025671042729325196",,,Excluido (no agudo),Dentro de banda
84000501,Hosp. Zonal Gral. de Agudos Dr. C. A. Bocalandro,Municipal,Tres de Febrero,0,,,,,,,Sin internacion,"3,107649896623019","0,025671042729325196",,,Excluido (no agudo),Dentro de banda
84000527,Hosp. Zonal Gral. de Agudos Dr. C. A. Bocalandro,Municipal,Tres de Febrero,0,,,,,,,Sin internacion,"3,107649896623019","0,025671042729325196",,,Excluido (no agudo),Dentro de banda
84001094,Hosp. Zonal Gral. de Agudos Dr. C. A. Bocalandro,Municipal,Tres de Febrero,0,,,,,,,Sin internacion,"3,107649896623019","0,025671042729325196",,,Excluido (no agudo),Dentro de banda
84000519,Hosp. Zonal Gral. de Agudos Dr. C. A. Bocalandro,Municipal,Tres de Febrero,0,,,,,,,Sin internacion,"3,107649896623019","0,025671042729325196",,,Excluido (no agudo),Dentro de banda
84000535,Hosp. Zonal Gral. de Agudos Dr. C. A. Bocalandro,Municipal,Tres de Febrero,0,,,,,,,Sin internacion,"3,107649896623019","0,025671042729325196",,,Excluido (no agudo),Dentro de banda
09800071,Hosp. Zonal Gral. de Agudos Dr. M. V. Larraín,Provincial,Berisso,,,,,,,,Sin internacion,"5,54963563866355","0,04447215295095595",,,Excluido (no agudo),Dentro de banda
86100057,Hosp. Zonal del Tórax Dr. Cetrángolo,Provincial,Vicente López,2629,"876,3333333333334","8,783187523773298","0,12248003042982122",23,"0,9440952042066975","38,10144927536232",Agudos,"5,54963563866355","0,04447215295095595","1,582660213326806","2,7540836748985966",Saturado,Peor desempeno
86100073,Hosp. Zonal del Tórax Dr. Cetrángolo,Municipal,Vicente López,11915,"3971,6666666666665","3,4035249685270665","0,002853545950482585",104,"0,3543095735162541","38,18910256410256",Agudos,"3,107649896623019","0,025671042729325196","1,0952086244417576","0,11115816293752843",Subutilizado,Dentro de banda
86100103,Hosp. Zonal del Tórax Dr. Cetrángolo,Municipal,Vicente López,65,"21,666666666666668","861,6769230769231","0,5846153846153846","82,66666666666667","0,990741354546459","0,2620967741935484",Estadia prolongada,"3,107649896623019","0,025671042729325196","277,2760612491385","22,773340015033828",Excluido (no agudo),Dentro de banda
02800644,Hosp. Zonal. Gral. Ag. Dr. Arturo Oñativia,Provincial,Almirante Brown,,,,,,,,Sin internacion,"5,54963563866355","0,04447215295095595",,,Excluido (no agudo),Dentro de banda
43400090,Hosp. de Niños L. A. Máspero,Municipal,Lanús,0,,,,,,,Sin internacion,"3,107649896623019","0,025671042729325196",,,Excluido (no agudo),Dentro de banda
51501198,Hosp. de Salud Mental Evita,Municipal,Malvinas Argentinas,0,,,,,,,Sin internacion,"3,107649896623019","0,025671042729325196",,,Excluido (no agudo),Dentro de banda
65500721,Hosp. de la Comunidad Dr. Guillermo Hernández,Municipal,Punta Indio,3245,"1081,6666666666667","2,903235747303544","0,031124807395993836","15,666666666666666","0,5379600784585208","69,04255319148936",Agudos,"3,107649896623019","0,025671042729325196","0,9342222720964788","1,2124481161195122",Normal,Dentro de banda
70000044,Hosp. y Maternidad Munic. O. F. Ducos,Municipal,Saavedra,7224,2408,"9,484496124031008","0,05910852713178295",113,"0,45342678121568375","21,309734513274336",Agudos,"3,107649896623019","0,025671042729325196","3,0519834728929722","2,30253705527359",Normal,Peor desempeno
29400036,Hosp.Munic. Dr. Ignacio Pirovano,Municipal,General Arenales,5799,1933,"5,562165890670805","0,036902914295568204","60,333333333333336","0,7426576830065856","32,03867403314917",Agudos,"3,107649896623019","0,025671042729325196","1,7898302819487575","1,437530788471336",Normal,Peor desempeno
46900085,Hosp.Subz. Munic. Dr. R. O. Miravalle,Municipal,Lincoln,13993,"4664,333333333333","2,8421353533909812","0,024655184735224756",115,"0,6086490945578286","40,55942028985507",Agudos,"3,107649896623019","0,025671042729325196","0,9145609859332727","0,9604278640018008",Normal,Dentro de banda
63800004,Hospital Central de Pilar,Municipal,Pilar,16624,8312,"2,553837824831569","0,03374639076034649","83,5","0,8957553788587465","99,54491017964072",Agudos,"3,107649896623019","0,025671042729325196","0,8217907131709852","1,3145703162963636",Normal,Dentro de banda
37199999,Hospital Integrado Región Sanitaria V,Provincial,General San Martín,,,,,,,,Sin internacion,"5,54963563866355","0,04447215295095595",,,Excluido (no agudo),Dentro de banda
37100548,Hospital Local Dr. A. Fleming,Municipal,General San Martín,0,,,,,,,Sin internacion,"3,107649896623019","0,025671042729325196",,,Excluido (no agudo),Dentro de banda
42700049,Hospital Local Materno Infantil Dra. Germani,Municipal,La Matanza,9684,3228,"3,1903139198678234","0,0030978934324659233",102,"0,2761686673703419","31,647058823529413",Agudos,"3,107649896623019","0,025671042729325196","1,026600172475874","0,12067657185296408",Subutilizado,Dentro de banda
42700031,Hospital Materno Infantil Dr. J. Equiza,Municipal,La Matanza,6467,"2155,6666666666665","3,293799288696459","0,0010824184320395857",43,"0,4622879291720501","50,13178294573643",Agudos,"3,107649896623019","0,025671042729325196","1,0599003743232862","0,042164957748408484",Normal,Dentro de banda
63801008,Hospital Materno Neonatológico Nuestra Sra. de Pilar,Provincial,Pilar,14078,"4692,666666666667","4,039423213524648","0,0014206563432305726","82,33333333333333","0,7268915872325278","56,99595141700405",Agudos,"5,54963563866355","0,04447215295095595","0,7278717877228805","0,03194485197955848",Normal,Dentro de banda
26600001,"Hospital Municipal ""Héroes de la Pandemia Covid-19""",Municipal,Exaltación De La Cruz,590,295,"1,0101694915254238",0,8,"0,13067671872195297","36,875",Agudos,"3,107649896623019","0,025671042729325196","0,32505897547311935",0,Subutilizado,Dentro de banda
63800990,"Hospital Municipal ""Presidente Derqui""",Municipal,Pilar,13703,"4567,666666666667","3,669707363351091","0,03174487338539006","56,666666666666664","0,8358488132094943","80,60588235294118",Agudos,"3,107649896623019","0,025671042729325196","1,1808625441813254","1,2366024130810414",Normal,Dentro de banda
39900029,Hospital Municipal Casbas,Municipal,Guaminí,2274,758,"3,469217238346526","0,0505716798592788",30,"0,27564492577269406","25,266666666666666",Agudos,"3,107649896623019","0,025671042729325196","1,116347514601439","1,969989314127411",Subutilizado,Dentro de banda
49003251,Hospital Municipal DR NORBERTO RAUL PIACENTINI,Municipal,Lomas de Zamora,28745,"9581,666666666666","2,24633849365107","0,022543050965385284",70,"0,9559607730926306","136,88095238095238",Agudos,"3,107649896623019","0,025671042729325196","0,7228415582115901","0,8781509657818978",Saturado,Dentro de banda
25200617,Hospital Municipal Presidente Néstor Carlos Kirchner,Municipal,Escobar,16490,"5496,666666666667","6,581322013341419","0,12013341419041844",100,"0,9783348695437911","54,96666666666667",Agudos,"3,107649896623019","0,025671042729325196","2,117781034631065","4,679724756687993",Saturado,Peor desempeno
76001969,Hospital Municipal San Miguel Arcángel,Municipal,San Miguel,14560,"4853,333333333333","4,075755494505494","0,06744505494505494",56,"0,931667349446948","86,66666666666667",Agudos,"3,107649896623019","0,025671042729325196","1,3115233794303804","2,627281472599062",Saturado,Peor desempeno
76002009,Hospital Municipal Santa María,Municipal,San Miguel,8892,4446,"1,3706702654071075","0,002136752136752137","21,5","0,8352431881843646","206,7906976744186",Agudos,"3,107649896623019","0,025671042729325196","0,44106328286740726","0,0832358918678137",Normal,Dentro de banda
65100173,Hospital Municipal de Darragueira,Municipal,Puán,4126,"1375,3333333333333","2,451769268056229","0,04192922927775085",39,"0,2538367958075987","35,26495726495727",Agudos,"3,107649896623019","0,025671042729325196","0,7889464224140841","1,6333278597153824",Subutilizado,Dentro de banda
42700120,Hospital Municipal de Niños de San Justo,Municipal,La Matanza,12638,"4212,666666666667","5,279632853299573","0,005143218863744263","96,33333333333333","0,6636876273515614","43,73010380622837",Agudos,"3,107649896623019","0,025671042729325196","1,6989149450318637","0,20035099150331478",Normal,Peor desempeno
24500505,Hospital Municipal de Punta Lara,Municipal,Ensenada,404,"134,66666666666666","31,72772277227723","0,034653465346534656",24,"0,5982524346587629","5,611111111111111",Estadia prolongada,"3,107649896623019","0,025671042729325196","10,209555074641678","1,3499048601928598",Excluido (no agudo),Peor desempeno
51501436,Hospital Municipal de Rehabilitación Dr. A Drozdowski,Municipal,Malvinas Argentinas,10655,"3551,6666666666665","8,447114030971376","0,15692163303613327",101,"0,8184556555617684","35,165016501650165",Agudos,"3,107649896623019","0,025671042729325196","2,718167847720098","6,112787653026442",Normal,Peor desempeno
37101720,Hospital Móvil,Municipal,General San Martín,0,,,,,,,Sin internacion,"3,107649896623019","0,025671042729325196",,,Excluido (no agudo),Dentro de banda
42701398,Hospital Móvil Borgward,Municipal,La Matanza,0,,,,,,,Sin internacion,"3,107649896623019","0,025671042729325196",,,Excluido (no agudo),Dentro de banda
42701380,Hospital Móvil Don Juan Escuela Nº 32,Municipal,La Matanza,0,,,,,,,Sin internacion,"3,107649896623019","0,025671042729325196",,,Excluido (no agudo),Dentro de banda
42701355,Hospital Móvil Mi Esperanza,Municipal,La Matanza,0,,,,,,,Sin internacion,"3,107649896623019","0,025671042729325196",,,Excluido (no agudo),Dentro de banda
42701347,Hospital Móvil Municipal Las Casitas,Municipal,La Matanza,0,,,,,,,Sin internacion,"3,107649896623019","0,025671042729325196",,,Excluido (no agudo),Dentro de banda
49003344,Hospital Odontológico Dr Enrique Ernesto Febbraro,Municipal,Lomas de Zamora,0,,,,,,,Sin internacion,"3,107649896623019","0,025671042729325196",,,Excluido (no agudo),Dentro de banda
36400327,Hospital Odontológico Municipal Dr. Mauricio Kaplan,Municipal,General Rodríguez,0,,,,,,,Sin internacion,"3,107649896623019","0,025671042729325196",,,Excluido (no agudo),Dentro de banda
40801565,Hospital Odontológico de Hurlingham,Provincial,Hurlingham,1554,777,"3,3803088803088803","0,005791505791505791",22,"0,42128514056224897","35,31818181818182",Agudos,"5,54963563866355","0,04447215295095595","0,6091046512601174","0,1302276909753545",Normal,Dentro de banda
40801531,Hospital Odontológico de Hurlingham,Municipal,Hurlingham,0,,,,,,,Sin internacion,"3,107649896623019","0,025671042729325196",,,Excluido (no agudo),Dentro de banda
36400341,Hospital Oftalmologico Municipal Dr. Adolfo Aguirre Mundani,Municipal,General Rodríguez,0,,,,,,,Sin internacion,"3,107649896623019","0,025671042729325196",,,Excluido (no agudo),Dentro de banda
49003359,Hospital Oftalmológico Dr Oscar Vicario,Municipal,Lomas de Zamora,0,,,,,,,Sin internacion,"3,107649896623019","0,025671042729325196",,,Excluido (no agudo),Dentro de banda
74900775,Hospital Oftalmológico Municipal San Fernando de la Buena Vista,Municipal,San Fernando,0,,,,,,,Sin internacion,"3,107649896623019","0,025671042729325196",,,Excluido (no agudo),Dentro de banda
41201422,Hospital Oncologico- Centro de Tratamiento de HIFU Victoria Irene  Ishii,Municipal,José C. Paz,2643,881,"0,9916761256148316","0,03216042376087779","4,666666666666667","1,3565384615384615","188,78571428571428",Agudos,"3,107649896623019","0,025671042729325196","0,3191080586949172","1,2527899275450733",Anomalia de datos,Dentro de banda
74900776,Hospital San Cayetano,Municipal,San Fernando,34286,"11428,666666666666","2,1489529253922885","0,018345680452662893","69,33333333333333","0,9729960802883224","164,83653846153845",Agudos,"3,107649896623019","0,025671042729325196","0,6915041902652822","0,7146449268188779",Saturado,Dentro de banda
12600040,Hospital San José,Municipal,Campana,39210,13070,"2,7613108900790615","0,02218821729150727",117,"0,8800678979028309","111,7094017094017",Agudos,"3,107649896623019","0,025671042729325196","0,888552759137922","0,864328633840832",Normal,Dentro de banda
03501721,Hospital Subzonal General de Agudos Dr. E. Wilde,Provincial,Avellaneda,,,,,,,,Sin internacion,"5,54963563866355","0,04447215295095595",,,Excluido (no agudo),Dentro de banda
41201425,Hospital Unidad de Diagnóstico Precoz Cardiovascular y Enfermedades Metabólicas Miguel Ángel Buljan,Municipal,José C. Paz,12794,"4264,666666666667","1,8190558074097234","0,0036735969985930905","27,666666666666668","0,7743679915068675","154,14457831325302",Agudos,"3,107649896623019","0,025671042729325196","0,5853477283224315","0,14310275734910347",Normal,Dentro de banda
41201405,Hospital Unidad de Diagnóstico Precoz de Alta Complejidad Rubén Caporaletti,Municipal,José C. Paz,20012,"6670,666666666667","1,5763042174695183","0,011143314011593044","42,333333333333336","0,6948156756407773","157,5748031496063",Agudos,"3,107649896623019","0,025671042729325196","0,5072335269112639","0,4340810822952482",Normal,Dentro de banda
41201423,Hospital Unidad de Diagnóstico Precoz de la Mujer y el Niño Nelly Quiroga,Municipal,José C. Paz,10188,3396,"1,3187082842559874","0,0007852375343541421","21,666666666666668","0,5713502572320148","156,73846153846154",Agudos,"3,107649896623019","0,025671042729325196","0,42434261519902366","0,030588454962023406",Normal,Dentro de banda
56800050,Hospital de Dia en salud mental Espejos Cruzados,Provincial,Morón,14032,"4677,333333333333","8,112243443557583","0,04703534777651083",127,"0,8157371018845151","36,82939632545932",Agudos,"5,54963563866355","0,04447215295095595","1,4617614509753931","1,0576359509372435",Normal,Dentro de banda
56000989,Hospital de Dia en salud mental Espejos Cruzados,Municipal,Moreno,0,,,,,,,Sin internacion,"3,107649896623019","0,025671042729325196",,,Excluido (no agudo),Dentro de banda
49000063,Hospital de Diagnóstico Inmediato Nuevo Araoz Alfaro,Municipal,Lomas de Zamora,7634,3817,"1,0098244694786482","0,0011789363374377785",17,"0,8245989304812834","224,52941176470588",Agudos,"3,107649896623019","0,025671042729325196","0,32494795201222354","0,045924754590939386",Normal,Dentro de banda
49000098,Hospital de Diagnóstico Inmediato Roberto Sanchez,Municipal,Lomas de Zamora,6288,6288,"1,0022264631043256",0,51,"0,6715686274509803","123,29411764705883",Agudos,"3,107649896623019","0,025671042729325196","0,3225030156046253",0,Normal,Dentro de banda
35100115,Hospital de Día de Rehabilitacion Psicofisica San Cayetano,Municipal,General Pinto,0,,,,,,,Sin internacion,"3,107649896623019","0,025671042729325196",,,Excluido (no agudo),Dentro de banda
25200601,Hospital de Día en Salud Mental Papa Francisco,Municipal,Escobar,0,,,,,,,Sin internacion,"3,107649896623019","0,025671042729325196",,,Excluido (no agudo),Dentro de banda
60999999,Hospital de Gestión Descentralizado Región Sanitaria II,Provincial,Pehuajó,,,,,,,,Sin internacion,"5,54963563866355","0,04447215295095595",,,Excluido (no agudo),Dentro de banda
62399999,Hospital de Gestión Descentralizado Región Sanitaria IV,Provincial,Pergamino,,,,,,,,Sin internacion,"5,54963563866355","0,04447215295095595",,,Excluido (no agudo),Dentro de banda
04999999,Hospital de Gestión Descentralizado Región Sanitaria IX,Provincial,Azul,,,,,,,,Sin internacion,"5,54963563866355","0,04447215295095595",,,Excluido (no agudo),Dentro de banda
49099999,Hospital de Gestión Descentralizado Región Sanitaria VI,Provincial,Lomas de Zamora,,,,,,,,Sin internacion,"5,54963563866355","0,04447215295095595",,,Excluido (no agudo),Dentro de banda
56099999,Hospital de Gestión Descentralizado Región Sanitaria VII,Provincial,Moreno,,,,,,,,Sin internacion,"5,54963563866355","0,04447215295095595",,,Excluido (no agudo),Dentro de banda
35799999,Hospital de Gestión Descentralizado Región Sanitaria VIII,Provincial,General Pueyrredón,,,,,,,,Sin internacion,"5,54963563866355","0,04447215295095595",,,Excluido (no agudo),Dentro de banda
24599999,Hospital de Gestión Descentralizado Región Sanitaria XI,Provincial,Ensenada,,,,,,,,Sin internacion,"5,54963563866355","0,04447215295095595",,,Excluido (no agudo),Dentro de banda
42799999,Hospital de Gestión Descentralizado Región Sanitaria XII,Provincial,La Matanza,,,,,,,,Sin internacion,"5,54963563866355","0,04447215295095595",,,Excluido (no agudo),Dentro de banda
40801472,Hospital de Ojos,Municipal,Hurlingham,0,,,,,,,Sin internacion,"3,107649896623019","0,025671042729325196",,,Excluido (no agudo),Dentro de banda
3501823,Hospital de Ojos,Municipal,Avellaneda,0,,,,,,,Sin internacion,"3,107649896623019","0,025671042729325196",,,Excluido (no agudo),Dentro de banda
25200613,Hospital de Rehabilitación y Kinesiología Dr. Enrique Sangalli Dupuy,Municipal,Escobar,828,276,"42,878019323671495","0,06038647342995169",35,"0,9067670740287151","7,885714285714286",Estadia prolongada,"3,107649896623019","0,025671042729325196","13,797570752826962","2,3523186832208216",Excluido (no agudo),Peor desempeno
41201424,Hospital de Salud Mental y Adicciones Lic. Ma. Edith Loiácono,Municipal,José C. Paz,0,,,,,,,Sin internacion,"3,107649896623019","0,025671042729325196",,,Excluido (no agudo),Dentro de banda
37100670,Hospital de día Dr. E. Pichón Riviere,Municipal,General San Martín,0,,,,,,,Sin internacion,"3,107649896623019","0,025671042729325196",,,Excluido (no agudo),Dentro de banda
25200032,Hospital del Bicentenario,Provincial,Escobar,24790,"8263,333333333334","5,058652682533279","0,02065348931020573",161,"0,6386970462219448","51,325051759834366",Agudos,"5,54963563866355","0,04447215295095595","0,9115287943032404","0,46441397458275685",Normal,Dentro de banda
25200022,Hospital del Bicentenario,Municipal,Escobar,2098,1049,"7,529075309818875","0,06959008579599618","28,5","0,853852109949671","36,80701754385965",Agudos,"3,107649896623019","0,025671042729325196","2,4227553168072355","2,7108398567893106",Normal,Peor desempeno
03501101,Inst. Munic. Prevención y Asistencia a las Adicciones,Municipal,Avellaneda,,,,,,,,Sin internacion,"3,107649896623019","0,025671042729325196",,,Excluido (no agudo),Dentro de banda
3501101,Inst. Munic. Prevención y Asistencia a las Adicciones,Municipal,Avellaneda,0,,,,,,,Sin internacion,"3,107649896623019","0,025671042729325196",,,Excluido (no agudo),Dentro de banda
65801055,Inst. Munic. de Salud Pública S. F. Solano,Municipal,Quilmes,0,,,,,,,Sin internacion,"3,107649896623019","0,025671042729325196",,,Excluido (no agudo),Dentro de banda
65800571,Inst. Munic. de Salud y Med. Prev. Dr. R. Carrillo,Municipal,Quilmes,0,,,,,,,Sin internacion,"3,107649896623019","0,025671042729325196",,,Excluido (no agudo),Dentro de banda
03500709,Instituto Munic. de Medicina del Deporte,Municipal,Avellaneda,,,,,,,,Sin internacion,"3,107649896623019","0,025671042729325196",,,Excluido (no agudo),Dentro de banda
3500709,Instituto Munic. de Medicina del Deporte,Municipal,Avellaneda,0,,,,,,,Sin internacion,"3,107649896623019","0,025671042729325196",,,Excluido (no agudo),Dentro de banda
3501136,Instituto Munic. de Rehabilitación,Municipal,Avellaneda,0,,,,,,,Sin internacion,"3,107649896623019","0,025671042729325196",,,Excluido (no agudo),Dentro de banda
03501136,Instituto Munic. de Rehabilitación,Municipal,Avellaneda,,,,,,,,Sin internacion,"3,107649896623019","0,025671042729325196",,,Excluido (no agudo),Dentro de banda
03500482,Instituto de Odontología Infantil,Municipal,Avellaneda,,,,,,,,Sin internacion,"3,107649896623019","0,025671042729325196",,,Excluido (no agudo),Dentro de banda
3500482,Instituto de Odontología Infantil,Municipal,Avellaneda,0,,,,,,,Sin internacion,"3,107649896623019","0,025671042729325196",,,Excluido (no agudo),Dentro de banda
3500491,Instituto de Odontología Infantil,Provincial,Avellaneda,0,,,,,,,Sin internacion,"5,54963563866355","0,04447215295095595",,,Excluido (no agudo),Dentro de banda
74900333,Instituto de Odontología y Ortodoncia Infantil,Municipal,San Fernando,0,,,,,,,Sin internacion,"3,107649896623019","0,025671042729325196",,,Excluido (no agudo),Dentro de banda
37100696,Instituto de Rehabilitación Psicofísica,Municipal,General San Martín,0,,,,,,,Sin internacion,"3,107649896623019","0,025671042729325196",,,Excluido (no agudo),Dentro de banda
35700076,Istituto R. Etcheverri de Maternidad e Infancia I.R.E.M.I.,Municipal,General Pueyrredón,0,,,,,,,Sin internacion,"3,107649896623019","0,025671042729325196",,,Excluido (no agudo),Dentro de banda
35700084,Istituto R. Etcheverri de Maternidad e Infancia I.R.E.M.I.,Nacional,General Pueyrredón,0,,,,,,,Sin internacion,"8,741425180684324","0,0896213078490754",,,Excluido (no agudo),Dentro de banda
35700211,Istituto R. Etcheverri de Maternidad e Infancia I.R.E.M.I.,Provincial,General Pueyrredón,36050,"12016,666666666666","4,510180305131762","0,004077669902912621",281,"0,5196421600520494","42,76393831553974",Agudos,"5,54963563866355","0,04447215295095595","0,8126984542390413","0,09169040921876417",Normal,Dentro de banda
35700220,Istituto R. Etcheverri de Maternidad e Infancia I.R.E.M.I.,Provincial,General Pueyrredón,38789,"12929,666666666666","7,060867771790972","0,0659980922426461",309,"0,8526831084115242","41,84358144552319",Agudos,"5,54963563866355","0,04447215295095595","1,2723119555090923","1,4840318685589395",Normal,Dentro de banda
9100702,Jornadas Solidarias de Salud (Móvil),Municipal,Berazategui,0,,,,,,,Sin internacion,"3,107649896623019","0,025671042729325196",,,Excluido (no agudo),Dentro de banda
09100702,Jornadas Solidarias de Salud (Móvil),Municipal,Berazategui,,,,,,,,Sin internacion,"3,107649896623019","0,025671042729325196",,,Excluido (no agudo),Dentro de banda
9100711,Jornadas Solidarias de Salud (Móvil),Provincial,Berazategui,31679,"10559,666666666666","5,156191798983554","0,0315666529877837","183,66666666666666","0,8209507628259585","57,49364791288566",Agudos,"5,54963563866355","0,04447215295095595","0,9291045637412794","0,7098071690524074",Normal,Dentro de banda
44100171,Lab. Central Ctro. de Salud N° 40 Sanidad Municipal,Municipal,La Plata,0,,,,,,,Sin internacion,"3,107649896623019","0,025671042729325196",,,Excluido (no agudo),Dentro de banda
49001332,Laboratorio Central,Municipal,Lomas de Zamora,0,,,,,,,Sin internacion,"3,107649896623019","0,025671042729325196",,,Excluido (no agudo),Dentro de banda
25200431,Laboratorio Municipal,Municipal,Escobar,0,,,,,,,Sin internacion,"3,107649896623019","0,025671042729325196",,,Excluido (no agudo),Dentro de banda
27001073,Maternidad Ctral. de Ezeiza Dr. M. Rebagliatti Base XXII,Municipal,Ezeiza,0,,,,,,,Sin internacion,"3,107649896623019","0,025671042729325196",,,Excluido (no agudo),Dentro de banda
3501209,Móvil Ginecológico,Municipal,Avellaneda,0,,,,,,,Sin internacion,"3,107649896623019","0,025671042729325196",,,Excluido (no agudo),Dentro de banda
03501209,Móvil Ginecológico,Municipal,Avellaneda,,,,,,,,Sin internacion,"3,107649896623019","0,025671042729325196",,,Excluido (no agudo),Dentro de banda
26000557,Móvil Munic. N° 22,Municipal,Esteban Echeverría,0,,,,,,,Sin internacion,"3,107649896623019","0,025671042729325196",,,Excluido (no agudo),Dentro de banda
3501179,Móvil Odontológico,Municipal,Avellaneda,0,,,,,,,Sin internacion,"3,107649896623019","0,025671042729325196",,,Excluido (no agudo),Dentro de banda
03501179,Móvil Odontológico,Municipal,Avellaneda,,,,,,,,Sin internacion,"3,107649896623019","0,025671042729325196",,,Excluido (no agudo),Dentro de banda
3501217,Móvil Pediátrico,Municipal,Avellaneda,0,,,,,,,Sin internacion,"3,107649896623019","0,025671042729325196",,,Excluido (no agudo),Dentro de banda
03501217,Móvil Pediátrico,Municipal,Avellaneda,,,,,,,,Sin internacion,"3,107649896623019","0,025671042729325196",,,Excluido (no agudo),Dentro de banda
26001069,Móvil Sanitario Nº 45,Municipal,Esteban Echeverría,0,,,,,,,Sin internacion,"3,107649896623019","0,025671042729325196",,,Excluido (no agudo),Dentro de banda
26001070,Móvil Sanitario Nº 45,Municipal,#N/D,0,,,,,,,Sin internacion,"3,107649896623019","0,025671042729325196",,,Excluido (no agudo),Dentro de banda
11900171,Móvil de Asistencia Sanitaria Integral ASI,Municipal,Brandsen,0,,,,,,,Sin internacion,"3,107649896623019","0,025671042729325196",,,Excluido (no agudo),Dentro de banda
43401487,Operativo Sanit. Los Barrios Unid. Móvil I,Municipal,Lanús,0,,,,,,,Sin internacion,"3,107649896623019","0,025671042729325196",,,Excluido (no agudo),Dentro de banda
59500159,Policlínica Pueblo Nuevo,Municipal,Olavarría,0,,,,,,,Sin internacion,"3,107649896623019","0,025671042729325196",,,Excluido (no agudo),Dentro de banda
42700138,Policlínico Central,Municipal,La Matanza,5440,"1813,3333333333333","2,6244485294117648","0,00974264705882353",43,"0,30222903493645015","42,17054263565891",Agudos,"3,107649896623019","0,025671042729325196","0,8445122895805177","0,37951894520022994",Subutilizado,Dentro de banda
26000051,Policlínico S. T. Santamarina,Municipal,Esteban Echeverría,57740,"19246,666666666668","2,5772947696570836","0,012660200900588846",168,"0,8099202276417466","114,56349206349206",Agudos,"3,107649896623019","0,025671042729325196","0,829338842981555","0,4931704969711466",Normal,Dentro de banda
51800136,Policonsultorio Municipal,Municipal,Mar Chiquita,0,,,,,,,Sin internacion,"3,107649896623019","0,025671042729325196",,,Excluido (no agudo),Dentro de banda
2800865,Posta La Cumbre,Municipal,Almirante Brown,0,,,,,,,Sin internacion,"3,107649896623019","0,025671042729325196",,,Excluido (no agudo),Dentro de banda
02800865,Posta La Cumbre,Municipal,Almirante Brown,,,,,,,,Sin internacion,"3,107649896623019","0,025671042729325196",,,Excluido (no agudo),Dentro de banda
02800857,Posta Mater Dei,Municipal,Almirante Brown,,,,,,,,Sin internacion,"3,107649896623019","0,025671042729325196",,,Excluido (no agudo),Dentro de banda
2800857,Posta Mater Dei,Municipal,Almirante Brown,0,,,,,,,Sin internacion,"3,107649896623019","0,025671042729325196",,,Excluido (no agudo),Dentro de banda
49001308,Posta Sanit. 2 de Abril,Municipal,Lomas de Zamora,0,,,,,,,Sin internacion,"3,107649896623019","0,025671042729325196",,,Excluido (no agudo),Dentro de banda
65801519,Posta Sanit. Gral. Belgrano,Municipal,Quilmes,0,,,,,,,Sin internacion,"3,107649896623019","0,025671042729325196",,,Excluido (no agudo),Dentro de banda
65801733,Posta Sanit. I. Iriarte,Municipal,Quilmes,0,,,,,,,Sin internacion,"3,107649896623019","0,025671042729325196",,,Excluido (no agudo),Dentro de banda
26000611,Posta Sanit. Nº 15,Municipal,Esteban Echeverría,0,,,,,,,Sin internacion,"3,107649896623019","0,025671042729325196",,,Excluido (no agudo),Dentro de banda
65801741,Posta Sanit. Va. Luján,Municipal,Quilmes,0,,,,,,,Sin internacion,"3,107649896623019","0,025671042729325196",,,Excluido (no agudo),Dentro de banda
58100004,Posta Sanitaria Villa zabala,Municipal,Necochea,0,,,,,,,Sin internacion,"3,107649896623019","0,025671042729325196",,,Excluido (no agudo),Dentro de banda
2800873,Posta Villa París,Municipal,Almirante Brown,0,,,,,,,Sin internacion,"3,107649896623019","0,025671042729325196",,,Excluido (no agudo),Dentro de banda
2801021,Posta Villa París,Provincial,Almirante Brown,1744,872,"9,090022935779816","0,047018348623853214",23,"1,1706310679611651","37,91304347826087",Agudos,"5,54963563866355","0,04447215295095595","1,6379495029278812","1,0572537083083255",Anomalia de datos,Peor desempeno
02800873,Posta Villa París,Municipal,Almirante Brown,,,,,,,,Sin internacion,"3,107649896623019","0,025671042729325196",,,Excluido (no agudo),Dentro de banda
65801535,Primer Ctro. De Trat. y Rehab.,Municipal,Quilmes,0,,,,,,,Sin internacion,"3,107649896623019","0,025671042729325196",,,Excluido (no agudo),Dentro de banda
35701315,Programa Casa de los Amigos,Municipal,General Pueyrredón,0,,,,,,,Sin internacion,"3,107649896623019","0,025671042729325196",,,Excluido (no agudo),Dentro de banda
09100699,Programa P/el Control de Enf. Crónicas Prevalentes,Municipal,Berazategui,,,,,,,,Sin internacion,"3,107649896623019","0,025671042729325196",,,Excluido (no agudo),Dentro de banda
9100699,Programa P/el Control de Enf. Crónicas Prevalentes,Municipal,Berazategui,0,,,,,,,Sin internacion,"3,107649896623019","0,025671042729325196",,,Excluido (no agudo),Dentro de banda
42701533,Puesto Fijo Arcos del Mirador,Municipal,La Matanza,0,,,,,,,Sin internacion,"3,107649896623019","0,025671042729325196",,,Excluido (no agudo),Dentro de banda
42701649,Puesto Fijo Barrio Savailiesse,Municipal,La Matanza,0,,,,,,,Sin internacion,"3,107649896623019","0,025671042729325196",,,Excluido (no agudo),Dentro de banda
42701495,Puesto Fijo La Foresta,Municipal,La Matanza,0,,,,,,,Sin internacion,"3,107649896623019","0,025671042729325196",,,Excluido (no agudo),Dentro de banda
42701509,Puesto Fijo Los Ceibos,Municipal,La Matanza,0,,,,,,,Sin internacion,"3,107649896623019","0,025671042729325196",,,Excluido (no agudo),Dentro de banda
42701517,Puesto Fijo María Elena,Municipal,La Matanza,0,,,,,,,Sin internacion,"3,107649896623019","0,025671042729325196",,,Excluido (no agudo),Dentro de banda
42701371,Puesto Fijo Monseñor Bufano - Latino Awerich,Municipal,La Matanza,0,,,,,,,Sin internacion,"3,107649896623019","0,025671042729325196",,,Excluido (no agudo),Dentro de banda
58100343,Puesto Sanit. Costa Bonita,Municipal,Necochea,0,,,,,,,Sin internacion,"3,107649896623019","0,025671042729325196",,,Excluido (no agudo),Dentro de banda
03501128,Puesto Sanit. S. M. de Porres,Municipal,Avellaneda,,,,,,,,Sin internacion,"3,107649896623019","0,025671042729325196",,,Excluido (no agudo),Dentro de banda
3501128,Puesto Sanit. S. M. de Porres,Municipal,Avellaneda,0,,,,,,,Sin internacion,"3,107649896623019","0,025671042729325196",,,Excluido (no agudo),Dentro de banda
56000597,Red de Emergencias Médicas,Municipal,Moreno,0,,,,,,,Sin internacion,"3,107649896623019","0,025671042729325196",,,Excluido (no agudo),Dentro de banda
67900123,Residencia de Abuelos,Municipal,Rivadavia,,,,,,,,Sin internacion,"3,107649896623019","0,025671042729325196",,,Excluido (no agudo),Dentro de banda
65801543,SAMYL Dirección de Salud Mental,Municipal,Quilmes,0,,,,,,,Sin internacion,"3,107649896623019","0,025671042729325196",,,Excluido (no agudo),Dentro de banda
34300066,Sala Barrio Nuevo,Municipal,General Paz,0,,,,,,,Sin internacion,"3,107649896623019","0,025671042729325196",,,Excluido (no agudo),Dentro de banda
70000095,Sala Bo. J. Murguia - Dr. O. Brossay,Municipal,Saavedra,0,,,,,,,Sin internacion,"3,107649896623019","0,025671042729325196",,,Excluido (no agudo),Dentro de banda
36400041,Sala Central Sec. de Salud y Acción Social,Provincial,General Rodríguez,24446,"8148,666666666667","6,318375194305817","0,032193405874171646",342,"0,4557678849040778","23,826510721247562",Agudos,"5,54963563866355","0,04447215295095595","1,1385207256286456","0,7239003227407194",Normal,Dentro de banda
36400033,Sala Central Sec. de Salud y Acción Social,Municipal,General Rodríguez,0,,,,,,,Sin internacion,"3,107649896623019","0,025671042729325196",,,Excluido (no agudo),Dentro de banda
44800059,Sala Comunitaria Ramón Carrillo,Municipal,Laprida,0,,,,,,,Sin internacion,"3,107649896623019","0,025671042729325196",,,Excluido (no agudo),Dentro de banda
08400095,Sala Don J. Báez,Municipal,Benito Juárez,,,,,,,,Sin internacion,"3,107649896623019","0,025671042729325196",,,Excluido (no agudo),Dentro de banda
8400095,Sala Don J. Báez,Municipal,Benito Juárez,0,,,,,,,Sin internacion,"3,107649896623019","0,025671042729325196",,,Excluido (no agudo),Dentro de banda
42701801,Sala Dr. Miqueleiz (Independencia),Municipal,La Matanza,0,,,,,,,Sin internacion,"3,107649896623019","0,025671042729325196",,,Excluido (no agudo),Dentro de banda
8400052,Sala Dr. Ramón Carrillo,Municipal,Benito Juárez,0,,,,,,,Sin internacion,"3,107649896623019","0,025671042729325196",,,Excluido (no agudo),Dentro de banda
08400052,Sala Dr. Ramón Carrillo,Municipal,Benito Juárez,,,,,,,,Sin internacion,"3,107649896623019","0,025671042729325196",,,Excluido (no agudo),Dentro de banda
8400117,Sala Dra. Cecilia Grierson,Municipal,Benito Juárez,0,,,,,,,Sin internacion,"3,107649896623019","0,025671042729325196",,,Excluido (no agudo),Dentro de banda
08400117,Sala Dra. Cecilia Grierson,Municipal,Benito Juárez,,,,,,,,Sin internacion,"3,107649896623019","0,025671042729325196",,,Excluido (no agudo),Dentro de banda
8400061,Sala Estación López,Municipal,Benito Juárez,0,,,,,,,Sin internacion,"3,107649896623019","0,025671042729325196",,,Excluido (no agudo),Dentro de banda
08400061,Sala Estación López,Municipal,Benito Juárez,,,,,,,,Sin internacion,"3,107649896623019","0,025671042729325196",,,Excluido (no agudo),Dentro de banda
08400125,Sala F. Anuncibay,Municipal,Benito Juárez,,,,,,,,Sin internacion,"3,107649896623019","0,025671042729325196",,,Excluido (no agudo),Dentro de banda
8400125,Sala F. Anuncibay,Municipal,Benito Juárez,0,,,,,,,Sin internacion,"3,107649896623019","0,025671042729325196",,,Excluido (no agudo),Dentro de banda
34300074,Sala La Pilarica,Municipal,General Paz,0,,,,,,,Sin internacion,"3,107649896623019","0,025671042729325196",,,Excluido (no agudo),Dentro de banda
18200060,Sala Médica Bajo Hondo,Municipal,Coronel de Marina Leonardo Rosales,0,,,,,,,Sin internacion,"3,107649896623019","0,025671042729325196",,,Excluido (no agudo),Dentro de banda
18200086,Sala Médica Ciudad Atlántida,Municipal,Coronel de Marina Leonardo Rosales,0,,,,,,,Sin internacion,"3,107649896623019","0,025671042729325196",,,Excluido (no agudo),Dentro de banda
18200213,Sala Médica El Congreso,Municipal,Coronel de Marina Leonardo Rosales,0,,,,,,,Sin internacion,"3,107649896623019","0,025671042729325196",,,Excluido (no agudo),Dentro de banda
18200141,Sala Médica El Trébol,Municipal,Coronel de Marina Leonardo Rosales,0,,,,,,,Sin internacion,"3,107649896623019","0,025671042729325196",,,Excluido (no agudo),Dentro de banda
18200159,Sala Médica Ing. Luiggi,Municipal,Coronel de Marina Leonardo Rosales,0,,,,,,,Sin internacion,"3,107649896623019","0,025671042729325196",,,Excluido (no agudo),Dentro de banda
18200175,Sala Médica Los Rosales,Municipal,Coronel de Marina Leonardo Rosales,0,,,,,,,Sin internacion,"3,107649896623019","0,025671042729325196",,,Excluido (no agudo),Dentro de banda
18200167,Sala Médica Nueva Bahía Blanca,Municipal,Coronel de Marina Leonardo Rosales,0,,,,,,,Sin internacion,"3,107649896623019","0,025671042729325196",,,Excluido (no agudo),Dentro de banda
18200019,Sala Médica Pehuen-có,Municipal,Coronel de Marina Leonardo Rosales,0,,,,,,,Sin internacion,"3,107649896623019","0,025671042729325196",,,Excluido (no agudo),Dentro de banda
18200078,Sala Médica Va. Gral. Arias,Municipal,Coronel de Marina Leonardo Rosales,0,,,,,,,Sin internacion,"3,107649896623019","0,025671042729325196",,,Excluido (no agudo),Dentro de banda
18200051,Sala Médica Villa Delmar,Municipal,Coronel de Marina Leonardo Rosales,0,,,,,,,Sin internacion,"3,107649896623019","0,025671042729325196",,,Excluido (no agudo),Dentro de banda
36400238,Sala N° 14 Bo. Almafuerte,Municipal,General Rodríguez,0,,,,,,,Sin internacion,"3,107649896623019","0,025671042729325196",,,Excluido (no agudo),Dentro de banda
36400165,Sala N° 2 Mi Rincón,Municipal,General Rodríguez,0,,,,,,,Sin internacion,"3,107649896623019","0,025671042729325196",,,Excluido (no agudo),Dentro de banda
36400076,Sala N° 3 Los Naranjos,Municipal,General Rodríguez,0,,,,,,,Sin internacion,"3,107649896623019","0,025671042729325196",,,Excluido (no agudo),Dentro de banda
36400173,Sala N° 5 Güemes,Municipal,General Rodríguez,0,,,,,,,Sin internacion,"3,107649896623019","0,025671042729325196",,,Excluido (no agudo),Dentro de banda
36400114,Sala Nº 1 La Argentina,Municipal,General Rodríguez,0,,,,,,,Sin internacion,"3,107649896623019","0,025671042729325196",,,Excluido (no agudo),Dentro de banda
36400203,Sala Nº 11 Bo. Marabó,Municipal,General Rodríguez,0,,,,,,,Sin internacion,"3,107649896623019","0,025671042729325196",,,Excluido (no agudo),Dentro de banda
36400211,Sala Nº 12 Los Aromos,Municipal,General Rodríguez,0,,,,,,,Sin internacion,"3,107649896623019","0,025671042729325196",,,Excluido (no agudo),Dentro de banda
36400068,Sala Nº 4 de la Fraternidad Pque. Sarmiento,Municipal,General Rodríguez,0,,,,,,,Sin internacion,"3,107649896623019","0,025671042729325196",,,Excluido (no agudo),Dentro de banda
36400122,Sala Nº 6 Bo. San Martín,Municipal,General Rodríguez,0,,,,,,,Sin internacion,"3,107649896623019","0,025671042729325196",,,Excluido (no agudo),Dentro de banda
36400092,Sala Nº 8 Agua de Oro,Municipal,General Rodríguez,0,,,,,,,Sin internacion,"3,107649896623019","0,025671042729325196",,,Excluido (no agudo),Dentro de banda
36400084,Sala Nº 9 Pque. Rivadavia,Municipal,General Rodríguez,0,,,,,,,Sin internacion,"3,107649896623019","0,025671042729325196",,,Excluido (no agudo),Dentro de banda
4200059,Sala Perif. Atenc. Primaria Eva Perón,Municipal,Ayacucho,0,,,,,,,Sin internacion,"3,107649896623019","0,025671042729325196",,,Excluido (no agudo),Dentro de banda
4900042,Sala Perif. Atenc. Primaria Eva Perón,Provincial,Azul,5618,"1872,6666666666667","4,062833748665005","0,004627981488074048","56,666666666666664","0,343516994286821","33,04705882352941",Agudos,"5,54963563866355","0,04447215295095595","0,7320901791028945","0,10406470523650616",Subutilizado,Dentro de banda
04200059,Sala Perif. Atenc. Primaria Eva Perón,Municipal,Ayacucho,,,,,,,,Sin internacion,"3,107649896623019","0,025671042729325196",,,Excluido (no agudo),Dentro de banda
4200041,Sala Perif. Atenc. Primaria Ramón Carrillo,Municipal,Ayacucho,0,,,,,,,Sin internacion,"3,107649896623019","0,025671042729325196",,,Excluido (no agudo),Dentro de banda
04200041,Sala Perif. Atenc. Primaria Ramón Carrillo,Municipal,Ayacucho,,,,,,,,Sin internacion,"3,107649896623019","0,025671042729325196",,,Excluido (no agudo),Dentro de banda
74200102,Sala Perif. Munic. Alberto Menditeguy,Municipal,San Cayetano,0,,,,,,,Sin internacion,"3,107649896623019","0,025671042729325196",,,Excluido (no agudo),Dentro de banda
74900011,Sala Perif. Munic. Alberto Menditeguy,Municipal,#N/D,0,,,,,,,Sin internacion,"3,107649896623019","0,025671042729325196",,,Excluido (no agudo),Dentro de banda
74200072,Sala Perif. Villa Balnearia,Municipal,San Cayetano,0,,,,,,,Sin internacion,"3,107649896623019","0,025671042729325196",,,Excluido (no agudo),Dentro de banda
47600140,Sala Ramón Carrillo,Municipal,Lobería,0,,,,,,,Sin internacion,"3,107649896623019","0,025671042729325196",,,Excluido (no agudo),Dentro de banda
48300018,Sala Ramón Carrillo,Provincial,Lobos,10994,"3664,6666666666665","2,8953974895397487","0,03802073858468255","79,66666666666667","0,37744221243808473",46,Agudos,"5,54963563866355","0,04447215295095595","0,5217274931290825","0,8549336171471609",Subutilizado,Dentro de banda
08400079,Sala Tedin Uriburu,Municipal,Benito Juárez,,,,,,,,Sin internacion,"3,107649896623019","0,025671042729325196",,,Excluido (no agudo),Dentro de banda
8400079,Sala Tedin Uriburu,Municipal,Benito Juárez,0,,,,,,,Sin internacion,"3,107649896623019","0,025671042729325196",,,Excluido (no agudo),Dentro de banda
42701665,Sala de 1º Auxilios Los Alamos,Municipal,La Matanza,0,,,,,,,Sin internacion,"3,107649896623019","0,025671042729325196",,,Excluido (no agudo),Dentro de banda
42700782,Sala de 1º Auxilios Roque Pérez 20 de Junio,Municipal,La Matanza,0,,,,,,,Sin internacion,"3,107649896623019","0,025671042729325196",,,Excluido (no agudo),Dentro de banda
79100122,Sala de Atenc. Primaria Azucena,Municipal,Tandil,0,,,,,,,Sin internacion,"3,107649896623019","0,025671042729325196",,,Excluido (no agudo),Dentro de banda
79100378,Sala de Atenc. Primaria Bo. Maggiori,Municipal,Tandil,0,,,,,,,Sin internacion,"3,107649896623019","0,025671042729325196",,,Excluido (no agudo),Dentro de banda
79100343,Sala de Atenc. Primaria Fulton,Municipal,Tandil,0,,,,,,,Sin internacion,"3,107649896623019","0,025671042729325196",,,Excluido (no agudo),Dentro de banda
23800075,Sala de Atenc. Primaria N° 1,Municipal,Dolores,0,,,,,,,Sin internacion,"3,107649896623019","0,025671042729325196",,,Excluido (no agudo),Dentro de banda
23800083,Sala de Atenc. Primaria N° 2 Dr. César Uliana,Municipal,Dolores,0,,,,,,,Sin internacion,"3,107649896623019","0,025671042729325196",,,Excluido (no agudo),Dentro de banda
23800091,Sala de Atenc. Primaria N° 3,Municipal,Dolores,0,,,,,,,Sin internacion,"3,107649896623019","0,025671042729325196",,,Excluido (no agudo),Dentro de banda
23800067,Sala de Atenc. Primaria N° 4,Municipal,Dolores,0,,,,,,,Sin internacion,"3,107649896623019","0,025671042729325196",,,Excluido (no agudo),Dentro de banda
18200132,Sala de Atenc. Primaria Villa Laura,Municipal,Coronel de Marina Leonardo Rosales,0,,,,,,,Sin internacion,"3,107649896623019","0,025671042729325196",,,Excluido (no agudo),Dentro de banda
79100432,Sala de Atenc. Primaria de la Salud De La Canal,Municipal,Tandil,0,,,,,,,Sin internacion,"3,107649896623019","0,025671042729325196",,,Excluido (no agudo),Dentro de banda
79100416,Sala de Atenc. Primaria de la Salud Iraola,Municipal,Tandil,0,,,,,,,Sin internacion,"3,107649896623019","0,025671042729325196",,,Excluido (no agudo),Dentro de banda
32200129,Sala de Atención Prim. Barrio Chino,Municipal,General La Madrid,0,,,,,,,Sin internacion,"3,107649896623019","0,025671042729325196",,,Excluido (no agudo),Dentro de banda
61600081,Sala de Primeros Auxilios Barrio 1° de Julio,Municipal,Pellegrini,0,,,,,,,Sin internacion,"3,107649896623019","0,025671042729325196",,,Excluido (no agudo),Dentro de banda
48300131,Sala de Primeros Auxilios Elvira,Municipal,Lobos,0,,,,,,,Sin internacion,"3,107649896623019","0,025671042729325196",,,Excluido (no agudo),Dentro de banda
63000021,Sala de Primeros Auxilios La Victoria,Municipal,Pila,0,,,,,,,Sin internacion,"3,107649896623019","0,025671042729325196",,,Excluido (no agudo),Dentro de banda
11200196,Sala de Pros. Aux. 25 de Mayo,Municipal,Bragado,0,,,,,,,Sin internacion,"3,107649896623019","0,025671042729325196",,,Excluido (no agudo),Dentro de banda
32900074,Sala de Pros. Aux. 8 de diciembre,Municipal,General Las Heras,0,,,,,,,Sin internacion,"3,107649896623019","0,025671042729325196",,,Excluido (no agudo),Dentro de banda
48300042,Sala de Pros. Aux. A. Carboni,Municipal,Lobos,0,,,,,,,Sin internacion,"3,107649896623019","0,025671042729325196",,,Excluido (no agudo),Dentro de banda
58800264,Sala de Pros. Aux. Alborada II,Municipal,9 de Julio,0,,,,,,,Sin internacion,"3,107649896623019","0,025671042729325196",,,Excluido (no agudo),Dentro de banda
65801349,Sala de Pros. Aux. Alicia Franco,Municipal,Quilmes,0,,,,,,,Sin internacion,"3,107649896623019","0,025671042729325196",,,Excluido (no agudo),Dentro de banda
39900070,Sala de Pros. Aux. Arroyo Venado,Municipal,Guaminí,0,,,,,,,Sin internacion,"3,107649896623019","0,025671042729325196",,,Excluido (no agudo),Dentro de banda
46900255,Sala de Pros. Aux. Bo. Don Vicente,Municipal,Lincoln,0,,,,,,,Sin internacion,"3,107649896623019","0,025671042729325196",,,Excluido (no agudo),Dentro de banda
46900204,Sala de Pros. Aux. Bo. La Rural,Municipal,Lincoln,0,,,,,,,Sin internacion,"3,107649896623019","0,025671042729325196",,,Excluido (no agudo),Dentro de banda
35100074,Sala de Pros. Aux. Bo. Malvinas Argentinas,Municipal,General Pinto,0,,,,,,,Sin internacion,"3,107649896623019","0,025671042729325196",,,Excluido (no agudo),Dentro de banda
46900212,Sala de Pros. Aux. Bo. Norte,Municipal,Lincoln,0,,,,,,,Sin internacion,"3,107649896623019","0,025671042729325196",,,Excluido (no agudo),Dentro de banda
35100082,Sala de Pros. Aux. Bo. San Cayetano,Municipal,General Pinto,0,,,,,,,Sin internacion,"3,107649896623019","0,025671042729325196",,,Excluido (no agudo),Dentro de banda
46900221,Sala de Pros. Aux. Bo. San José,Municipal,Lincoln,0,,,,,,,Sin internacion,"3,107649896623019","0,025671042729325196",,,Excluido (no agudo),Dentro de banda
51100089,Sala de Pros. Aux. Bo. Unión,Municipal,Maipú,0,,,,,,,Sin internacion,"3,107649896623019","0,025671042729325196",,,Excluido (no agudo),Dentro de banda
35100015,Sala de Pros. Aux. Cnel. Granada,Municipal,General Pinto,98,"32,666666666666664","78,95918367346938","0,02040816326530612",6,"0,7831508515815085","5,444444444444445",Estadia prolongada,"3,107649896623019","0,025671042729325196","25,408004859000282","0,7949877019211592",Excluido (no agudo),Dentro de banda
39900088,Sala de Pros. Aux. Cochicó,Municipal,Guaminí,0,,,,,,,Sin internacion,"3,107649896623019","0,025671042729325196",,,Excluido (no agudo),Dentro de banda
2100065,Sala de Pros. Aux. Coronel Seguí,Municipal,Alberti,0,,,,,,,Sin internacion,"3,107649896623019","0,025671042729325196",,,Excluido (no agudo),Dentro de banda
02100065,Sala de Pros. Aux. Coronel Seguí,Municipal,Alberti,,,,,,,,Sin internacion,"3,107649896623019","0,025671042729325196",,,Excluido (no agudo),Dentro de banda
78400084,Sala de Pros. Aux. Costa Brava,Municipal,Suipacha,0,,,,,,,Sin internacion,"3,107649896623019","0,025671042729325196",,,Excluido (no agudo),Dentro de banda
72800099,Sala de Pros. Aux. D. Dominé,Municipal,San Andrés de Giles,0,,,,,,,Sin internacion,"3,107649896623019","0,025671042729325196",,,Excluido (no agudo),Dentro de banda
26600042,Sala de Pros. Aux. Diego Gaynor,Municipal,Exaltación De La Cruz,0,,,,,,,Sin internacion,"3,107649896623019","0,025671042729325196",,,Excluido (no agudo),Dentro de banda
65801560,Sala de Pros. Aux. Dos Avenidas,Municipal,Quilmes,0,,,,,,,Sin internacion,"3,107649896623019","0,025671042729325196",,,Excluido (no agudo),Dentro de banda
58800302,Sala de Pros. Aux. Dr. Albert Sabín,Municipal,9 de Julio,0,,,,,,,Sin internacion,"3,107649896623019","0,025671042729325196",,,Excluido (no agudo),Dentro de banda
65800245,Sala de Pros. Aux. Dr. Elías Tanus,Municipal,Quilmes,0,,,,,,,Sin internacion,"3,107649896623019","0,025671042729325196",,,Excluido (no agudo),Dentro de banda
58800159,Sala de Pros. Aux. Dr. H. Lizarralde,Municipal,9 de Julio,0,,,,,,,Sin internacion,"3,107649896623019","0,025671042729325196",,,Excluido (no agudo),Dentro de banda
69300069,Sala de Pros. Aux. Dr. J. Alvarez Ceballos,Municipal,Roque Pérez,0,,,,,,,Sin internacion,"3,107649896623019","0,025671042729325196",,,Excluido (no agudo),Dentro de banda
23100090,Sala de Pros. Aux. Dr. J. O. Carlé,Municipal,Daireaux,0,,,,,,,Sin internacion,"3,107649896623019","0,025671042729325196",,,Excluido (no agudo),Dentro de banda
14700181,Sala de Pros. Aux. Dr. Roberto Gutiérrez,Municipal,Carlos Casares,0,,,,,,,Sin internacion,"3,107649896623019","0,025671042729325196",,,Excluido (no agudo),Dentro de banda
65801047,Sala de Pros. Aux. Dreymar,Municipal,Quilmes,0,,,,,,,Sin internacion,"3,107649896623019","0,025671042729325196",,,Excluido (no agudo),Dentro de banda
70000079,Sala de Pros. Aux. Dufaur,Municipal,Saavedra,0,,,,,,,Sin internacion,"3,107649896623019","0,025671042729325196",,,Excluido (no agudo),Dentro de banda
11200170,Sala de Pros. Aux. El Bajo,Municipal,Bragado,0,,,,,,,Sin internacion,"3,107649896623019","0,025671042729325196",,,Excluido (no agudo),Dentro de banda
65801471,Sala de Pros. Aux. El Hornero,Municipal,Quilmes,0,,,,,,,Sin internacion,"3,107649896623019","0,025671042729325196",,,Excluido (no agudo),Dentro de banda
66500121,Sala de Pros. Aux. El Paraíso,Municipal,Ramallo,0,,,,,,,Sin internacion,"3,107649896623019","0,025671042729325196",,,Excluido (no agudo),Dentro de banda
57400092,Sala de Pros. Aux. El Porvenir,Municipal,Navarro,0,,,,,,,Sin internacion,"3,107649896623019","0,025671042729325196",,,Excluido (no agudo),Dentro de banda
58800175,Sala de Pros. Aux. El Provincial,Municipal,9 de Julio,0,,,,,,,Sin internacion,"3,107649896623019","0,025671042729325196",,,Excluido (no agudo),Dentro de banda
48300051,Sala de Pros. Aux. Empalme Lobos,Municipal,Lobos,0,,,,,,,Sin internacion,"3,107649896623019","0,025671042729325196",,,Excluido (no agudo),Dentro de banda
11200242,Sala de Pros. Aux. Entre Ríos Norte,Municipal,Bragado,0,,,,,,,Sin internacion,"3,107649896623019","0,025671042729325196",,,Excluido (no agudo),Dentro de banda
70000028,Sala de Pros. Aux. Espartillar y Hogar de Ancianos,Municipal,Saavedra,20,"6,666666666666667","688,35","0,2",12,"0,7854318734793188","0,5555555555555556",Estadia prolongada,"3,107649896623019","0,025671042729325196","221,50178523906678","7,790879478827362",Excluido (no agudo),Dentro de banda
01400057,Sala de Pros. Aux. Estación Vásquez,Municipal,Adolfo Gonzales Chaves,,,,,,,,Sin internacion,"3,107649896623019","0,025671042729325196",,,Excluido (no agudo),Dentro de banda
1400057,Sala de Pros. Aux. Estación Vásquez,Municipal,Adolfo Gonzales Chaves,0,,,,,,,Sin internacion,"3,107649896623019","0,025671042729325196",,,Excluido (no agudo),Dentro de banda
40600055,Sala de Pros. Aux. Eva Perón,Municipal,Hipólito Yrigoyen,0,,,,,,,Sin internacion,"3,107649896623019","0,025671042729325196",,,Excluido (no agudo),Dentro de banda
70000109,Sala de Pros. Aux. F. Ducos,Municipal,Saavedra,0,,,,,,,Sin internacion,"3,107649896623019","0,025671042729325196",,,Excluido (no agudo),Dentro de banda
11200145,Sala de Pros. Aux. Fátima,Municipal,Bragado,0,,,,,,,Sin internacion,"3,107649896623019","0,025671042729325196",,,Excluido (no agudo),Dentro de banda
70000061,Sala de Pros. Aux. Goyena,Municipal,Saavedra,0,,,,,,,Sin internacion,"3,107649896623019","0,025671042729325196",,,Excluido (no agudo),Dentro de banda
58800051,Sala de Pros. Aux. H. Castellanos (French),Municipal,9 de Julio,0,,,,,,,Sin internacion,"3,107649896623019","0,025671042729325196",,,Excluido (no agudo),Dentro de banda
35100040,Sala de Pros. Aux. Iriarte,Municipal,General Pinto,0,,,,,,,Sin internacion,"3,107649896623019","0,025671042729325196",,,Excluido (no agudo),Dentro de banda
65801586,Sala de Pros. Aux. Islas Malvinas,Municipal,Quilmes,0,,,,,,,Sin internacion,"3,107649896623019","0,025671042729325196",,,Excluido (no agudo),Dentro de banda
57400050,Sala de Pros. Aux. J.J. Almeyra,Municipal,Navarro,0,,,,,,,Sin internacion,"3,107649896623019","0,025671042729325196",,,Excluido (no agudo),Dentro de banda
11200234,Sala de Pros. Aux. La Curva,Municipal,Bragado,0,,,,,,,Sin internacion,"3,107649896623019","0,025671042729325196",,,Excluido (no agudo),Dentro de banda
35100031,Sala de Pros. Aux. La Fuente Guisasola,Municipal,General Pinto,227,"75,66666666666667","77,09691629955947","0,07048458149779736",18,"0,8815896188158961","4,203703703703703",Estadia prolongada,"3,107649896623019","0,025671042729325196","24,808752228923264","2,745684397824621",Excluido (no agudo),Dentro de banda
23100073,Sala de Pros. Aux. La Manuela,Municipal,Daireaux,0,,,,,,,Sin internacion,"3,107649896623019","0,025671042729325196",,,Excluido (no agudo),Dentro de banda
65801462,Sala de Pros. Aux. La Sarita,Municipal,Quilmes,0,,,,,,,Sin internacion,"3,107649896623019","0,025671042729325196",,,Excluido (no agudo),Dentro de banda
30800021,Sala de Pros. Aux. Labardén,Municipal,General Guido,0,,,,,,,Sin internacion,"3,107649896623019","0,025671042729325196",,,Excluido (no agudo),Dentro de banda
48300077,Sala de Pros. Aux. Laguna de Lobos,Municipal,Lobos,0,,,,,,,Sin internacion,"3,107649896623019","0,025671042729325196",,,Excluido (no agudo),Dentro de banda
78400068,Sala de Pros. Aux. Las 14 Provincias,Municipal,Suipacha,0,,,,,,,Sin internacion,"3,107649896623019","0,025671042729325196",,,Excluido (no agudo),Dentro de banda
51100038,Sala de Pros. Aux. Las Armas,Municipal,Maipú,0,,,,,,,Sin internacion,"3,107649896623019","0,025671042729325196",,,Excluido (no agudo),Dentro de banda
48300123,Sala de Pros. Aux. Las Chacras J. Amado,Municipal,Lobos,0,,,,,,,Sin internacion,"3,107649896623019","0,025671042729325196",,,Excluido (no agudo),Dentro de banda
57400017,Sala de Pros. Aux. Las Marianas,Municipal,Navarro,0,,,,,,,Sin internacion,"3,107649896623019","0,025671042729325196",,,Excluido (no agudo),Dentro de banda
11200161,Sala de Pros. Aux. Las Violetas,Municipal,Bragado,0,,,,,,,Sin internacion,"3,107649896623019","0,025671042729325196",,,Excluido (no agudo),Dentro de banda
26600051,Sala de Pros. Aux. Los Cardales,Municipal,Exaltación De La Cruz,0,,,,,,,Sin internacion,"3,107649896623019","0,025671042729325196",,,Excluido (no agudo),Dentro de banda
65800172,Sala de Pros. Aux. Los Fresnos,Provincial,Quilmes,24158,"8052,666666666667","6,177994867124762","0,038165411043960595",158,"0,8144694756532683","50,9662447257384",Agudos,"5,54963563866355","0,04447215295095595","1,1132253123220415","0,8581867193623288",Normal,Dentro de banda
65800083,Sala de Pros. Aux. Los Fresnos,Municipal,Quilmes,0,,,,,,,Sin internacion,"3,107649896623019","0,025671042729325196",,,Excluido (no agudo),Dentro de banda
6300026,Sala de Pros. Aux. Los Pinos,Municipal,Balcarce,0,,,,,,,Sin internacion,"3,107649896623019","0,025671042729325196",,,Excluido (no agudo),Dentro de banda
06300026,Sala de Pros. Aux. Los Pinos,Municipal,Balcarce,,,,,,,,Sin internacion,"3,107649896623019","0,025671042729325196",,,Excluido (no agudo),Dentro de banda
72100038,Sala de Pros. Aux. Madre Teresa de Calcuta,Municipal,Salliqueló,0,,,,,,,Sin internacion,"3,107649896623019","0,025671042729325196",,,Excluido (no agudo),Dentro de banda
40600063,Sala de Pros. Aux. María Auxiliadora,Municipal,Hipólito Yrigoyen,0,,,,,,,Sin internacion,"3,107649896623019","0,025671042729325196",,,Excluido (no agudo),Dentro de banda
72800111,Sala de Pros. Aux. Monte de Novi,Municipal,San Andrés de Giles,0,,,,,,,Sin internacion,"3,107649896623019","0,025671042729325196",,,Excluido (no agudo),Dentro de banda
72100046,Sala de Pros. Aux. Ntra. Sra. de Fátima,Municipal,Salliqueló,0,,,,,,,Sin internacion,"3,107649896623019","0,025671042729325196",,,Excluido (no agudo),Dentro de banda
64400073,Sala de Pros. Aux. Ostende,Municipal,Pinamar,0,,,,,,,Sin internacion,"3,107649896623019","0,025671042729325196",,,Excluido (no agudo),Dentro de banda
57400068,Sala de Pros. Aux. P. Pietranera,Municipal,Navarro,0,,,,,,,Sin internacion,"3,107649896623019","0,025671042729325196",,,Excluido (no agudo),Dentro de banda
26600034,Sala de Pros. Aux. Parada Robles,Municipal,Exaltación De La Cruz,0,,,,,,,Sin internacion,"3,107649896623019","0,025671042729325196",,,Excluido (no agudo),Dentro de banda
33600112,Sala de Pros. Aux. Paraje Pavón,Municipal,General Lavalle,0,,,,,,,Sin internacion,"3,107649896623019","0,025671042729325196",,,Excluido (no agudo),Dentro de banda
2100081,Sala de Pros. Aux. Plá,Municipal,Alberti,0,,,,,,,Sin internacion,"3,107649896623019","0,025671042729325196",,,Excluido (no agudo),Dentro de banda
02100081,Sala de Pros. Aux. Plá,Municipal,Alberti,,,,,,,,Sin internacion,"3,107649896623019","0,025671042729325196",,,Excluido (no agudo),Dentro de banda
72100011,Sala de Pros. Aux. Quenumá,Municipal,Salliqueló,0,,,,,,,Sin internacion,"3,107649896623019","0,025671042729325196",,,Excluido (no agudo),Dentro de banda
58100319,Sala de Pros. Aux. Rambla,Municipal,Necochea,0,,,,,,,Sin internacion,"3,107649896623019","0,025671042729325196",,,Excluido (no agudo),Dentro de banda
78400092,Sala de Pros. Aux. Ramón Báez,Municipal,Suipacha,0,,,,,,,Sin internacion,"3,107649896623019","0,025671042729325196",,,Excluido (no agudo),Dentro de banda
40600071,Sala de Pros. Aux. Ramón Carrillo,Municipal,Hipólito Yrigoyen,0,,,,,,,Sin internacion,"3,107649896623019","0,025671042729325196",,,Excluido (no agudo),Dentro de banda
48300093,Sala de Pros. Aux. Salvador María,Municipal,Lobos,0,,,,,,,Sin internacion,"3,107649896623019","0,025671042729325196",,,Excluido (no agudo),Dentro de banda
72100054,Sala de Pros. Aux. San Cayetano,Municipal,Salliqueló,0,,,,,,,Sin internacion,"3,107649896623019","0,025671042729325196",,,Excluido (no agudo),Dentro de banda
11200153,Sala de Pros. Aux. Santa Marta,Municipal,Bragado,0,,,,,,,Sin internacion,"3,107649896623019","0,025671042729325196",,,Excluido (no agudo),Dentro de banda
23100081,Sala de Pros. Aux. Santa María,Municipal,Daireaux,0,,,,,,,Sin internacion,"3,107649896623019","0,025671042729325196",,,Excluido (no agudo),Dentro de banda
14700157,Sala de Pros. Aux. Sind. Trab. y Empl. Municipales,Municipal,Carlos Casares,0,,,,,,,Sin internacion,"3,107649896623019","0,025671042729325196",,,Excluido (no agudo),Dentro de banda
72800056,Sala de Pros. Aux. Sta. Teresita,Municipal,San Andrés de Giles,0,,,,,,,Sin internacion,"3,107649896623019","0,025671042729325196",,,Excluido (no agudo),Dentro de banda
51100062,Sala de Pros. Aux. Sto. Domingo,Municipal,Maipú,0,,,,,,,Sin internacion,"3,107649896623019","0,025671042729325196",,,Excluido (no agudo),Dentro de banda
78400076,Sala de Pros. Aux. Suipacha Chico,Municipal,Suipacha,0,,,,,,,Sin internacion,"3,107649896623019","0,025671042729325196",,,Excluido (no agudo),Dentro de banda
65800202,Sala de Pros. Aux. Va. Alcira,Municipal,Quilmes,0,,,,,,,Sin internacion,"3,107649896623019","0,025671042729325196",,,Excluido (no agudo),Dentro de banda
64400022,Sala de Pros. Aux. Valeria del Mar,Municipal,Pinamar,0,,,,,,,Sin internacion,"3,107649896623019","0,025671042729325196",,,Excluido (no agudo),Dentro de banda
51100071,Sala de Pros. Aux. Villa Italia,Municipal,Maipú,0,,,,,,,Sin internacion,"3,107649896623019","0,025671042729325196",,,Excluido (no agudo),Dentro de banda
51100054,Sala de Pros. Aux. Villa Vanelli,Municipal,Maipú,0,,,,,,,Sin internacion,"3,107649896623019","0,025671042729325196",,,Excluido (no agudo),Dentro de banda
48300069,Sala de Pros. Aux. Zapiola,Municipal,Lobos,0,,,,,,,Sin internacion,"3,107649896623019","0,025671042729325196",,,Excluido (no agudo),Dentro de banda
72800048,Sala de Pros. Aux. de Azcuénaga,Municipal,San Andrés de Giles,0,,,,,,,Sin internacion,"3,107649896623019","0,025671042729325196",,,Excluido (no agudo),Dentro de banda
46900239,Sala de Pros. Aux. de Bermudez,Municipal,Lincoln,0,,,,,,,Sin internacion,"3,107649896623019","0,025671042729325196",,,Excluido (no agudo),Dentro de banda
72800129,Sala de Pros. Aux. de Franklin,Municipal,San Andrés de Giles,0,,,,,,,Sin internacion,"3,107649896623019","0,025671042729325196",,,Excluido (no agudo),Dentro de banda
35100091,Sala de Pros. Aux. de Ingeniero Balbín,Municipal,General Pinto,0,,,,,,,Sin internacion,"3,107649896623019","0,025671042729325196",,,Excluido (no agudo),Dentro de banda
1400065,Sala de Pros. Aux. de J. E. Barra,Municipal,Adolfo Gonzales Chaves,0,,,,,,,Sin internacion,"3,107649896623019","0,025671042729325196",,,Excluido (no agudo),Dentro de banda
01400065,Sala de Pros. Aux. de J. E. Barra,Municipal,Adolfo Gonzales Chaves,,,,,,,,Sin internacion,"3,107649896623019","0,025671042729325196",,,Excluido (no agudo),Dentro de banda
58100335,Sala de Pros. Aux. de Quequén,Municipal,Necochea,0,,,,,,,Sin internacion,"3,107649896623019","0,025671042729325196",,,Excluido (no agudo),Dentro de banda
72800021,Sala de Pros. Aux. de Solís,Municipal,San Andrés de Giles,0,,,,,,,Sin internacion,"3,107649896623019","0,025671042729325196",,,Excluido (no agudo),Dentro de banda
72800081,Sala de Pros. Aux. de Villa Espil,Municipal,San Andrés de Giles,0,,,,,,,Sin internacion,"3,107649896623019","0,025671042729325196",,,Excluido (no agudo),Dentro de banda
42700880,Sala de Salud 17 de Agosto,Municipal,La Matanza,0,,,,,,,Sin internacion,"3,107649896623019","0,025671042729325196",,,Excluido (no agudo),Dentro de banda
42701444,Sala de Salud 22 de Enero (Juan XXII),Municipal,La Matanza,0,,,,,,,Sin internacion,"3,107649896623019","0,025671042729325196",,,Excluido (no agudo),Dentro de banda
42700804,Sala de Salud Barrio Almafuerte,Municipal,La Matanza,0,,,,,,,Sin internacion,"3,107649896623019","0,025671042729325196",,,Excluido (no agudo),Dentro de banda
42700871,Sala de Salud Esperanza González Catán,Municipal,La Matanza,0,,,,,,,Sin internacion,"3,107649896623019","0,025671042729325196",,,Excluido (no agudo),Dentro de banda
42700898,Sala de Salud J. Hernández Va. Celina - La Salada,Municipal,La Matanza,0,,,,,,,Sin internacion,"3,107649896623019","0,025671042729325196",,,Excluido (no agudo),Dentro de banda
42701410,Sala de Salud Los Pinos Barrio Manzanares G. de Del Giudice,Municipal,La Matanza,0,,,,,,,Sin internacion,"3,107649896623019","0,025671042729325196",,,Excluido (no agudo),Dentro de banda
42700855,Sala de Salud Malvinas Argentinas,Municipal,La Matanza,0,,,,,,,Sin internacion,"3,107649896623019","0,025671042729325196",,,Excluido (no agudo),Dentro de banda
42700766,Sala de Salud Nº 16 Las Antenas,Municipal,La Matanza,0,,,,,,,Sin internacion,"3,107649896623019","0,025671042729325196",,,Excluido (no agudo),Dentro de banda
42701401,Sala de Salud Nº 22 Eva Perón,Municipal,La Matanza,0,,,,,,,Sin internacion,"3,107649896623019","0,025671042729325196",,,Excluido (no agudo),Dentro de banda
42700821,Sala de Salud Nº 41 Virrey del Pino,Municipal,La Matanza,0,,,,,,,Sin internacion,"3,107649896623019","0,025671042729325196",,,Excluido (no agudo),Dentro de banda
42701541,Sala de Salud Sabín,Municipal,La Matanza,0,,,,,,,Sin internacion,"3,107649896623019","0,025671042729325196",,,Excluido (no agudo),Dentro de banda
42701461,Sala de Salud San Pedro,Municipal,La Matanza,0,,,,,,,Sin internacion,"3,107649896623019","0,025671042729325196",,,Excluido (no agudo),Dentro de banda
42701752,Sala de Salud San Pedro Virrey del Pino,Municipal,La Matanza,0,,,,,,,Sin internacion,"3,107649896623019","0,025671042729325196",,,Excluido (no agudo),Dentro de banda
42701760,Sala de Salud San Pedro Virrey del Pino,Provincial,La Matanza,25912,"8637,333333333334","4,880943192343316","0,03473294226613152","163,66666666666666","0,711892638686172","52,77393075356415",Agudos,"5,54963563866355","0,04447215295095595","0,8795069640857959","0,7810042905823592",Normal,Dentro de banda
42700758,Sala de Salud Santos Vega,Municipal,La Matanza,0,,,,,,,Sin internacion,"3,107649896623019","0,025671042729325196",,,Excluido (no agudo),Dentro de banda
42701703,Sala de Salud Villa Madero (2 de Abril),Municipal,La Matanza,0,,,,,,,Sin internacion,"3,107649896623019","0,025671042729325196",,,Excluido (no agudo),Dentro de banda
27001049,Secretaría de Transporte,Municipal,Ezeiza,0,,,,,,,Sin internacion,"3,107649896623019","0,025671042729325196",,,Excluido (no agudo),Dentro de banda
27400948,Serv. de Emerg. Médica SUME 107,Municipal,Florencio Varela,0,,,,,,,Sin internacion,"3,107649896623019","0,025671042729325196",,,Excluido (no agudo),Dentro de banda
37100912,Servicio de Emergencias Municipal,Municipal,General San Martín,0,,,,,,,Sin internacion,"3,107649896623019","0,025671042729325196",,,Excluido (no agudo),Dentro de banda
79100459,Servicio de Neumotisiología,Municipal,Tandil,70,"23,333333333333332","671,6857142857143","0,14285714285714285","51,333333333333336","0,8497696016510399","0,45454545454545453",Estadia prolongada,"3,107649896623019","0,025671042729325196","216,13944190290326","5,564913913448115",Excluido (no agudo),Dentro de banda
80500070,Servicio de Neumotisiología,Municipal,Tigre,0,,,,,,,Sin internacion,"3,107649896623019","0,025671042729325196",,,Excluido (no agudo),Dentro de banda
79800019,Servicio de Neumotisiología,Municipal,Tapalqué,0,,,,,,,Sin internacion,"3,107649896623019","0,025671042729325196",,,Excluido (no agudo),Dentro de banda
80500088,Servicio de Neumotisiología,Municipal,Tigre,0,,,,,,,Sin internacion,"3,107649896623019","0,025671042729325196",,,Excluido (no agudo),Dentro de banda
80500029,Servicio de Neumotisiología,Municipal,Tigre,0,,,,,,,Sin internacion,"3,107649896623019","0,025671042729325196",,,Excluido (no agudo),Dentro de banda
79800001,Servicio de Neumotisiología,Municipal,Tapalqué,,,,,,,,Sin internacion,"3,107649896623019","0,025671042729325196",,,Excluido (no agudo),Dentro de banda
79800060,Servicio de Neumotisiología,Municipal,Tapalqué,57,19,"288,2280701754386","0,03508771929824561",30,"0,646867396593674","0,6333333333333333",Estadia prolongada,"3,107649896623019","0,025671042729325196","92,74792198717319","1,3668209611977826",Excluido (no agudo),Dentro de banda
79800108,Servicio de Neumotisiología,Municipal,Tapalqué,0,,,,,,,Sin internacion,"3,107649896623019","0,025671042729325196",,,Excluido (no agudo),Dentro de banda
79800086,Servicio de Neumotisiología,Municipal,Tapalqué,0,,,,,,,Sin internacion,"3,107649896623019","0,025671042729325196",,,Excluido (no agudo),Dentro de banda
80500011,Servicio de Neumotisiología,Municipal,Tigre,0,,,,,,,Sin internacion,"3,107649896623019","0,025671042729325196",,,Excluido (no agudo),Dentro de banda
80500096,Servicio de Neumotisiología,Municipal,Tigre,0,,,,,,,Sin internacion,"3,107649896623019","0,025671042729325196",,,Excluido (no agudo),Dentro de banda
79100475,Servicio de Neumotisiología,Municipal,Tandil,31,"10,333333333333334","458,5806451612903","0,06451612903225806",16,"0,829278113316077","0,6458333333333334",Estadia prolongada,"3,107649896623019","0,025671042729325196","147,5650927279855","2,5131869286539876",Excluido (no agudo),Dentro de banda
79800027,Servicio de Neumotisiología,Municipal,Tapalqué,5720,"1906,6666666666667","4,6662587412587415","0,031118881118881118",60,"0,5110553527980535","31,77777777777778",Agudos,"3,107649896623019","0,025671042729325196","1,5015393935878723","1,2122172615657956",Normal,Dentro de banda
79100530,Servicio de Neumotisiología,Municipal,Tandil,0,,,,,,,Sin internacion,"3,107649896623019","0,025671042729325196",,,Excluido (no agudo),Dentro de banda
79800043,Servicio de Neumotisiología,Municipal,Tapalqué,0,,,,,,,Sin internacion,"3,107649896623019","0,025671042729325196",,,Excluido (no agudo),Dentro de banda
79100751,Servicio de Neumotisiología,Municipal,Tandil,0,,,,,,,Sin internacion,"3,107649896623019","0,025671042729325196",,,Excluido (no agudo),Dentro de banda
79800078,Servicio de Neumotisiología,Municipal,Tapalqué,20,"6,666666666666667","1086,95",0,54,"0,57191132738578","0,12345679012345678",Estadia prolongada,"3,107649896623019","0,025671042729325196","349,76591191342146",0,Excluido (no agudo),Dentro de banda
80500045,Servicio de Neumotisiología,Municipal,Tigre,0,,,,,,,Sin internacion,"3,107649896623019","0,025671042729325196",,,Excluido (no agudo),Dentro de banda
79100521,Servicio de Neumotisiología,Municipal,Tandil,0,,,,,,,Sin internacion,"3,107649896623019","0,025671042729325196",,,Excluido (no agudo),Dentro de banda
79100769,Servicio de Neumotisiología,Municipal,Tandil,4078,"1359,3333333333333","3,3231976459048553","0,0029426189308484553",47,"0,267278869301856","28,921985815602838",Agudos,"3,107649896623019","0,025671042729325196","1,0693603708435964","0,1146279472117807",Subutilizado,Dentro de banda
32200030,Servicio de Salud Mental Dr. E. Mañay,Municipal,General La Madrid,30,10,"767,0666666666667","0,4666666666666667",22,"0,7097710683477106","0,45454545454545453",Estadia prolongada,"3,107649896623019","0,025671042729325196","246,83175138235902","18,17871878393051",Excluido (no agudo),Dentro de banda
74900759,Sistema de Emergencia Municipal San Fernando Salud,Municipal,San Fernando,0,,,,,,,Sin internacion,"3,107649896623019","0,025671042729325196",,,Excluido (no agudo),Dentro de banda
43401509,Sociedad de Fomento Héroes de Malvinas 1,Municipal,Lanús,0,,,,,,,Sin internacion,"3,107649896623019","0,025671042729325196",,,Excluido (no agudo),Dentro de banda
43400014,Sociedad de Fomento Va. Urquiza Nº 2,Municipal,Lanús,0,,,,,,,Sin internacion,"3,107649896623019","0,025671042729325196",,,Excluido (no agudo),Dentro de banda
35700629,Subcentro de Salud Batán,Municipal,General Pueyrredón,0,,,,,,,Sin internacion,"3,107649896623019","0,025671042729325196",,,Excluido (no agudo),Dentro de banda
35700653,Subcentro de Salud El Martillo,Municipal,General Pueyrredón,0,,,,,,,Sin internacion,"3,107649896623019","0,025671042729325196",,,Excluido (no agudo),Dentro de banda
35700831,Subcentro de Salud Gral. Belgrano,Municipal,General Pueyrredón,0,,,,,,,Sin internacion,"3,107649896623019","0,025671042729325196",,,Excluido (no agudo),Dentro de banda
35700726,Subcentro de Salud J. Newbery,Municipal,General Pueyrredón,0,,,,,,,Sin internacion,"3,107649896623019","0,025671042729325196",,,Excluido (no agudo),Dentro de banda
35700963,Subcentro de Salud Libertad,Municipal,General Pueyrredón,0,,,,,,,Sin internacion,"3,107649896623019","0,025671042729325196",,,Excluido (no agudo),Dentro de banda
44106981,Subsecretaria de Determinantes Sociales de la Salud y  la Enfermedad Física-Mental y de las Adicciones,Provincial,La Plata,,,,,,,,Sin internacion,"5,54963563866355","0,04447215295095595",,,Excluido (no agudo),Dentro de banda
65800223,Subsecretaría de Transporte y Educación Vial,Municipal,Quilmes,0,,,,,,,Sin internacion,"3,107649896623019","0,025671042729325196",,,Excluido (no agudo),Dentro de banda
27000972,Trailler Móvil,Municipal,Ezeiza,0,,,,,,,Sin internacion,"3,107649896623019","0,025671042729325196",,,Excluido (no agudo),Dentro de banda
49001499,Trailler Pediátrico,Municipal,Lomas de Zamora,0,,,,,,,Sin internacion,"3,107649896623019","0,025671042729325196",,,Excluido (no agudo),Dentro de banda
41201203,Trailler Sanitario Piñeiro II,Municipal,José C. Paz,0,,,,,,,Sin internacion,"3,107649896623019","0,025671042729325196",,,Excluido (no agudo),Dentro de banda
26000883,U. S Nº 18,Municipal,Esteban Echeverría,0,,,,,,,Sin internacion,"3,107649896623019","0,025671042729325196",,,Excluido (no agudo),Dentro de banda
26001015,U. S Nº 27,Municipal,Esteban Echeverría,0,,,,,,,Sin internacion,"3,107649896623019","0,025671042729325196",,,Excluido (no agudo),Dentro de banda
26001023,U. S Nº 28,Municipal,Esteban Echeverría,0,,,,,,,Sin internacion,"3,107649896623019","0,025671042729325196",,,Excluido (no agudo),Dentro de banda
26001035,U. S Nº 28,Provincial,Esteban Echeverría,2972,2972,"12,83479138627187","0,19313593539703902",107,"0,9897890946502058","27,77570093457944",Agudos,"5,54963563866355","0,04447215295095595","2,312726856670308","4,342851033320335",Saturado,Peor desempeno
25200658,U.D.P. Juana Azurduy,Municipal,Escobar,0,,,,,,,Sin internacion,"3,107649896623019","0,025671042729325196",,,Excluido (no agudo),Dentro de banda
02800351,U.S. 13 de Julio,Municipal,Almirante Brown,,,,,,,,Sin internacion,"3,107649896623019","0,025671042729325196",,,Excluido (no agudo),Dentro de banda
2800351,U.S. 13 de Julio,Municipal,Almirante Brown,0,,,,,,,Sin internacion,"3,107649896623019","0,025671042729325196",,,Excluido (no agudo),Dentro de banda
2800814,U.S. 15 de Enero,Municipal,Almirante Brown,0,,,,,,,Sin internacion,"3,107649896623019","0,025671042729325196",,,Excluido (no agudo),Dentro de banda
02800814,U.S. 15 de Enero,Municipal,Almirante Brown,,,,,,,,Sin internacion,"3,107649896623019","0,025671042729325196",,,Excluido (no agudo),Dentro de banda
02800601,U.S. 28 de Diciembre,Municipal,Almirante Brown,,,,,,,,Sin internacion,"3,107649896623019","0,025671042729325196",,,Excluido (no agudo),Dentro de banda
2800601,U.S. 28 de Diciembre,Municipal,Almirante Brown,0,,,,,,,Sin internacion,"3,107649896623019","0,025671042729325196",,,Excluido (no agudo),Dentro de banda
27400115,U.S. Bo. Pepsi,Municipal,Florencio Varela,0,,,,,,,Sin internacion,"3,107649896623019","0,025671042729325196",,,Excluido (no agudo),Dentro de banda
2800407,U.S. Burzaco,Municipal,Almirante Brown,0,,,,,,,Sin internacion,"3,107649896623019","0,025671042729325196",,,Excluido (no agudo),Dentro de banda
02800407,U.S. Burzaco,Municipal,Almirante Brown,,,,,,,,Sin internacion,"3,107649896623019","0,025671042729325196",,,Excluido (no agudo),Dentro de banda
02800211,U.S. Cristo Redentor,Municipal,Almirante Brown,,,,,,,,Sin internacion,"3,107649896623019","0,025671042729325196",,,Excluido (no agudo),Dentro de banda
2800211,U.S. Cristo Redentor,Municipal,Almirante Brown,0,,,,,,,Sin internacion,"3,107649896623019","0,025671042729325196",,,Excluido (no agudo),Dentro de banda
2800385,U.S. Don Orione,Municipal,Almirante Brown,0,,,,,,,Sin internacion,"3,107649896623019","0,025671042729325196",,,Excluido (no agudo),Dentro de banda
02800385,U.S. Don Orione,Municipal,Almirante Brown,,,,,,,,Sin internacion,"3,107649896623019","0,025671042729325196",,,Excluido (no agudo),Dentro de banda
02800741,U.S. El Hornero,Municipal,Almirante Brown,,,,,,,,Sin internacion,"3,107649896623019","0,025671042729325196",,,Excluido (no agudo),Dentro de banda
2800741,U.S. El Hornero,Municipal,Almirante Brown,0,,,,,,,Sin internacion,"3,107649896623019","0,025671042729325196",,,Excluido (no agudo),Dentro de banda
2800831,U.S. El Progreso,Municipal,Almirante Brown,0,,,,,,,Sin internacion,"3,107649896623019","0,025671042729325196",,,Excluido (no agudo),Dentro de banda
02800831,U.S. El Progreso,Municipal,Almirante Brown,,,,,,,,Sin internacion,"3,107649896623019","0,025671042729325196",,,Excluido (no agudo),Dentro de banda
2800342,U.S. Glew I,Municipal,Almirante Brown,0,,,,,,,Sin internacion,"3,107649896623019","0,025671042729325196",,,Excluido (no agudo),Dentro de banda
02800342,U.S. Glew I,Municipal,Almirante Brown,,,,,,,,Sin internacion,"3,107649896623019","0,025671042729325196",,,Excluido (no agudo),Dentro de banda
02800369,U.S. Glew II,Municipal,Almirante Brown,,,,,,,,Sin internacion,"3,107649896623019","0,025671042729325196",,,Excluido (no agudo),Dentro de banda
2800369,U.S. Glew II,Municipal,Almirante Brown,0,,,,,,,Sin internacion,"3,107649896623019","0,025671042729325196",,,Excluido (no agudo),Dentro de banda
2800806,U.S. Juan Glew (Glew Sur),Municipal,Almirante Brown,0,,,,,,,Sin internacion,"3,107649896623019","0,025671042729325196",,,Excluido (no agudo),Dentro de banda
02800806,U.S. Juan Glew (Glew Sur),Municipal,Almirante Brown,,,,,,,,Sin internacion,"3,107649896623019","0,025671042729325196",,,Excluido (no agudo),Dentro de banda
02800822,U.S. La Casona,Municipal,Almirante Brown,,,,,,,,Sin internacion,"3,107649896623019","0,025671042729325196",,,Excluido (no agudo),Dentro de banda
2800822,U.S. La Casona,Municipal,Almirante Brown,0,,,,,,,Sin internacion,"3,107649896623019","0,025671042729325196",,,Excluido (no agudo),Dentro de banda
2800555,U.S. La Gloria,Municipal,Almirante Brown,0,,,,,,,Sin internacion,"3,107649896623019","0,025671042729325196",,,Excluido (no agudo),Dentro de banda
02800555,U.S. La Gloria,Municipal,Almirante Brown,,,,,,,,Sin internacion,"3,107649896623019","0,025671042729325196",,,Excluido (no agudo),Dentro de banda
02800245,U.S. Los Alamos,Municipal,Almirante Brown,,,,,,,,Sin internacion,"3,107649896623019","0,025671042729325196",,,Excluido (no agudo),Dentro de banda
2800245,U.S. Los Alamos,Municipal,Almirante Brown,0,,,,,,,Sin internacion,"3,107649896623019","0,025671042729325196",,,Excluido (no agudo),Dentro de banda
2800849,U.S. Los Aviadores,Municipal,Almirante Brown,0,,,,,,,Sin internacion,"3,107649896623019","0,025671042729325196",,,Excluido (no agudo),Dentro de banda
02800849,U.S. Los Aviadores,Municipal,Almirante Brown,,,,,,,,Sin internacion,"3,107649896623019","0,025671042729325196",,,Excluido (no agudo),Dentro de banda
02800652,U.S. Móvil N° 20,Municipal,Almirante Brown,,,,,,,,Sin internacion,"3,107649896623019","0,025671042729325196",,,Excluido (no agudo),Dentro de banda
2800652,U.S. Móvil N° 20,Municipal,Almirante Brown,0,,,,,,,Sin internacion,"3,107649896623019","0,025671042729325196",,,Excluido (no agudo),Dentro de banda
02800229,U.S. N° 1 - Mtro. Rivadavia,Municipal,Almirante Brown,,,,,,,,Sin internacion,"3,107649896623019","0,025671042729325196",,,Excluido (no agudo),Dentro de banda
2800229,U.S. N° 1 - Mtro. Rivadavia,Municipal,Almirante Brown,0,,,,,,,Sin internacion,"3,107649896623019","0,025671042729325196",,,Excluido (no agudo),Dentro de banda
2800750,U.S. N° 21 Pte. Perón,Municipal,Almirante Brown,0,,,,,,,Sin internacion,"3,107649896623019","0,025671042729325196",,,Excluido (no agudo),Dentro de banda
02800750,U.S. N° 21 Pte. Perón,Municipal,Almirante Brown,,,,,,,,Sin internacion,"3,107649896623019","0,025671042729325196",,,Excluido (no agudo),Dentro de banda
2800776,U.S. N° 22 Loma Verde,Municipal,Almirante Brown,0,,,,,,,Sin internacion,"3,107649896623019","0,025671042729325196",,,Excluido (no agudo),Dentro de banda
02800776,U.S. N° 22 Loma Verde,Municipal,Almirante Brown,,,,,,,,Sin internacion,"3,107649896623019","0,025671042729325196",,,Excluido (no agudo),Dentro de banda
2800121,U.S. Nº 2 Horizonte,Municipal,Almirante Brown,0,,,,,,,Sin internacion,"3,107649896623019","0,025671042729325196",,,Excluido (no agudo),Dentro de banda
02800121,U.S. Nº 2 Horizonte,Municipal,Almirante Brown,,,,,,,,Sin internacion,"3,107649896623019","0,025671042729325196",,,Excluido (no agudo),Dentro de banda
02800041,U.S. Nº 3 Bo. Lindo,Municipal,Almirante Brown,,,,,,,,Sin internacion,"3,107649896623019","0,025671042729325196",,,Excluido (no agudo),Dentro de banda
2800041,U.S. Nº 3 Bo. Lindo,Municipal,Almirante Brown,0,,,,,,,Sin internacion,"3,107649896623019","0,025671042729325196",,,Excluido (no agudo),Dentro de banda
2800202,U.S. Nº 4 San José,Municipal,Almirante Brown,0,,,,,,,Sin internacion,"3,107649896623019","0,025671042729325196",,,Excluido (no agudo),Dentro de banda
02800202,U.S. Nº 4 San José,Municipal,Almirante Brown,,,,,,,,Sin internacion,"3,107649896623019","0,025671042729325196",,,Excluido (no agudo),Dentro de banda
2800377,U.S. Rafael Calzada,Municipal,Almirante Brown,0,,,,,,,Sin internacion,"3,107649896623019","0,025671042729325196",,,Excluido (no agudo),Dentro de banda
02800377,U.S. Rafael Calzada,Municipal,Almirante Brown,,,,,,,,Sin internacion,"3,107649896623019","0,025671042729325196",,,Excluido (no agudo),Dentro de banda
02800610,U.S. San Agustín,Municipal,Almirante Brown,,,,,,,,Sin internacion,"3,107649896623019","0,025671042729325196",,,Excluido (no agudo),Dentro de banda
2800610,U.S. San Agustín,Municipal,Almirante Brown,0,,,,,,,Sin internacion,"3,107649896623019","0,025671042729325196",,,Excluido (no agudo),Dentro de banda
2800644,U.S. San Agustín,Provincial,Almirante Brown,29010,9670,"5,3650120648052395","0,04343329886246122",184,"0,7574373209257981","52,55434782608695",Agudos,"5,54963563866355","0,04447215295095595","0,9667323071496688","0,976640346383941",Normal,Dentro de banda
02800318,U.S. Vendramin,Municipal,Almirante Brown,,,,,,,,Sin internacion,"3,107649896623019","0,025671042729325196",,,Excluido (no agudo),Dentro de banda
2800318,U.S. Vendramin,Municipal,Almirante Brown,0,,,,,,,Sin internacion,"3,107649896623019","0,025671042729325196",,,Excluido (no agudo),Dentro de banda
52500161,UNIDAD SANITARIA EL PRADO,Municipal,Marcos Paz,0,,,,,,,Sin internacion,"3,107649896623019","0,025671042729325196",,,Excluido (no agudo),Dentro de banda
09101156,UPA 10,Provincial,Berazategui,,,,,,,,Sin internacion,"5,54963563866355","0,04447215295095595",,,Excluido (no agudo),Dentro de banda
88200873,UPA 14,Municipal,Sin dato,0,,,,,,,Sin internacion,"3,107649896623019","0,025671042729325196",,,Excluido (no agudo),Dentro de banda
84001315,UPA 16,Provincial,Tres de Febrero,351,351,"3,056980056980057","0,002849002849002849",6,"2,290942360475755","58,5",Agudos,"5,54963563866355","0,04447215295095595","0,5508433807226003","0,06406262481028836",Anomalia de datos,Dentro de banda
84700049,UPA 16,Municipal,Tres Lomas,0,,,,,,,Sin internacion,"3,107649896623019","0,025671042729325196",,,Excluido (no agudo),Dentro de banda
85400380,UPA 16,Municipal,26 de Mayo,0,,,,,,,Sin internacion,"3,107649896623019","0,025671042729325196",,,Excluido (no agudo),Dentro de banda
85400260,UPA 16,Municipal,25 de Mayo,0,,,,,,,Sin internacion,"3,107649896623019","0,025671042729325196",,,Excluido (no agudo),Dentro de banda
85400162,UPA 16,Municipal,25 de Mayo,0,,,,,,,Sin internacion,"3,107649896623019","0,025671042729325196",,,Excluido (no agudo),Dentro de banda
85400073,UPA 16,Municipal,25 de Mayo,4622,"1540,6666666666667","3,700995240155777","0,014495889225443532",25,"0,6655595298926928","61,626666666666665",Agudos,"3,107649896623019","0,025671042729325196","1,1909305627308684","0,5646786294693134",Normal,Dentro de banda
84700057,UPA 16,Municipal,Tres Lomas,0,,,,,,,Sin internacion,"3,107649896623019","0,025671042729325196",,,Excluido (no agudo),Dentro de banda
85400201,UPA 16,Municipal,25 de Mayo,0,,,,,,,Sin internacion,"3,107649896623019","0,025671042729325196",,,Excluido (no agudo),Dentro de banda
85400022,UPA 16,Municipal,25 de Mayo,395,"131,66666666666666","44,037974683544306",0,20,"0,9558394160583942","6,583333333333333",Estadia prolongada,"3,107649896623019","0,025671042729325196","14,170828809062092",0,Excluido (no agudo),Peor desempeno
85400014,UPA 16,Municipal,25 de Mayo,0,,,,,,,Sin internacion,"3,107649896623019","0,025671042729325196",,,Excluido (no agudo),Dentro de banda
85400286,UPA 16,Municipal,25 de Mayo,0,,,,,,,Sin internacion,"3,107649896623019","0,025671042729325196",,,Excluido (no agudo),Dentro de banda
84700010,UPA 16,Municipal,Tres Lomas,7120,"2373,3333333333335","4,902106741573034","0,020926966292134832",77,"0,6289103232533889","30,82251082251082",Agudos,"3,107649896623019","0,025671042729325196","1,5774321125748407","0,8151973611975258",Normal,Dentro de banda
84700022,UPA 16,Municipal,Tres Lomas,0,,,,,,,Sin internacion,"3,107649896623019","0,025671042729325196",,,Excluido (no agudo),Dentro de banda
86100022,UPA 16,Municipal,Vicente López,0,,,,,,,Sin internacion,"3,107649896623019","0,025671042729325196",,,Excluido (no agudo),Dentro de banda
85400081,UPA 16,Municipal,25 de Mayo,0,,,,,,,Sin internacion,"3,107649896623019","0,025671042729325196",,,Excluido (no agudo),Dentro de banda
84700073,UPA 16,Municipal,Tres Lomas,0,,,,,,,Sin internacion,"3,107649896623019","0,025671042729325196",,,Excluido (no agudo),Dentro de banda
85400120,UPA 16,Municipal,25 de Mayo,11959,"3986,3333333333335","3,1293586420269253","0,025671042729325196",58,"0,6803265794110244","68,72988505747126",Agudos,"3,107649896623019","0,025671042729325196","1,0069855827155745",1,Normal,Dentro de banda
85400031,UPA 16,Municipal,25 de Mayo,0,,,,,,,Sin internacion,"3,107649896623019","0,025671042729325196",,,Excluido (no agudo),Dentro de banda
85400090,UPA 16,Municipal,25 de Mayo,0,,,,,,,Sin internacion,"3,107649896623019","0,025671042729325196",,,Excluido (no agudo),Dentro de banda
85400308,UPA 16,Municipal,25 de Mayo,0,,,,,,,Sin internacion,"3,107649896623019","0,025671042729325196",,,Excluido (no agudo),Dentro de banda
85400197,UPA 16,Municipal,25 de Mayo,0,,,,,,,Sin internacion,"3,107649896623019","0,025671042729325196",,,Excluido (no agudo),Dentro de banda
03500427,UPA 2,Provincial,Avellaneda,,,,,,,,Sin internacion,"5,54963563866355","0,04447215295095595",,,Excluido (no agudo),Dentro de banda
02801021,UPA 5,Provincial,Almirante Brown,,,,,,,,Sin internacion,"5,54963563866355","0,04447215295095595",,,Excluido (no agudo),Dentro de banda
51500949,Unid. Funcional 11 de Febrero,Municipal,Malvinas Argentinas,0,,,,,,,Sin internacion,"3,107649896623019","0,025671042729325196",,,Excluido (no agudo),Dentro de banda
51500531,Unid. Funcional 25 de Mayo,Municipal,Malvinas Argentinas,0,,,,,,,Sin internacion,"3,107649896623019","0,025671042729325196",,,Excluido (no agudo),Dentro de banda
51501287,Unid. Funcional 8 de Octubre,Municipal,Malvinas Argentinas,0,,,,,,,Sin internacion,"3,107649896623019","0,025671042729325196",,,Excluido (no agudo),Dentro de banda
51501359,Unid. Funcional Bo. Panamericano,Municipal,Malvinas Argentinas,0,,,,,,,Sin internacion,"3,107649896623019","0,025671042729325196",,,Excluido (no agudo),Dentro de banda
51501309,Unid. Funcional Bo. Santa Mónica,Municipal,Malvinas Argentinas,0,,,,,,,Sin internacion,"3,107649896623019","0,025671042729325196",,,Excluido (no agudo),Dentro de banda
51501295,Unid. Funcional Delegación Villa de Mayo,Municipal,Malvinas Argentinas,0,,,,,,,Sin internacion,"3,107649896623019","0,025671042729325196",,,Excluido (no agudo),Dentro de banda
51501325,Unid. Funcional El Chelito,Municipal,Malvinas Argentinas,0,,,,,,,Sin internacion,"3,107649896623019","0,025671042729325196",,,Excluido (no agudo),Dentro de banda
51500493,Unid. Funcional El Primaveral,Municipal,Malvinas Argentinas,0,,,,,,,Sin internacion,"3,107649896623019","0,025671042729325196",,,Excluido (no agudo),Dentro de banda
51500230,Unid. Funcional El Sol,Municipal,Malvinas Argentinas,0,,,,,,,Sin internacion,"3,107649896623019","0,025671042729325196",,,Excluido (no agudo),Dentro de banda
51500540,Unid. Funcional Gral. Belgrano,Municipal,Malvinas Argentinas,0,,,,,,,Sin internacion,"3,107649896623019","0,025671042729325196",,,Excluido (no agudo),Dentro de banda
51500582,Unid. Funcional Km. 30,Municipal,Malvinas Argentinas,0,,,,,,,Sin internacion,"3,107649896623019","0,025671042729325196",,,Excluido (no agudo),Dentro de banda
51501317,Unid. Funcional Libertad,Municipal,Malvinas Argentinas,0,,,,,,,Sin internacion,"3,107649896623019","0,025671042729325196",,,Excluido (no agudo),Dentro de banda
51500191,Unid. Funcional Los Angeles,Municipal,Malvinas Argentinas,0,,,,,,,Sin internacion,"3,107649896623019","0,025671042729325196",,,Excluido (no agudo),Dentro de banda
51501342,Unid. Funcional Malvinas Argentinas,Municipal,Malvinas Argentinas,0,,,,,,,Sin internacion,"3,107649896623019","0,025671042729325196",,,Excluido (no agudo),Dentro de banda
51501163,Unid. Funcional Móvil Nº 85,Municipal,Malvinas Argentinas,0,,,,,,,Sin internacion,"3,107649896623019","0,025671042729325196",,,Excluido (no agudo),Dentro de banda
51501171,Unid. Funcional Móvil Nº 86,Municipal,Malvinas Argentinas,0,,,,,,,Sin internacion,"3,107649896623019","0,025671042729325196",,,Excluido (no agudo),Dentro de banda
51500566,Unid. Funcional Parque Alvear,Municipal,Malvinas Argentinas,0,,,,,,,Sin internacion,"3,107649896623019","0,025671042729325196",,,Excluido (no agudo),Dentro de banda
51501279,Unid. Funcional Pueblo Chico La Loma,Municipal,Malvinas Argentinas,0,,,,,,,Sin internacion,"3,107649896623019","0,025671042729325196",,,Excluido (no agudo),Dentro de banda
51501244,Unid. Funcional Pueblo Chico Magdalena,Municipal,#N/D,0,,,,,,,Sin internacion,"3,107649896623019","0,025671042729325196",,,Excluido (no agudo),Dentro de banda
51501236,Unid. Funcional Pueblo Chico Magdalena,Municipal,Malvinas Argentinas,0,,,,,,,Sin internacion,"3,107649896623019","0,025671042729325196",,,Excluido (no agudo),Dentro de banda
51500221,Unid. Funcional Quesada Pacheco,Municipal,Malvinas Argentinas,0,,,,,,,Sin internacion,"3,107649896623019","0,025671042729325196",,,Excluido (no agudo),Dentro de banda
51500442,Unid. Funcional Tierras Altas,Municipal,Malvinas Argentinas,0,,,,,,,Sin internacion,"3,107649896623019","0,025671042729325196",,,Excluido (no agudo),Dentro de banda
51501261,Unid. Funcional Tte. Ibañez,Municipal,Malvinas Argentinas,0,,,,,,,Sin internacion,"3,107649896623019","0,025671042729325196",,,Excluido (no agudo),Dentro de banda
51500400,Unid. Funcional Unión y Progreso,Municipal,Malvinas Argentinas,0,,,,,,,Sin internacion,"3,107649896623019","0,025671042729325196",,,Excluido (no agudo),Dentro de banda
23800024,Unid. Hospitalaria San Roque,Municipal,Dolores,29378,"9792,666666666666","2,288549254544217","0,0016338756892913065","83,66666666666667","0,6586333096629704","117,04382470119522",Agudos,"3,107649896623019","0,025671042729325196","0,7364244141629688","0,06364664289327275",Normal,Dentro de banda
42000055,Unid. Munic. Roberto L. Dios,Municipal,La Costa,16619,"5539,666666666667","2,150911607196582","0,02051868343462302","36,666666666666664","0,8799940737814214","151,0818181818182",Agudos,"3,107649896623019","0,025671042729325196","0,69213446776418","0,7992929485167971",Normal,Dentro de banda
26000701,Unid. Móvil Domic. N° 21,Municipal,Esteban Echeverría,0,,,,,,,Sin internacion,"3,107649896623019","0,025671042729325196",,,Excluido (no agudo),Dentro de banda
43401023,Unid. Odontológica A. M. Gandolfo,Provincial,Lanús,0,,,,,,,Sin internacion,"5,54963563866355","0,04447215295095595",,,Excluido (no agudo),Dentro de banda
43401011,Unid. Odontológica A. M. Gandolfo,Municipal,Lanús,0,,,,,,,Sin internacion,"3,107649896623019","0,025671042729325196",,,Excluido (no agudo),Dentro de banda
41300543,Unid. Odontológica Móvil,Municipal,Junín,0,,,,,,,Sin internacion,"3,107649896623019","0,025671042729325196",,,Excluido (no agudo),Dentro de banda
72800102,Unid. Odontológica Móvil,Municipal,San Andrés de Giles,0,,,,,,,Sin internacion,"3,107649896623019","0,025671042729325196",,,Excluido (no agudo),Dentro de banda
29400095,Unid. Sanit.  Estación Ascensión -,Municipal,General Arenales,0,,,,,,,Sin internacion,"3,107649896623019","0,025671042729325196",,,Excluido (no agudo),Dentro de banda
74900392,Unid. Sanit.  La Unión,Municipal,San Fernando,0,,,,,,,Sin internacion,"3,107649896623019","0,025671042729325196",,,Excluido (no agudo),Dentro de banda
05601219,Unid. Sanit. 12 de Octubre,Municipal,Bahía Blanca,,,,,,,,Sin internacion,"3,107649896623019","0,025671042729325196",,,Excluido (no agudo),Dentro de banda
5601219,Unid. Sanit. 12 de Octubre,Municipal,Bahía Blanca,0,,,,,,,Sin internacion,"3,107649896623019","0,025671042729325196",,,Excluido (no agudo),Dentro de banda
41000882,Unid. Sanit. 17 de Octubre,Municipal,Ituzaingó,0,,,,,,,Sin internacion,"3,107649896623019","0,025671042729325196",,,Excluido (no agudo),Dentro de banda
49001251,Unid. Sanit. 19 de Diciembre,Municipal,Lomas de Zamora,0,,,,,,,Sin internacion,"3,107649896623019","0,025671042729325196",,,Excluido (no agudo),Dentro de banda
24500199,Unid. Sanit. 1° de Mayo,Municipal,Ensenada,0,,,,,,,Sin internacion,"3,107649896623019","0,025671042729325196",,,Excluido (no agudo),Dentro de banda
43401321,Unid. Sanit. 1º de Mayo,Municipal,Lanús,0,,,,,,,Sin internacion,"3,107649896623019","0,025671042729325196",,,Excluido (no agudo),Dentro de banda
65801161,Unid. Sanit. 2 de Abril,Municipal,Quilmes,0,,,,,,,Sin internacion,"3,107649896623019","0,025671042729325196",,,Excluido (no agudo),Dentro de banda
35701285,Unid. Sanit. 2 de Abril,Municipal,General Pueyrredón,0,,,,,,,Sin internacion,"3,107649896623019","0,025671042729325196",,,Excluido (no agudo),Dentro de banda
40801234,Unid. Sanit. 2 de Abril,Municipal,Hurlingham,0,,,,,,,Sin internacion,"3,107649896623019","0,025671042729325196",,,Excluido (no agudo),Dentro de banda
40801153,Unid. Sanit. 2 de Junio,Municipal,Hurlingham,0,,,,,,,Sin internacion,"3,107649896623019","0,025671042729325196",,,Excluido (no agudo),Dentro de banda
56000368,Unid. Sanit. 25 de Mayo,Municipal,Moreno,0,,,,,,,Sin internacion,"3,107649896623019","0,025671042729325196",,,Excluido (no agudo),Dentro de banda
49001375,Unid. Sanit. 25 de Mayo,Municipal,Lomas de Zamora,0,,,,,,,Sin internacion,"3,107649896623019","0,025671042729325196",,,Excluido (no agudo),Dentro de banda
24500229,Unid. Sanit. 5 de Mayo,Municipal,Ensenada,0,,,,,,,Sin internacion,"3,107649896623019","0,025671042729325196",,,Excluido (no agudo),Dentro de banda
24500326,Unid. Sanit. 5 de Mayo,Provincial,Ensenada,520,"173,33333333333334","161,21923076923076","0,023076923076923078","66,33333333333333","0,73650951336286","2,613065326633166",Estadia prolongada,"5,54963563866355","0,04447215295095595","29,050417228482264","0,5189072609633357",Excluido (no agudo),Peor desempeno
65801454,Unid. Sanit. 8 de Octubre I,Municipal,Quilmes,0,,,,,,,Sin internacion,"3,107649896623019","0,025671042729325196",,,Excluido (no agudo),Dentro de banda
65801225,Unid. Sanit. 8 de Octubre II,Municipal,Quilmes,0,,,,,,,Sin internacion,"3,107649896623019","0,025671042729325196",,,Excluido (no agudo),Dentro de banda
35700696,Unid. Sanit. 9 de Julio,Municipal,General Pueyrredón,0,,,,,,,Sin internacion,"3,107649896623019","0,025671042729325196",,,Excluido (no agudo),Dentro de banda
17500086,Unid. Sanit. 9 de Julio,Municipal,Colón,0,,,,,,,Sin internacion,"3,107649896623019","0,025671042729325196",,,Excluido (no agudo),Dentro de banda
41300128,Unid. Sanit. A.  Roca,Municipal,Junín,0,,,,,,,Sin internacion,"3,107649896623019","0,025671042729325196",,,Excluido (no agudo),Dentro de banda
77800076,Unid. Sanit. A. Korn,Municipal,San Vicente,0,,,,,,,Sin internacion,"3,107649896623019","0,025671042729325196",,,Excluido (no agudo),Dentro de banda
13400091,Unid. Sanit. A. Pettion,Municipal,Cañuelas,0,,,,,,,Sin internacion,"3,107649896623019","0,025671042729325196",,,Excluido (no agudo),Dentro de banda
35700254,Unid. Sanit. APAND,Municipal,General Pueyrredón,0,,,,,,,Sin internacion,"3,107649896623019","0,025671042729325196",,,Excluido (no agudo),Dentro de banda
54700052,Unid. Sanit. Abbot,Municipal,Monte,0,,,,,,,Sin internacion,"3,107649896623019","0,025671042729325196",,,Excluido (no agudo),Dentro de banda
2100073,Unid. Sanit. Achupallas,Municipal,Alberti,0,,,,,,,Sin internacion,"3,107649896623019","0,025671042729325196",,,Excluido (no agudo),Dentro de banda
02100073,Unid. Sanit. Achupallas,Municipal,Alberti,,,,,,,,Sin internacion,"3,107649896623019","0,025671042729325196",,,Excluido (no agudo),Dentro de banda
35701498,Unid. Sanit. Aeroparque,Municipal,General Pueyrredón,0,,,,,,,Sin internacion,"3,107649896623019","0,025671042729325196",,,Excluido (no agudo),Dentro de banda
42000110,Unid. Sanit. Aguas Verdes,Municipal,La Costa,0,,,,,,,Sin internacion,"3,107649896623019","0,025671042729325196",,,Excluido (no agudo),Dentro de banda
41300012,Unid. Sanit. Agustina,Municipal,Junín,0,,,,,,,Sin internacion,"3,107649896623019","0,025671042729325196",,,Excluido (no agudo),Dentro de banda
05600816,Unid. Sanit. Aldea Romana,Municipal,Bahía Blanca,,,,,,,,Sin internacion,"3,107649896623019","0,025671042729325196",,,Excluido (no agudo),Dentro de banda
5600816,Unid. Sanit. Aldea Romana,Municipal,Bahía Blanca,0,,,,,,,Sin internacion,"3,107649896623019","0,025671042729325196",,,Excluido (no agudo),Dentro de banda
49001383,Unid. Sanit. Alicia Moreau de Justo,Municipal,Lomas de Zamora,0,,,,,,,Sin internacion,"3,107649896623019","0,025671042729325196",,,Excluido (no agudo),Dentro de banda
11900015,Unid. Sanit. Altamirano,Municipal,Brandsen,0,,,,,,,Sin internacion,"3,107649896623019","0,025671042729325196",,,Excluido (no agudo),Dentro de banda
35700998,Unid. Sanit. Alto Camet,Municipal,General Pueyrredón,0,,,,,,,Sin internacion,"3,107649896623019","0,025671042729325196",,,Excluido (no agudo),Dentro de banda
56000635,Unid. Sanit. Altos de La Reja,Municipal,Moreno,0,,,,,,,Sin internacion,"3,107649896623019","0,025671042729325196",,,Excluido (no agudo),Dentro de banda
65500755,Unid. Sanit. Alvarez Jonte,Municipal,Punta Indio,0,,,,,,,Sin internacion,"3,107649896623019","0,025671042729325196",,,Excluido (no agudo),Dentro de banda
56000643,Unid. Sanit. Amancio Alcorta,Municipal,Moreno,0,,,,,,,Sin internacion,"3,107649896623019","0,025671042729325196",,,Excluido (no agudo),Dentro de banda
05600425,Unid. Sanit. Anchorena,Municipal,Bahía Blanca,,,,,,,,Sin internacion,"3,107649896623019","0,025671042729325196",,,Excluido (no agudo),Dentro de banda
5600425,Unid. Sanit. Anchorena,Municipal,Bahía Blanca,0,,,,,,,Sin internacion,"3,107649896623019","0,025671042729325196",,,Excluido (no agudo),Dentro de banda
56000210,Unid. Sanit. Anderson,Municipal,Moreno,0,,,,,,,Sin internacion,"3,107649896623019","0,025671042729325196",,,Excluido (no agudo),Dentro de banda
40800572,Unid. Sanit. Angel Bo,Municipal,Hurlingham,0,,,,,,,Sin internacion,"3,107649896623019","0,025671042729325196",,,Excluido (no agudo),Dentro de banda
65800725,Unid. Sanit. Antártida Argentina,Municipal,Quilmes,0,,,,,,,Sin internacion,"3,107649896623019","0,025671042729325196",,,Excluido (no agudo),Dentro de banda
53900287,Unid. Sanit. Arco Iris,Municipal,Merlo,0,,,,,,,Sin internacion,"3,107649896623019","0,025671042729325196",,,Excluido (no agudo),Dentro de banda
29400010,Unid. Sanit. Arribeños,Municipal,General Arenales,0,,,,,,,Sin internacion,"3,107649896623019","0,025671042729325196",,,Excluido (no agudo),Dentro de banda
71400011,Unid. Sanit. Arroyo Dulce,Municipal,Salto,0,,,,,,,Sin internacion,"3,107649896623019","0,025671042729325196",,,Excluido (no agudo),Dentro de banda
29400028,Unid. Sanit. Ascensión,Municipal,General Arenales,0,,,,,,,Sin internacion,"3,107649896623019","0,025671042729325196",,,Excluido (no agudo),Dentro de banda
5600905,Unid. Sanit. Avellaneda,Municipal,Bahía Blanca,0,,,,,,,Sin internacion,"3,107649896623019","0,025671042729325196",,,Excluido (no agudo),Dentro de banda
05600905,Unid. Sanit. Avellaneda,Municipal,Bahía Blanca,,,,,,,,Sin internacion,"3,107649896623019","0,025671042729325196",,,Excluido (no agudo),Dentro de banda
38500051,Unid. Sanit. Baigorrita,Municipal,General Viamonte,0,,,,,,,Sin internacion,"3,107649896623019","0,025671042729325196",,,Excluido (no agudo),Dentro de banda
83300314,Unid. Sanit. Bal. Orense,Municipal,Tres Arroyos,0,,,,,,,Sin internacion,"3,107649896623019","0,025671042729325196",,,Excluido (no agudo),Dentro de banda
51800072,Unid. Sanit. Balneario  Mar Chiquita,Municipal,Mar Chiquita,0,,,,,,,Sin internacion,"3,107649896623019","0,025671042729325196",,,Excluido (no agudo),Dentro de banda
41300594,Unid. Sanit. Balneario Municipal,Municipal,Junín,0,,,,,,,Sin internacion,"3,107649896623019","0,025671042729325196",,,Excluido (no agudo),Dentro de banda
56000392,Unid. Sanit. Bangiovano,Municipal,Moreno,0,,,,,,,Sin internacion,"3,107649896623019","0,025671042729325196",,,Excluido (no agudo),Dentro de banda
17500116,Unid. Sanit. Barracas,Municipal,Colón,0,,,,,,,Sin internacion,"3,107649896623019","0,025671042729325196",,,Excluido (no agudo),Dentro de banda
03500989,Unid. Sanit. Barrio Agüero,Municipal,Avellaneda,,,,,,,,Sin internacion,"3,107649896623019","0,025671042729325196",,,Excluido (no agudo),Dentro de banda
3500989,Unid. Sanit. Barrio Agüero,Municipal,Avellaneda,0,,,,,,,Sin internacion,"3,107649896623019","0,025671042729325196",,,Excluido (no agudo),Dentro de banda
49001613,Unid. Sanit. Barrio Obrero,Municipal,Lomas de Zamora,0,,,,,,,Sin internacion,"3,107649896623019","0,025671042729325196",,,Excluido (no agudo),Dentro de banda
49001243,Unid. Sanit. Bartolomé Mitre,Municipal,Lomas de Zamora,0,,,,,,,Sin internacion,"3,107649896623019","0,025671042729325196",,,Excluido (no agudo),Dentro de banda
5600204,Unid. Sanit. Bella Vista,Municipal,Bahía Blanca,0,,,,,,,Sin internacion,"3,107649896623019","0,025671042729325196",,,Excluido (no agudo),Dentro de banda
05600204,Unid. Sanit. Bella Vista,Municipal,Bahía Blanca,,,,,,,,Sin internacion,"3,107649896623019","0,025671042729325196",,,Excluido (no agudo),Dentro de banda
14700017,Unid. Sanit. Bellocq,Municipal,Carlos Casares,0,,,,,,,Sin internacion,"3,107649896623019","0,025671042729325196",,,Excluido (no agudo),Dentro de banda
71400071,Unid. Sanit. Berdier,Municipal,Salto,0,,,,,,,Sin internacion,"3,107649896623019","0,025671042729325196",,,Excluido (no agudo),Dentro de banda
65800016,Unid. Sanit. Bernal Oeste,Municipal,Quilmes,0,,,,,,,Sin internacion,"3,107649896623019","0,025671042729325196",,,Excluido (no agudo),Dentro de banda
27700016,Unid. Sanit. Blaquier,Municipal,Florentino Ameghino,0,,,,,,,Sin internacion,"3,107649896623019","0,025671042729325196",,,Excluido (no agudo),Dentro de banda
45500130,Unid. Sanit. Bo. 25 de Mayo,Municipal,Las Flores,0,,,,,,,Sin internacion,"3,107649896623019","0,025671042729325196",,,Excluido (no agudo),Dentro de banda
74900431,Unid. Sanit. Bo. Alsina,Municipal,San Fernando,0,,,,,,,Sin internacion,"3,107649896623019","0,025671042729325196",,,Excluido (no agudo),Dentro de banda
00700111,Unid. Sanit. Bo. Arturo Illia,Municipal,Adolfo Alsina,,,,,,,,Sin internacion,"3,107649896623019","0,025671042729325196",,,Excluido (no agudo),Dentro de banda
700111,Unid. Sanit. Bo. Arturo Illia,Municipal,Adolfo Alsina,0,,,,,,,Sin internacion,"3,107649896623019","0,025671042729325196",,,Excluido (no agudo),Dentro de banda
35701102,Unid. Sanit. Bo. Centenario,Municipal,General Pueyrredón,0,,,,,,,Sin internacion,"3,107649896623019","0,025671042729325196",,,Excluido (no agudo),Dentro de banda
46200121,Unid. Sanit. Bo. El Humo,Municipal,Leandro N. Alem,0,,,,,,,Sin internacion,"3,107649896623019","0,025671042729325196",,,Excluido (no agudo),Dentro de banda
21800103,Unid. Sanit. Bo. El Porteño,Municipal,Chascomús,0,,,,,,,Sin internacion,"3,107649896623019","0,025671042729325196",,,Excluido (no agudo),Dentro de banda
32200099,Unid. Sanit. Bo. Fonavi,Municipal,General La Madrid,0,,,,,,,Sin internacion,"3,107649896623019","0,025671042729325196",,,Excluido (no agudo),Dentro de banda
47600093,Unid. Sanit. Bo. Independencia,Municipal,Lobería,0,,,,,,,Sin internacion,"3,107649896623019","0,025671042729325196",,,Excluido (no agudo),Dentro de banda
21800138,Unid. Sanit. Bo. Iporá,Municipal,Chascomús,0,,,,,,,Sin internacion,"3,107649896623019","0,025671042729325196",,,Excluido (no agudo),Dentro de banda
58800256,Unid. Sanit. Bo. Luján,Municipal,9 de Julio,0,,,,,,,Sin internacion,"3,107649896623019","0,025671042729325196",,,Excluido (no agudo),Dentro de banda
74900384,Unid. Sanit. Bo. Mejoral,Municipal,San Fernando,0,,,,,,,Sin internacion,"3,107649896623019","0,025671042729325196",,,Excluido (no agudo),Dentro de banda
40800866,Unid. Sanit. Bo. Mitre,Municipal,Hurlingham,0,,,,,,,Sin internacion,"3,107649896623019","0,025671042729325196",,,Excluido (no agudo),Dentro de banda
24500211,Unid. Sanit. Bo. Molino,Municipal,Ensenada,0,,,,,,,Sin internacion,"3,107649896623019","0,025671042729325196",,,Excluido (no agudo),Dentro de banda
24500202,Unid. Sanit. Bo. Mosconi,Municipal,Ensenada,0,,,,,,,Sin internacion,"3,107649896623019","0,025671042729325196",,,Excluido (no agudo),Dentro de banda
06300182,Unid. Sanit. Bo. Oeste,Municipal,Balcarce,,,,,,,,Sin internacion,"3,107649896623019","0,025671042729325196",,,Excluido (no agudo),Dentro de banda
6300182,Unid. Sanit. Bo. Oeste,Municipal,Balcarce,0,,,,,,,Sin internacion,"3,107649896623019","0,025671042729325196",,,Excluido (no agudo),Dentro de banda
58800230,Unid. Sanit. Bo. Parque  J. de  Vedia,Municipal,9 de Julio,0,,,,,,,Sin internacion,"3,107649896623019","0,025671042729325196",,,Excluido (no agudo),Dentro de banda
53900309,Unid. Sanit. Bo. Samoré,Municipal,Merlo,0,,,,,,,Sin internacion,"3,107649896623019","0,025671042729325196",,,Excluido (no agudo),Dentro de banda
47600123,Unid. Sanit. Bo. San Martín,Municipal,Lobería,0,,,,,,,Sin internacion,"3,107649896623019","0,025671042729325196",,,Excluido (no agudo),Dentro de banda
45500148,Unid. Sanit. Bo. Solidaridad,Municipal,Las Flores,0,,,,,,,Sin internacion,"3,107649896623019","0,025671042729325196",,,Excluido (no agudo),Dentro de banda
45500121,Unid. Sanit. Bo. Traut,Municipal,Las Flores,0,,,,,,,Sin internacion,"3,107649896623019","0,025671042729325196",,,Excluido (no agudo),Dentro de banda
61600047,Unid. Sanit. Bocayuba,Municipal,Pellegrini,0,,,,,,,Sin internacion,"3,107649896623019","0,025671042729325196",,,Excluido (no agudo),Dentro de banda
65100014,Unid. Sanit. Bordenave Dr. A. Fernández Munilla,Municipal,Puán,205,"68,33333333333333","147,58048780487806","0,08292682926829269",32,"0,7790545164233577","2,1354166666666665",Estadia prolongada,"3,107649896623019","0,025671042729325196","47,48941892239822","3,2303646619528084",Excluido (no agudo),Dentro de banda
35700742,Unid. Sanit. C. Barragán,Municipal,General Pueyrredón,0,,,,,,,Sin internacion,"3,107649896623019","0,025671042729325196",,,Excluido (no agudo),Dentro de banda
41001542,Unid. Sanit. CE.M.E.T.R.I.,Municipal,Ituzaingó,0,,,,,,,Sin internacion,"3,107649896623019","0,025671042729325196",,,Excluido (no agudo),Dentro de banda
5600212,Unid. Sanit. Cabildo,Municipal,Bahía Blanca,0,,,,,,,Sin internacion,"3,107649896623019","0,025671042729325196",,,Excluido (no agudo),Dentro de banda
05600212,Unid. Sanit. Cabildo,Municipal,Bahía Blanca,,,,,,,,Sin internacion,"3,107649896623019","0,025671042729325196",,,Excluido (no agudo),Dentro de banda
14700122,Unid. Sanit. Cadret,Municipal,Carlos Casares,0,,,,,,,Sin internacion,"3,107649896623019","0,025671042729325196",,,Excluido (no agudo),Dentro de banda
24500377,Unid. Sanit. Campamento,Provincial,Ensenada,0,,,,,,,Sin internacion,"5,54963563866355","0,04447215295095595",,,Excluido (no agudo),Dentro de banda
24500369,Unid. Sanit. Campamento,Municipal,Ensenada,0,,,,,,,Sin internacion,"3,107649896623019","0,025671042729325196",,,Excluido (no agudo),Dentro de banda
60200118,Unid. Sanit. Cardenal Cagliero,Municipal,Patagones,0,,,,,,,Sin internacion,"3,107649896623019","0,025671042729325196",,,Excluido (no agudo),Dentro de banda
46900034,Unid. Sanit. Carlos Salas,Municipal,Lincoln,0,,,,,,,Sin internacion,"3,107649896623019","0,025671042729325196",,,Excluido (no agudo),Dentro de banda
65500712,Unid. Sanit. Casa del Niño,Municipal,Punta Indio,0,,,,,,,Sin internacion,"3,107649896623019","0,025671042729325196",,,Excluido (no agudo),Dentro de banda
63000039,Unid. Sanit. Casalins,Municipal,Pila,0,,,,,,,Sin internacion,"3,107649896623019","0,025671042729325196",,,Excluido (no agudo),Dentro de banda
3500563,Unid. Sanit. Casella Piñero,Municipal,Avellaneda,0,,,,,,,Sin internacion,"3,107649896623019","0,025671042729325196",,,Excluido (no agudo),Dentro de banda
03500563,Unid. Sanit. Casella Piñero,Municipal,Avellaneda,,,,,,,,Sin internacion,"3,107649896623019","0,025671042729325196",,,Excluido (no agudo),Dentro de banda
65800687,Unid. Sanit. Cañada Gaete,Municipal,Quilmes,0,,,,,,,Sin internacion,"3,107649896623019","0,025671042729325196",,,Excluido (no agudo),Dentro de banda
5600859,Unid. Sanit. Centenario,Municipal,Bahía Blanca,0,,,,,,,Sin internacion,"3,107649896623019","0,025671042729325196",,,Excluido (no agudo),Dentro de banda
05600859,Unid. Sanit. Centenario,Municipal,Bahía Blanca,,,,,,,,Sin internacion,"3,107649896623019","0,025671042729325196",,,Excluido (no agudo),Dentro de banda
24500342,Unid. Sanit. Centro,Municipal,Ensenada,0,,,,,,,Sin internacion,"3,107649896623019","0,025671042729325196",,,Excluido (no agudo),Dentro de banda
16800027,Unid. Sanit. Cerro de La Gloria,Municipal,Castelli,0,,,,,,,Sin internacion,"3,107649896623019","0,025671042729325196",,,Excluido (no agudo),Dentro de banda
35700025,Unid. Sanit. Chapadmalal,Municipal,General Pueyrredón,0,,,,,,,Sin internacion,"3,107649896623019","0,025671042729325196",,,Excluido (no agudo),Dentro de banda
8400141,Unid. Sanit. Cnel. R. Bunge,Municipal,Benito Juárez,0,,,,,,,Sin internacion,"3,107649896623019","0,025671042729325196",,,Excluido (no agudo),Dentro de banda
08400141,Unid. Sanit. Cnel. R. Bunge,Municipal,Benito Juárez,,,,,,,,Sin internacion,"3,107649896623019","0,025671042729325196",,,Excluido (no agudo),Dentro de banda
05600867,Unid. Sanit. Cnel. R. Estomba,Municipal,Bahía Blanca,,,,,,,,Sin internacion,"3,107649896623019","0,025671042729325196",,,Excluido (no agudo),Dentro de banda
5600867,Unid. Sanit. Cnel. R. Estomba,Municipal,Bahía Blanca,0,,,,,,,Sin internacion,"3,107649896623019","0,025671042729325196",,,Excluido (no agudo),Dentro de banda
35700467,Unid. Sanit. Coelho de Meyrelles,Municipal,General Pueyrredón,0,,,,,,,Sin internacion,"3,107649896623019","0,025671042729325196",,,Excluido (no agudo),Dentro de banda
67200075,Unid. Sanit. Colman,Municipal,Rauch,0,,,,,,,Sin internacion,"3,107649896623019","0,025671042729325196",,,Excluido (no agudo),Dentro de banda
46200016,Unid. Sanit. Colonia Alberdi,Municipal,Leandro N. Alem,0,,,,,,,Sin internacion,"3,107649896623019","0,025671042729325196",,,Excluido (no agudo),Dentro de banda
35701340,Unid. Sanit. Colonia Chapadmalal,Municipal,General Pueyrredón,0,,,,,,,Sin internacion,"3,107649896623019","0,025671042729325196",,,Excluido (no agudo),Dentro de banda
00700057,Unid. Sanit. Colonia Lapin,Municipal,Adolfo Alsina,,,,,,,,Sin internacion,"3,107649896623019","0,025671042729325196",,,Excluido (no agudo),Dentro de banda
700057,Unid. Sanit. Colonia Lapin,Municipal,Adolfo Alsina,0,,,,,,,Sin internacion,"3,107649896623019","0,025671042729325196",,,Excluido (no agudo),Dentro de banda
70000117,Unid. Sanit. Colonia San Martín,Municipal,Saavedra,0,,,,,,,Sin internacion,"3,107649896623019","0,025671042729325196",,,Excluido (no agudo),Dentro de banda
15400025,Unid. Sanit. Colonia Seré,Municipal,Carlos Tejedor,0,,,,,,,Sin internacion,"3,107649896623019","0,025671042729325196",,,Excluido (no agudo),Dentro de banda
5601073,Unid. Sanit. Colón,Municipal,Bahía Blanca,0,,,,,,,Sin internacion,"3,107649896623019","0,025671042729325196",,,Excluido (no agudo),Dentro de banda
05601073,Unid. Sanit. Colón,Municipal,Bahía Blanca,,,,,,,,Sin internacion,"3,107649896623019","0,025671042729325196",,,Excluido (no agudo),Dentro de banda
28000018,Unid. Sanit. Com. N. Otamendi,Municipal,General Alvarado,0,,,,,,,Sin internacion,"3,107649896623019","0,025671042729325196",,,Excluido (no agudo),Dentro de banda
11200048,Unid. Sanit. Comodoro Py,Municipal,Bragado,0,,,,,,,Sin internacion,"3,107649896623019","0,025671042729325196",,,Excluido (no agudo),Dentro de banda
49001227,Unid. Sanit. Cons. Odont. Escuela Nº 17,Municipal,Lomas de Zamora,0,,,,,,,Sin internacion,"3,107649896623019","0,025671042729325196",,,Excluido (no agudo),Dentro de banda
2100031,Unid. Sanit. Coronel Monn,Municipal,Alberti,0,,,,,,,Sin internacion,"3,107649896623019","0,025671042729325196",,,Excluido (no agudo),Dentro de banda
02100031,Unid. Sanit. Coronel Monn,Municipal,Alberti,,,,,,,,Sin internacion,"3,107649896623019","0,025671042729325196",,,Excluido (no agudo),Dentro de banda
56000376,Unid. Sanit. Cortejarena,Municipal,Moreno,0,,,,,,,Sin internacion,"3,107649896623019","0,025671042729325196",,,Excluido (no agudo),Dentro de banda
38500094,Unid. Sanit. Cuartel II,Municipal,General Viamonte,0,,,,,,,Sin internacion,"3,107649896623019","0,025671042729325196",,,Excluido (no agudo),Dentro de banda
56000562,Unid. Sanit. Cuatro  Vientos,Municipal,Moreno,0,,,,,,,Sin internacion,"3,107649896623019","0,025671042729325196",,,Excluido (no agudo),Dentro de banda
15400033,Unid. Sanit. Curarú,Municipal,Carlos Tejedor,0,,,,,,,Sin internacion,"3,107649896623019","0,025671042729325196",,,Excluido (no agudo),Dentro de banda
20300047,Unid. Sanit. Curumalal,Municipal,Coronel Suárez,0,,,,,,,Sin internacion,"3,107649896623019","0,025671042729325196",,,Excluido (no agudo),Dentro de banda
65100022,Unid. Sanit. Della N. Cerviño,Municipal,Puán,70,"23,333333333333332","2,3285714285714287","0,04285714285714286",1,"0,1496844003606853","23,333333333333332",Agudos,"3,107649896623019","0,025671042729325196","0,7493030122543118","1,6694741740344345",Normal,Dentro de banda
58800027,Unid. Sanit. Dennehy,Municipal,9 de Julio,0,,,,,,,Sin internacion,"3,107649896623019","0,025671042729325196",,,Excluido (no agudo),Dentro de banda
35700033,Unid. Sanit. Div. Protec. del Anciano,Municipal,General Pueyrredón,0,,,,,,,Sin internacion,"3,107649896623019","0,025671042729325196",,,Excluido (no agudo),Dentro de banda
21000241,Unid. Sanit. Dora Pietranera,Municipal,Chacabuco,0,,,,,,,Sin internacion,"3,107649896623019","0,025671042729325196",,,Excluido (no agudo),Dentro de banda
49000298,Unid. Sanit. Dr. A. Fonrouge,Municipal,Lomas de Zamora,0,,,,,,,Sin internacion,"3,107649896623019","0,025671042729325196",,,Excluido (no agudo),Dentro de banda
43400171,Unid. Sanit. Dr. A. Illia,Municipal,Lanús,0,,,,,,,Sin internacion,"3,107649896623019","0,025671042729325196",,,Excluido (no agudo),Dentro de banda
19600126,Unid. Sanit. Dr. A.González,Municipal,Coronel Pringles,0,,,,,,,Sin internacion,"3,107649896623019","0,025671042729325196",,,Excluido (no agudo),Dentro de banda
19600096,Unid. Sanit. Dr. Alberto Roulier,Municipal,Coronel Pringles,0,,,,,,,Sin internacion,"3,107649896623019","0,025671042729325196",,,Excluido (no agudo),Dentro de banda
60900055,Unid. Sanit. Dr. Allieni de Mones Cazón,Municipal,Pehuajó,493,"164,33333333333334","41,0182555780933","0,04259634888438134",27,"0,7552485439523229","6,08641975308642",Estadia prolongada,"3,107649896623019","0,025671042729325196","13,199123756722562","1,6593151019814867",Excluido (no agudo),Peor desempeno
49000212,Unid. Sanit. Dr. Angel A. Tullio,Municipal,Lomas de Zamora,0,,,,,,,Sin internacion,"3,107649896623019","0,025671042729325196",,,Excluido (no agudo),Dentro de banda
65801667,Unid. Sanit. Dr. Arturo Illia,Municipal,Quilmes,0,,,,,,,Sin internacion,"3,107649896623019","0,025671042729325196",,,Excluido (no agudo),Dentro de banda
16800035,Unid. Sanit. Dr. Atilio Villa Ctro. Guerrero,Municipal,Castelli,0,,,,,,,Sin internacion,"3,107649896623019","0,025671042729325196",,,Excluido (no agudo),Dentro de banda
65800717,Unid. Sanit. Dr. B. Houssay,Municipal,Quilmes,0,,,,,,,Sin internacion,"3,107649896623019","0,025671042729325196",,,Excluido (no agudo),Dentro de banda
60900047,Unid. Sanit. Dr. B. Loza,Municipal,Pehuajó,0,,,,,,,Sin internacion,"3,107649896623019","0,025671042729325196",,,Excluido (no agudo),Dentro de banda
69300051,Unid. Sanit. Dr. C. Bozano,Municipal,Roque Pérez,0,,,,,,,Sin internacion,"3,107649896623019","0,025671042729325196",,,Excluido (no agudo),Dentro de banda
21000161,Unid. Sanit. Dr. C. Natelli (La Unión),Municipal,Chacabuco,0,,,,,,,Sin internacion,"3,107649896623019","0,025671042729325196",,,Excluido (no agudo),Dentro de banda
60900063,Unid. Sanit. Dr. Cipolla,Municipal,Pehuajó,0,,,,,,,Sin internacion,"3,107649896623019","0,025671042729325196",,,Excluido (no agudo),Dentro de banda
56000121,Unid. Sanit. Dr. Corsi,Municipal,Moreno,0,,,,,,,Sin internacion,"3,107649896623019","0,025671042729325196",,,Excluido (no agudo),Dentro de banda
60900012,Unid. Sanit. Dr. Cumba de Fco. Madero,Municipal,Pehuajó,370,"123,33333333333333","32,43783783783784","0,032432432432432434",28,"0,546956465067779","4,404761904761905",Estadia prolongada,"3,107649896623019","0,025671042729325196","10,43806056566635","1,2633858614314641",Excluido (no agudo),Peor desempeno
65800318,Unid. Sanit. Dr. D. Paroissien,Municipal,Quilmes,0,,,,,,,Sin internacion,"3,107649896623019","0,025671042729325196",,,Excluido (no agudo),Dentro de banda
19600118,Unid. Sanit. Dr. Domingo Tejerina,Municipal,Coronel Pringles,0,,,,,,,Sin internacion,"3,107649896623019","0,025671042729325196",,,Excluido (no agudo),Dentro de banda
21000225,Unid. Sanit. Dr. E. Casasco,Municipal,Chacabuco,0,,,,,,,Sin internacion,"3,107649896623019","0,025671042729325196",,,Excluido (no agudo),Dentro de banda
49000697,Unid. Sanit. Dr. E. Finochietto,Municipal,Lomas de Zamora,0,,,,,,,Sin internacion,"3,107649896623019","0,025671042729325196",,,Excluido (no agudo),Dentro de banda
49001391,Unid. Sanit. Dr. F. C. Payas,Municipal,Lomas de Zamora,0,,,,,,,Sin internacion,"3,107649896623019","0,025671042729325196",,,Excluido (no agudo),Dentro de banda
50500011,Unid. Sanit. Dr. F. López Arbuco,Municipal,Magdalena,0,,,,,,,Sin internacion,"3,107649896623019","0,025671042729325196",,,Excluido (no agudo),Dentro de banda
1400049,Unid. Sanit. Dr. F. Madueño,Municipal,Adolfo Gonzales Chaves,550,"183,33333333333334","20,007272727272728","0,05272727272727273",29,"0,37135036496350365","6,32183908045977",Agudos,"3,107649896623019","0,025671042729325196","6,438071659556623","2,0539591353272133",Subutilizado,Peor desempeno
01400049,Unid. Sanit. Dr. F. Madueño,Municipal,Adolfo Gonzales Chaves,,,,,,,,Sin internacion,"3,107649896623019","0,025671042729325196",,,Excluido (no agudo),Dentro de banda
10500188,Unid. Sanit. Dr. F. Zaccardi,Municipal,Bolívar,0,,,,,,,Sin internacion,"3,107649896623019","0,025671042729325196",,,Excluido (no agudo),Dentro de banda
51800056,Unid. Sanit. Dr. G. Tellaeche,Municipal,Mar Chiquita,0,,,,,,,Sin internacion,"3,107649896623019","0,025671042729325196",,,Excluido (no agudo),Dentro de banda
49000131,Unid. Sanit. Dr. Gregorio A. Alfaro,Municipal,Lomas de Zamora,0,,,,,,,Sin internacion,"3,107649896623019","0,025671042729325196",,,Excluido (no agudo),Dentro de banda
49000182,Unid. Sanit. Dr. Gregorio A. Alfaro,Provincial,Lomas de Zamora,33175,"11058,333333333334","5,876623963828184","0,06574227581009796","207,33333333333334","0,8714066397160063","53,336012861736336",Agudos,"5,54963563866355","0,04447215295095595","1,0589206835285818","1,4782795850382775",Normal,Dentro de banda
19600070,Unid. Sanit. Dr. Hugo Maggi,Municipal,Coronel Pringles,0,,,,,,,Sin internacion,"3,107649896623019","0,025671042729325196",,,Excluido (no agudo),Dentro de banda
50500054,Unid. Sanit. Dr. J. D. Irigoyen,Municipal,Magdalena,0,,,,,,,Sin internacion,"3,107649896623019","0,025671042729325196",,,Excluido (no agudo),Dentro de banda
14000058,Unid. Sanit. Dr. J. Espinel Bavio,Municipal,Capitán Sarmiento,0,,,,,,,Sin internacion,"3,107649896623019","0,025671042729325196",,,Excluido (no agudo),Dentro de banda
67900051,Unid. Sanit. Dr. J. I. Mateos,Municipal,Rivadavia,160,"53,333333333333336","11,2875","0,075","7,333333333333333","0,24117790216597712","7,2727272727272725",Agudos,"3,107649896623019","0,025671042729325196","3,632165905260356","2,9215798045602606",Subutilizado,Dentro de banda
27700067,Unid. Sanit. Dr. J. M. Cano,Municipal,Florentino Ameghino,0,,,,,,,Sin internacion,"3,107649896623019","0,025671042729325196",,,Excluido (no agudo),Dentro de banda
700065,Unid. Sanit. Dr. J.C. Senepart,Municipal,Adolfo Alsina,0,,,,,,,Sin internacion,"3,107649896623019","0,025671042729325196",,,Excluido (no agudo),Dentro de banda
00700065,Unid. Sanit. Dr. J.C. Senepart,Municipal,Adolfo Alsina,,,,,,,,Sin internacion,"3,107649896623019","0,025671042729325196",,,Excluido (no agudo),Dentro de banda
58800019,Unid. Sanit. Dr. Jorge Aguilar,Municipal,9 de Julio,0,,,,,,,Sin internacion,"3,107649896623019","0,025671042729325196",,,Excluido (no agudo),Dentro de banda
18900126,Unid. Sanit. Dr. Juan C. Conti,Municipal,Coronel Dorrego,0,,,,,,,Sin internacion,"3,107649896623019","0,025671042729325196",,,Excluido (no agudo),Dentro de banda
20300063,Unid. Sanit. Dr. Lew Frandzman (P. Santa María),Municipal,Coronel Suárez,0,,,,,,,Sin internacion,"3,107649896623019","0,025671042729325196",,,Excluido (no agudo),Dentro de banda
19600088,Unid. Sanit. Dr. Lozano,Municipal,Coronel Pringles,0,,,,,,,Sin internacion,"3,107649896623019","0,025671042729325196",,,Excluido (no agudo),Dentro de banda
51800030,Unid. Sanit. Dr. Luis Sagasta,Municipal,Mar Chiquita,4055,"1351,6666666666667","2,620221948212084","0,012577065351418002",13,"0,8015160022459292","103,97435897435898",Agudos,"3,107649896623019","0,025671042729325196","0,8431522325147994","0,48993200175116575",Normal,Dentro de banda
49000506,Unid. Sanit. Dr. M. J. Oliveras,Municipal,Lomas de Zamora,0,,,,,,,Sin internacion,"3,107649896623019","0,025671042729325196",,,Excluido (no agudo),Dentro de banda
49000379,Unid. Sanit. Dr. Mariano Moreno,Municipal,Lomas de Zamora,0,,,,,,,Sin internacion,"3,107649896623019","0,025671042729325196",,,Excluido (no agudo),Dentro de banda
43400286,Unid. Sanit. Dr. N. Natiello,Municipal,Lanús,0,,,,,,,Sin internacion,"3,107649896623019","0,025671042729325196",,,Excluido (no agudo),Dentro de banda
58800205,Unid. Sanit. Dr. Norman Moscato,Municipal,9 de Julio,0,,,,,,,Sin internacion,"3,107649896623019","0,025671042729325196",,,Excluido (no agudo),Dentro de banda
21000250,Unid. Sanit. Dr. Osvaldo Buey,Municipal,Chacabuco,0,,,,,,,Sin internacion,"3,107649896623019","0,025671042729325196",,,Excluido (no agudo),Dentro de banda
67900034,Unid. Sanit. Dr. P. Barguero,Municipal,Rivadavia,193,"64,33333333333333","8,202072538860104","0,08290155440414508",10,"0,14224452554744527","6,433333333333334",Agudos,"3,107649896623019","0,025671042729325196","2,6393167865444003","3,2293800948507196",Subutilizado,Dentro de banda
65800041,Unid. Sanit. Dr. P. Elustondo,Municipal,Quilmes,0,,,,,,,Sin internacion,"3,107649896623019","0,025671042729325196",,,Excluido (no agudo),Dentro de banda
46200041,Unid. Sanit. Dr. P. R. Groupierre,Municipal,Leandro N. Alem,1204,"401,3333333333333","2,780730897009967","0,036544850498338874","25,333333333333332","0,14802345786272805","15,842105263157896",Agudos,"3,107649896623019","0,025671042729325196","0,8948018565513753","1,423582629021611",Subutilizado,Dentro de banda
49000964,Unid. Sanit. Dr. R. Carrillo,Municipal,Lomas de Zamora,0,,,,,,,Sin internacion,"3,107649896623019","0,025671042729325196",,,Excluido (no agudo),Dentro de banda
3500679,Unid. Sanit. Dr. R. Salvarredy,Municipal,Avellaneda,0,,,,,,,Sin internacion,"3,107649896623019","0,025671042729325196",,,Excluido (no agudo),Dentro de banda
03500679,Unid. Sanit. Dr. R. Salvarredy,Municipal,Avellaneda,,,,,,,,Sin internacion,"3,107649896623019","0,025671042729325196",,,Excluido (no agudo),Dentro de banda
30100071,Unid. Sanit. Dr. Ramón Carrillo,Municipal,General Belgrano,0,,,,,,,Sin internacion,"3,107649896623019","0,025671042729325196",,,Excluido (no agudo),Dentro de banda
50500020,Unid. Sanit. Dr. René Favaloro,Municipal,Magdalena,0,,,,,,,Sin internacion,"3,107649896623019","0,025671042729325196",,,Excluido (no agudo),Dentro de banda
65801675,Unid. Sanit. Dr. René Favaloro,Municipal,Quilmes,0,,,,,,,Sin internacion,"3,107649896623019","0,025671042729325196",,,Excluido (no agudo),Dentro de banda
65802719,Unid. Sanit. Dr. René Favaloro,Provincial,Quilmes,460,230,"17,141304347826086","0,14565217391304347","44,5","0,5943983402489627","5,168539325842697",Agudos,"5,54963563866355","0,04447215295095595","3,0887260829170424","3,2751320601381546",Normal,Peor desempeno
66500148,Unid. Sanit. Dr. S. Cucurullú,Municipal,Ramallo,0,,,,,,,Sin internacion,"3,107649896623019","0,025671042729325196",,,Excluido (no agudo),Dentro de banda
5601031,Unid. Sanit. E. Julio,Municipal,Bahía Blanca,0,,,,,,,Sin internacion,"3,107649896623019","0,025671042729325196",,,Excluido (no agudo),Dentro de banda
05601031,Unid. Sanit. E. Julio,Municipal,Bahía Blanca,,,,,,,,Sin internacion,"3,107649896623019","0,025671042729325196",,,Excluido (no agudo),Dentro de banda
60900021,Unid. Sanit. E. Rogero,Municipal,Pehuajó,0,,,,,,,Sin internacion,"3,107649896623019","0,025671042729325196",,,Excluido (no agudo),Dentro de banda
58800167,Unid. Sanit. E. Solabarrieta,Municipal,9 de Julio,0,,,,,,,Sin internacion,"3,107649896623019","0,025671042729325196",,,Excluido (no agudo),Dentro de banda
43400863,Unid. Sanit. Edén Argentino,Provincial,Lanús,21200,"7066,666666666667","9,29306603773585","0,052264150943396225","231,33333333333334","0,7740685649804895","30,54755043227666",Agudos,"5,54963563866355","0,04447215295095595","1,6745362475677383","1,1752107212131897",Normal,Peor desempeno
43400821,Unid. Sanit. Edén Argentino,Municipal,Lanús,0,,,,,,,Sin internacion,"3,107649896623019","0,025671042729325196",,,Excluido (no agudo),Dentro de banda
17500035,Unid. Sanit. El Arbolito,Municipal,Colón,0,,,,,,,Sin internacion,"3,107649896623019","0,025671042729325196",,,Excluido (no agudo),Dentro de banda
35700840,Unid. Sanit. El Boquerón,Municipal,General Pueyrredón,0,,,,,,,Sin internacion,"3,107649896623019","0,025671042729325196",,,Excluido (no agudo),Dentro de banda
29400109,Unid. Sanit. El Chingolo,Municipal,General Arenales,0,,,,,,,Sin internacion,"3,107649896623019","0,025671042729325196",,,Excluido (no agudo),Dentro de banda
46200024,Unid. Sanit. El Dorado,Municipal,Leandro N. Alem,0,,,,,,,Sin internacion,"3,107649896623019","0,025671042729325196",,,Excluido (no agudo),Dentro de banda
40800670,Unid. Sanit. El Libertador,Municipal,Hurlingham,0,,,,,,,Sin internacion,"3,107649896623019","0,025671042729325196",,,Excluido (no agudo),Dentro de banda
27700059,Unid. Sanit. El Porvenir,Municipal,Florentino Ameghino,0,,,,,,,Sin internacion,"3,107649896623019","0,025671042729325196",,,Excluido (no agudo),Dentro de banda
63800588,Unid. Sanit. El Rocio,Municipal,Pilar,0,,,,,,,Sin internacion,"3,107649896623019","0,025671042729325196",,,Excluido (no agudo),Dentro de banda
45500113,Unid. Sanit. El Trigo,Municipal,Las Flores,0,,,,,,,Sin internacion,"3,107649896623019","0,025671042729325196",,,Excluido (no agudo),Dentro de banda
46900051,Unid. Sanit. El Triunfo,Municipal,Lincoln,235,"78,33333333333333","5,897872340425532","0,0425531914893617",9,"0,8065902578796562","8,703703703703704",Agudos,"3,107649896623019","0,025671042729325196","1,8978561088347037","1,6576339316653959",Normal,Dentro de banda
52500064,Unid. Sanit. El Zorzal,Municipal,Marcos Paz,0,,,,,,,Sin internacion,"3,107649896623019","0,025671042729325196",,,Excluido (no agudo),Dentro de banda
49001219,Unid. Sanit. Equipo Móvil de Salud Escolar,Municipal,Lomas de Zamora,0,,,,,,,Sin internacion,"3,107649896623019","0,025671042729325196",,,Excluido (no agudo),Dentro de banda
09800259,Unid. Sanit. Escuela Nº 18,Municipal,Berisso,,,,,,,,Sin internacion,"3,107649896623019","0,025671042729325196",,,Excluido (no agudo),Dentro de banda
9800259,Unid. Sanit. Escuela Nº 18,Municipal,Berisso,0,,,,,,,Sin internacion,"3,107649896623019","0,025671042729325196",,,Excluido (no agudo),Dentro de banda
35700017,Unid. Sanit. Estación Camet,Municipal,General Pueyrredón,0,,,,,,,Sin internacion,"3,107649896623019","0,025671042729325196",,,Excluido (no agudo),Dentro de banda
52500081,Unid. Sanit. Eva Perón,Municipal,Marcos Paz,0,,,,,,,Sin internacion,"3,107649896623019","0,025671042729325196",,,Excluido (no agudo),Dentro de banda
40801404,Unid. Sanit. Eva Perón,Municipal,Hurlingham,0,,,,,,,Sin internacion,"3,107649896623019","0,025671042729325196",,,Excluido (no agudo),Dentro de banda
65801501,Unid. Sanit. Eva Perón,Municipal,Quilmes,0,,,,,,,Sin internacion,"3,107649896623019","0,025671042729325196",,,Excluido (no agudo),Dentro de banda
49001201,Unid. Sanit. Eva Perón,Municipal,Lomas de Zamora,0,,,,,,,Sin internacion,"3,107649896623019","0,025671042729325196",,,Excluido (no agudo),Dentro de banda
13400104,Unid. Sanit. Eva Perón Los Pozos,Municipal,Cañuelas,0,,,,,,,Sin internacion,"3,107649896623019","0,025671042729325196",,,Excluido (no agudo),Dentro de banda
56000015,Unid. Sanit. F. Alvarez,Municipal,Moreno,0,,,,,,,Sin internacion,"3,107649896623019","0,025671042729325196",,,Excluido (no agudo),Dentro de banda
56000031,Unid. Sanit. F. Alvarez,Provincial,Moreno,29099,"9699,666666666666","6,016804701192481","0,030035396405374754",233,"0,6745428113526201","41,629470672389125",Agudos,"5,54963563866355","0,04447215295095595","1,0841801323449467","0,675375362161978",Normal,Dentro de banda
35700882,Unid. Sanit. F. Ameghino,Municipal,General Pueyrredón,0,,,,,,,Sin internacion,"3,107649896623019","0,025671042729325196",,,Excluido (no agudo),Dentro de banda
56000074,Unid. Sanit. F. M. Campos,Municipal,Moreno,0,,,,,,,Sin internacion,"3,107649896623019","0,025671042729325196",,,Excluido (no agudo),Dentro de banda
35700734,Unid. Sanit. Faro Norte,Municipal,General Pueyrredón,0,,,,,,,Sin internacion,"3,107649896623019","0,025671042729325196",,,Excluido (no agudo),Dentro de banda
65100031,Unid. Sanit. Felipe Solá,Municipal,Puán,191,"63,666666666666664","111,58115183246073","0,13089005235602094",22,"0,6305159256801592","2,893939393939394",Estadia prolongada,"3,107649896623019","0,025671042729325196","35,90531608908465","5,098743114415813",Excluido (no agudo),Dentro de banda
29400061,Unid. Sanit. Ferré,Municipal,General Arenales,36,12,"519,6388888888889","0,2777777777777778",19,"1,0169800460475824","0,631578947368421",Estadia prolongada,"3,107649896623019","0,025671042729325196","167,2128155277605","10,82066594281578",Excluido (no agudo),Dentro de banda
5600808,Unid. Sanit. Floresta,Municipal,Bahía Blanca,0,,,,,,,Sin internacion,"3,107649896623019","0,025671042729325196",,,Excluido (no agudo),Dentro de banda
05600808,Unid. Sanit. Floresta,Municipal,Bahía Blanca,,,,,,,,Sin internacion,"3,107649896623019","0,025671042729325196",,,Excluido (no agudo),Dentro de banda
41300063,Unid. Sanit. Fortín Tiburcio,Provincial,Junín,17629,"5876,333333333333","6,16790515627659","0,05984457428101424",128,"0,7603884436585574","45,908854166666664",Agudos,"5,54963563866355","0,04447215295095595","1,1114072270448967","1,3456639786927125",Normal,Dentro de banda
41300021,Unid. Sanit. Fortín Tiburcio,Municipal,Junín,0,,,,,,,Sin internacion,"3,107649896623019","0,025671042729325196",,,Excluido (no agudo),Dentro de banda
71400020,Unid. Sanit. Gahan,Municipal,Salto,0,,,,,,,Sin internacion,"3,107649896623019","0,025671042729325196",,,Excluido (no agudo),Dentro de banda
21800090,Unid. Sanit. Gallo Blanco B. F. Moreno,Municipal,Chascomús,0,,,,,,,Sin internacion,"3,107649896623019","0,025671042729325196",,,Excluido (no agudo),Dentro de banda
39900045,Unid. Sanit. Garré,Municipal,Guaminí,0,,,,,,,Sin internacion,"3,107649896623019","0,025671042729325196",,,Excluido (no agudo),Dentro de banda
3500636,Unid. Sanit. Gerli Este,Municipal,Avellaneda,0,,,,,,,Sin internacion,"3,107649896623019","0,025671042729325196",,,Excluido (no agudo),Dentro de banda
03500636,Unid. Sanit. Gerli Este,Municipal,Avellaneda,,,,,,,,Sin internacion,"3,107649896623019","0,025671042729325196",,,Excluido (no agudo),Dentro de banda
41000564,Unid. Sanit. González Otharán,Municipal,Ituzaingó,0,,,,,,,Sin internacion,"3,107649896623019","0,025671042729325196",,,Excluido (no agudo),Dentro de banda
6300191,Unid. Sanit. Gral. Balcarce,Municipal,Balcarce,0,,,,,,,Sin internacion,"3,107649896623019","0,025671042729325196",,,Excluido (no agudo),Dentro de banda
06300191,Unid. Sanit. Gral. Balcarce,Municipal,Balcarce,,,,,,,,Sin internacion,"3,107649896623019","0,025671042729325196",,,Excluido (no agudo),Dentro de banda
30800013,Unid. Sanit. Gral. Guido,Municipal,General Guido,0,,,,,,,Sin internacion,"3,107649896623019","0,025671042729325196",,,Excluido (no agudo),Dentro de banda
49000671,Unid. Sanit. Gral. Lamadrid,Municipal,Lomas de Zamora,0,,,,,,,Sin internacion,"3,107649896623019","0,025671042729325196",,,Excluido (no agudo),Dentro de banda
43400901,Unid. Sanit. Gral. San Martín,Municipal,Lanús,0,,,,,,,Sin internacion,"3,107649896623019","0,025671042729325196",,,Excluido (no agudo),Dentro de banda
5601201,Unid. Sanit. Grumbein,Municipal,Bahía Blanca,0,,,,,,,Sin internacion,"3,107649896623019","0,025671042729325196",,,Excluido (no agudo),Dentro de banda
05601201,Unid. Sanit. Grumbein,Municipal,Bahía Blanca,,,,,,,,Sin internacion,"3,107649896623019","0,025671042729325196",,,Excluido (no agudo),Dentro de banda
52500048,Unid. Sanit. Gándara,Municipal,Marcos Paz,0,,,,,,,Sin internacion,"3,107649896623019","0,025671042729325196",,,Excluido (no agudo),Dentro de banda
11900082,Unid. Sanit. Gómez,Municipal,Brandsen,0,,,,,,,Sin internacion,"3,107649896623019","0,025671042729325196",,,Excluido (no agudo),Dentro de banda
19600045,Unid. Sanit. H. Irigoyen,Municipal,Coronel Pringles,0,,,,,,,Sin internacion,"3,107649896623019","0,025671042729325196",,,Excluido (no agudo),Dentro de banda
52500099,Unid. Sanit. Héroes de Malvinas,Municipal,Marcos Paz,0,,,,,,,Sin internacion,"3,107649896623019","0,025671042729325196",,,Excluido (no agudo),Dentro de banda
56000171,Unid. Sanit. Indanbur,Municipal,Moreno,0,,,,,,,Sin internacion,"3,107649896623019","0,025671042729325196",,,Excluido (no agudo),Dentro de banda
6300166,Unid. Sanit. Independencia,Municipal,Balcarce,0,,,,,,,Sin internacion,"3,107649896623019","0,025671042729325196",,,Excluido (no agudo),Dentro de banda
06300166,Unid. Sanit. Independencia,Municipal,Balcarce,,,,,,,,Sin internacion,"3,107649896623019","0,025671042729325196",,,Excluido (no agudo),Dentro de banda
19600037,Unid. Sanit. Indio Rico,Municipal,Coronel Pringles,76,"25,333333333333332","7,684210526315789","0,039473684210526314",5,"0,27825120414968507","5,066666666666666",Agudos,"3,107649896623019","0,025671042729325196","2,4726757459603057","1,5376735813475053",Normal,Dentro de banda
49000603,Unid. Sanit. Ing-Budge,Municipal,Lomas de Zamora,0,,,,,,,Sin internacion,"3,107649896623019","0,025671042729325196",,,Excluido (no agudo),Dentro de banda
43400081,Unid. Sanit. Intermedia Ctro. Piloto Va. Jardín,Provincial,Lanús,1923,641,"5,5751430057202285","0,0249609984399376",22,"0,4076475477971737","29,136363636363637",Agudos,"5,54963563866355","0,04447215295095595","1,00459622373746","0,5612725443597183",Normal,Dentro de banda
43400031,Unid. Sanit. Intermedia Ctro. Piloto Va. Jardín,Municipal,Lanús,0,,,,,,,Sin internacion,"3,107649896623019","0,025671042729325196",,,Excluido (no agudo),Dentro de banda
43400341,Unid. Sanit. Intermedia Valentín Alsina,Municipal,Lanús,0,,,,,,,Sin internacion,"3,107649896623019","0,025671042729325196",,,Excluido (no agudo),Dentro de banda
43400359,Unid. Sanit. Intermedia Valentín Alsina,Provincial,Lanús,5372,"1790,6666666666667","1,2795979151154133","0,06720029784065525",14,"0,6392045454545454","127,9047619047619",Agudos,"5,54963563866355","0,04447215295095595","0,23057332020153365","1,5110646411646402",Normal,Dentro de banda
71400038,Unid. Sanit. Inés Indart,Municipal,Salto,0,,,,,,,Sin internacion,"3,107649896623019","0,025671042729325196",,,Excluido (no agudo),Dentro de banda
18900088,Unid. Sanit. Irene,Municipal,Coronel Dorrego,0,,,,,,,Sin internacion,"3,107649896623019","0,025671042729325196",,,Excluido (no agudo),Dentro de banda
03500997,Unid. Sanit. Islas Malvinas,Municipal,Avellaneda,,,,,,,,Sin internacion,"3,107649896623019","0,025671042729325196",,,Excluido (no agudo),Dentro de banda
3500997,Unid. Sanit. Islas Malvinas,Municipal,Avellaneda,0,,,,,,,Sin internacion,"3,107649896623019","0,025671042729325196",,,Excluido (no agudo),Dentro de banda
41001498,Unid. Sanit. Ituzaingó Sur,Municipal,Ituzaingó,0,,,,,,,Sin internacion,"3,107649896623019","0,025671042729325196",,,Excluido (no agudo),Dentro de banda
60200045,Unid. Sanit. J. A. Pradere,Municipal,Patagones,0,,,,,,,Sin internacion,"3,107649896623019","0,025671042729325196",,,Excluido (no agudo),Dentro de banda
60200100,Unid. Sanit. J. B. Casas,Municipal,Patagones,0,,,,,,,Sin internacion,"3,107649896623019","0,025671042729325196",,,Excluido (no agudo),Dentro de banda
30100062,Unid. Sanit. J. J. Lombardi,Municipal,General Belgrano,0,,,,,,,Sin internacion,"3,107649896623019","0,025671042729325196",,,Excluido (no agudo),Dentro de banda
56000066,Unid. Sanit. J. M.Cortéz,Municipal,Moreno,0,,,,,,,Sin internacion,"3,107649896623019","0,025671042729325196",,,Excluido (no agudo),Dentro de banda
56000571,Unid. Sanit. Jardines l,Municipal,Moreno,0,,,,,,,Sin internacion,"3,107649896623019","0,025671042729325196",,,Excluido (no agudo),Dentro de banda
30100054,Unid. Sanit. Jesús Crucificado,Municipal,General Belgrano,0,,,,,,,Sin internacion,"3,107649896623019","0,025671042729325196",,,Excluido (no agudo),Dentro de banda
10500200,Unid. Sanit. José A. Bucca,Municipal,Bolívar,0,,,,,,,Sin internacion,"3,107649896623019","0,025671042729325196",,,Excluido (no agudo),Dentro de banda
28700028,Unid. Sanit. José Fernández,Municipal,General Alvear,0,,,,,,,Sin internacion,"3,107649896623019","0,025671042729325196",,,Excluido (no agudo),Dentro de banda
56000449,Unid. Sanit. José de San Martín,Municipal,Moreno,0,,,,,,,Sin internacion,"3,107649896623019","0,025671042729325196",,,Excluido (no agudo),Dentro de banda
10500137,Unid. Sanit. Juan Nuñez Díaz,Municipal,Bolívar,0,,,,,,,Sin internacion,"3,107649896623019","0,025671042729325196",,,Excluido (no agudo),Dentro de banda
38500086,Unid. Sanit. Juan XXIII,Municipal,General Viamonte,0,,,,,,,Sin internacion,"3,107649896623019","0,025671042729325196",,,Excluido (no agudo),Dentro de banda
56000350,Unid. Sanit. Juramento,Municipal,Moreno,0,,,,,,,Sin internacion,"3,107649896623019","0,025671042729325196",,,Excluido (no agudo),Dentro de banda
11900091,Unid. Sanit. Jéppener,Municipal,Brandsen,0,,,,,,,Sin internacion,"3,107649896623019","0,025671042729325196",,,Excluido (no agudo),Dentro de banda
5600891,Unid. Sanit. Km.5,Municipal,Bahía Blanca,0,,,,,,,Sin internacion,"3,107649896623019","0,025671042729325196",,,Excluido (no agudo),Dentro de banda
05600891,Unid. Sanit. Km.5,Municipal,Bahía Blanca,,,,,,,,Sin internacion,"3,107649896623019","0,025671042729325196",,,Excluido (no agudo),Dentro de banda
46200067,Unid. Sanit. L. N. Alem,Municipal,Leandro N. Alem,425,"141,66666666666666","2,3623529411764705","0,042352941176470586",8,"0,20296803652968037","17,708333333333332",Agudos,"3,107649896623019","0,025671042729325196","0,760173449314082","1,6498333013987352",Subutilizado,Dentro de banda
29400087,Unid. Sanit. La Angelita,Municipal,General Arenales,0,,,,,,,Sin internacion,"3,107649896623019","0,025671042729325196",,,Excluido (no agudo),Dentro de banda
32900058,Unid. Sanit. La Choza,Municipal,General Las Heras,0,,,,,,,Sin internacion,"3,107649896623019","0,025671042729325196",,,Excluido (no agudo),Dentro de banda
32200081,Unid. Sanit. La Colina,Municipal,General La Madrid,0,,,,,,,Sin internacion,"3,107649896623019","0,025671042729325196",,,Excluido (no agudo),Dentro de banda
49001448,Unid. Sanit. La Cortada,Municipal,Lomas de Zamora,0,,,,,,,Sin internacion,"3,107649896623019","0,025671042729325196",,,Excluido (no agudo),Dentro de banda
11900121,Unid. Sanit. La Dolly,Municipal,Brandsen,0,,,,,,,Sin internacion,"3,107649896623019","0,025671042729325196",,,Excluido (no agudo),Dentro de banda
58100033,Unid. Sanit. La Dulce,Municipal,Necochea,345,115,"24,092753623188404","0,10144927536231885","21,666666666666668","0,46056610112548296","5,3076923076923075",Agudos,"3,107649896623019","0,025671042729325196","7,752724542545545","3,9518953878109806",Normal,Peor desempeno
56000490,Unid. Sanit. La Esperanza,Municipal,Moreno,0,,,,,,,Sin internacion,"3,107649896623019","0,025671042729325196",,,Excluido (no agudo),Dentro de banda
05600166,Unid. Sanit. La Falda,Municipal,Bahía Blanca,,,,,,,,Sin internacion,"3,107649896623019","0,025671042729325196",,,Excluido (no agudo),Dentro de banda
5600166,Unid. Sanit. La Falda,Municipal,Bahía Blanca,0,,,,,,,Sin internacion,"3,107649896623019","0,025671042729325196",,,Excluido (no agudo),Dentro de banda
65800784,Unid. Sanit. La Florida,Municipal,Quilmes,0,,,,,,,Sin internacion,"3,107649896623019","0,025671042729325196",,,Excluido (no agudo),Dentro de banda
71400208,Unid. Sanit. La Invencible,Municipal,Salto,0,,,,,,,Sin internacion,"3,107649896623019","0,025671042729325196",,,Excluido (no agudo),Dentro de banda
14000040,Unid. Sanit. La Loma,Municipal,Capitán Sarmiento,0,,,,,,,Sin internacion,"3,107649896623019","0,025671042729325196",,,Excluido (no agudo),Dentro de banda
65801594,Unid. Sanit. La Loma,Municipal,Quilmes,0,,,,,,,Sin internacion,"3,107649896623019","0,025671042729325196",,,Excluido (no agudo),Dentro de banda
63800324,Unid. Sanit. La Lomita,Municipal,Pilar,0,,,,,,,Sin internacion,"3,107649896623019","0,025671042729325196",,,Excluido (no agudo),Dentro de banda
63800065,Unid. Sanit. La Lonja,Municipal,Pilar,0,,,,,,,Sin internacion,"3,107649896623019","0,025671042729325196",,,Excluido (no agudo),Dentro de banda
14000023,Unid. Sanit. La Luisa,Municipal,Capitán Sarmiento,0,,,,,,,Sin internacion,"3,107649896623019","0,025671042729325196",,,Excluido (no agudo),Dentro de banda
11900198,Unid. Sanit. La Parada,Municipal,Brandsen,0,,,,,,,Sin internacion,"3,107649896623019","0,025671042729325196",,,Excluido (no agudo),Dentro de banda
65800709,Unid. Sanit. La Paz,Municipal,Quilmes,0,,,,,,,Sin internacion,"3,107649896623019","0,025671042729325196",,,Excluido (no agudo),Dentro de banda
35700751,Unid. Sanit. La Peregrina,Municipal,General Pueyrredón,0,,,,,,,Sin internacion,"3,107649896623019","0,025671042729325196",,,Excluido (no agudo),Dentro de banda
56000058,Unid. Sanit. La Perlita,Municipal,Moreno,0,,,,,,,Sin internacion,"3,107649896623019","0,025671042729325196",,,Excluido (no agudo),Dentro de banda
11900104,Unid. Sanit. La Posada,Municipal,Brandsen,0,,,,,,,Sin internacion,"3,107649896623019","0,025671042729325196",,,Excluido (no agudo),Dentro de banda
12600376,Unid. Sanit. La Posta,Municipal,Campana,0,,,,,,,Sin internacion,"3,107649896623019","0,025671042729325196",,,Excluido (no agudo),Dentro de banda
65800776,Unid. Sanit. La Primavera,Municipal,Quilmes,0,,,,,,,Sin internacion,"3,107649896623019","0,025671042729325196",,,Excluido (no agudo),Dentro de banda
56000406,Unid. Sanit. La Reja Centro,Municipal,Moreno,0,,,,,,,Sin internacion,"3,107649896623019","0,025671042729325196",,,Excluido (no agudo),Dentro de banda
56000279,Unid. Sanit. La Reja Grande,Municipal,Moreno,0,,,,,,,Sin internacion,"3,107649896623019","0,025671042729325196",,,Excluido (no agudo),Dentro de banda
65800296,Unid. Sanit. La Ribera,Municipal,Quilmes,0,,,,,,,Sin internacion,"3,107649896623019","0,025671042729325196",,,Excluido (no agudo),Dentro de banda
49001146,Unid. Sanit. La Salud como Derecho,Municipal,Lomas de Zamora,0,,,,,,,Sin internacion,"3,107649896623019","0,025671042729325196",,,Excluido (no agudo),Dentro de banda
65801489,Unid. Sanit. La Vera,Municipal,Quilmes,0,,,,,,,Sin internacion,"3,107649896623019","0,025671042729325196",,,Excluido (no agudo),Dentro de banda
56000473,Unid. Sanit. La Victoria,Municipal,Moreno,0,,,,,,,Sin internacion,"3,107649896623019","0,025671042729325196",,,Excluido (no agudo),Dentro de banda
65500747,Unid. Sanit. La Viruta,Municipal,Punta Indio,0,,,,,,,Sin internacion,"3,107649896623019","0,025671042729325196",,,Excluido (no agudo),Dentro de banda
43400898,Unid. Sanit. Lanús Oeste,Municipal,Lanús,0,,,,,,,Sin internacion,"3,107649896623019","0,025671042729325196",,,Excluido (no agudo),Dentro de banda
35701005,Unid. Sanit. Las Américas,Municipal,General Pueyrredón,0,,,,,,,Sin internacion,"3,107649896623019","0,025671042729325196",,,Excluido (no agudo),Dentro de banda
66500245,Unid. Sanit. Las Bahamas,Municipal,Ramallo,0,,,,,,,Sin internacion,"3,107649896623019","0,025671042729325196",,,Excluido (no agudo),Dentro de banda
49001006,Unid. Sanit. Las Casuarinas,Municipal,Lomas de Zamora,0,,,,,,,Sin internacion,"3,107649896623019","0,025671042729325196",,,Excluido (no agudo),Dentro de banda
56000414,Unid. Sanit. Las Catonas,Municipal,Moreno,0,,,,,,,Sin internacion,"3,107649896623019","0,025671042729325196",,,Excluido (no agudo),Dentro de banda
56000228,Unid. Sanit. Las Flores,Municipal,Moreno,0,,,,,,,Sin internacion,"3,107649896623019","0,025671042729325196",,,Excluido (no agudo),Dentro de banda
35700947,Unid. Sanit. Las Heras,Provincial,General Pueyrredón,0,,,,,,,Sin internacion,"5,54963563866355","0,04447215295095595",,,Excluido (no agudo),Dentro de banda
35700939,Unid. Sanit. Las Heras,Municipal,General Pueyrredón,0,,,,,,,Sin internacion,"3,107649896623019","0,025671042729325196",,,Excluido (no agudo),Dentro de banda
11900112,Unid. Sanit. Las Mandarinas,Municipal,Brandsen,0,,,,,,,Sin internacion,"3,107649896623019","0,025671042729325196",,,Excluido (no agudo),Dentro de banda
32200056,Unid. Sanit. Las Martinetas,Municipal,General La Madrid,0,,,,,,,Sin internacion,"3,107649896623019","0,025671042729325196",,,Excluido (no agudo),Dentro de banda
42000047,Unid. Sanit. Las Toninas,Municipal,La Costa,0,,,,,,,Sin internacion,"3,107649896623019","0,025671042729325196",,,Excluido (no agudo),Dentro de banda
46900191,Unid. Sanit. Las Toscas,Municipal,Lincoln,0,,,,,,,Sin internacion,"3,107649896623019","0,025671042729325196",,,Excluido (no agudo),Dentro de banda
5601448,Unid. Sanit. Latino,Municipal,Bahía Blanca,0,,,,,,,Sin internacion,"3,107649896623019","0,025671042729325196",,,Excluido (no agudo),Dentro de banda
05601448,Unid. Sanit. Latino,Municipal,Bahía Blanca,,,,,,,,Sin internacion,"3,107649896623019","0,025671042729325196",,,Excluido (no agudo),Dentro de banda
49000093,Unid. Sanit. Lavallol,Municipal,Lomas de Zamora,0,,,,,,,Sin internacion,"3,107649896623019","0,025671042729325196",,,Excluido (no agudo),Dentro de banda
5601090,Unid. Sanit. Loma Paraguaya,Municipal,Bahía Blanca,0,,,,,,,Sin internacion,"3,107649896623019","0,025671042729325196",,,Excluido (no agudo),Dentro de banda
05601090,Unid. Sanit. Loma Paraguaya,Municipal,Bahía Blanca,,,,,,,,Sin internacion,"3,107649896623019","0,025671042729325196",,,Excluido (no agudo),Dentro de banda
34300015,Unid. Sanit. Loma Verde,Municipal,General Paz,0,,,,,,,Sin internacion,"3,107649896623019","0,025671042729325196",,,Excluido (no agudo),Dentro de banda
56000261,Unid. Sanit. Lomas de Casasco,Municipal,Moreno,0,,,,,,,Sin internacion,"3,107649896623019","0,025671042729325196",,,Excluido (no agudo),Dentro de banda
21000195,Unid. Sanit. Los Angeles,Municipal,Chacabuco,0,,,,,,,Sin internacion,"3,107649896623019","0,025671042729325196",,,Excluido (no agudo),Dentro de banda
63800219,Unid. Sanit. Los Cachorros,Municipal,Pilar,0,,,,,,,Sin internacion,"3,107649896623019","0,025671042729325196",,,Excluido (no agudo),Dentro de banda
53900520,Unid. Sanit. Los Cardales,Municipal,Merlo,0,,,,,,,Sin internacion,"3,107649896623019","0,025671042729325196",,,Excluido (no agudo),Dentro de banda
43401053,Unid. Sanit. Los Ceibos,Municipal,Lanús,0,,,,,,,Sin internacion,"3,107649896623019","0,025671042729325196",,,Excluido (no agudo),Dentro de banda
65800750,Unid. Sanit. Los Eucaliptus,Municipal,Quilmes,0,,,,,,,Sin internacion,"3,107649896623019","0,025671042729325196",,,Excluido (no agudo),Dentro de banda
56000520,Unid. Sanit. Los Paraisos,Municipal,Moreno,0,,,,,,,Sin internacion,"3,107649896623019","0,025671042729325196",,,Excluido (no agudo),Dentro de banda
11900180,Unid. Sanit. Los Pinos,Municipal,Brandsen,0,,,,,,,Sin internacion,"3,107649896623019","0,025671042729325196",,,Excluido (no agudo),Dentro de banda
9800208,Unid. Sanit. Los Talas,Municipal,Berisso,0,,,,,,,Sin internacion,"3,107649896623019","0,025671042729325196",,,Excluido (no agudo),Dentro de banda
09800208,Unid. Sanit. Los Talas,Municipal,Berisso,,,,,,,,Sin internacion,"3,107649896623019","0,025671042729325196",,,Excluido (no agudo),Dentro de banda
42000128,Unid. Sanit. Lucila del Mar,Municipal,La Costa,0,,,,,,,Sin internacion,"3,107649896623019","0,025671042729325196",,,Excluido (no agudo),Dentro de banda
49000701,Unid. Sanit. Luis Agote,Municipal,Lomas de Zamora,0,,,,,,,Sin internacion,"3,107649896623019","0,025671042729325196",,,Excluido (no agudo),Dentro de banda
05601022,Unid. Sanit. Luján,Municipal,Bahía Blanca,,,,,,,,Sin internacion,"3,107649896623019","0,025671042729325196",,,Excluido (no agudo),Dentro de banda
5601022,Unid. Sanit. Luján,Municipal,Bahía Blanca,0,,,,,,,Sin internacion,"3,107649896623019","0,025671042729325196",,,Excluido (no agudo),Dentro de banda
32200064,Unid. Sanit. Líbano,Municipal,General La Madrid,0,,,,,,,Sin internacion,"3,107649896623019","0,025671042729325196",,,Excluido (no agudo),Dentro de banda
63800201,Unid. Sanit. M. Alberti,Municipal,Pilar,58,29,"36,86206896551724",0,9,"0,5162112932604735","3,2222222222222223",Estadia prolongada,"3,107649896623019","0,025671042729325196","11,861718723712745",0,Excluido (no agudo),Dentro de banda
5600379,Unid. Sanit. M. Moreno,Municipal,Bahía Blanca,0,,,,,,,Sin internacion,"3,107649896623019","0,025671042729325196",,,Excluido (no agudo),Dentro de banda
05600379,Unid. Sanit. M. Moreno,Municipal,Bahía Blanca,,,,,,,,Sin internacion,"3,107649896623019","0,025671042729325196",,,Excluido (no agudo),Dentro de banda
63800383,Unid. Sanit. M. T. Reggio,Municipal,Pilar,0,,,,,,,Sin internacion,"3,107649896623019","0,025671042729325196",,,Excluido (no agudo),Dentro de banda
46900093,Unid. Sanit. M. de Hoz,Municipal,Lincoln,123,41,"9,308943089430894","0,032520325203252036",9,"0,7510742786985881","4,555555555555555",Agudos,"3,107649896623019","0,025671042729325196","2,9954928640921286","1,2668096713540427",Normal,Dentro de banda
21000080,Unid. Sanit. Madre Teresa de Calcuta,Municipal,Chacabuco,0,,,,,,,Sin internacion,"3,107649896623019","0,025671042729325196",,,Excluido (no agudo),Dentro de banda
63800367,Unid. Sanit. Manzone,Municipal,Pilar,0,,,,,,,Sin internacion,"3,107649896623019","0,025671042729325196",,,Excluido (no agudo),Dentro de banda
51800111,Unid. Sanit. Mar de Cobo,Municipal,Mar Chiquita,0,,,,,,,Sin internacion,"3,107649896623019","0,025671042729325196",,,Excluido (no agudo),Dentro de banda
28000026,Unid. Sanit. Mar del Sur,Municipal,General Alvarado,0,,,,,,,Sin internacion,"3,107649896623019","0,025671042729325196",,,Excluido (no agudo),Dentro de banda
42000039,Unid. Sanit. Mar del Tuyú,Municipal,La Costa,0,,,,,,,Sin internacion,"3,107649896623019","0,025671042729325196",,,Excluido (no agudo),Dentro de banda
18900118,Unid. Sanit. Marisol,Municipal,Coronel Dorrego,0,,,,,,,Sin internacion,"3,107649896623019","0,025671042729325196",,,Excluido (no agudo),Dentro de banda
56000431,Unid. Sanit. Martín Fierro,Municipal,Moreno,0,,,,,,,Sin internacion,"3,107649896623019","0,025671042729325196",,,Excluido (no agudo),Dentro de banda
6300140,Unid. Sanit. Martín Güemes,Municipal,Balcarce,0,,,,,,,Sin internacion,"3,107649896623019","0,025671042729325196",,,Excluido (no agudo),Dentro de banda
06300140,Unid. Sanit. Martín Güemes,Municipal,Balcarce,,,,,,,,Sin internacion,"3,107649896623019","0,025671042729325196",,,Excluido (no agudo),Dentro de banda
63800235,Unid. Sanit. María Auxiliadora,Municipal,Pilar,0,,,,,,,Sin internacion,"3,107649896623019","0,025671042729325196",,,Excluido (no agudo),Dentro de banda
20300012,Unid. Sanit. María E. C. A. de Cook,Municipal,Coronel Suárez,0,,,,,,,Sin internacion,"3,107649896623019","0,025671042729325196",,,Excluido (no agudo),Dentro de banda
46900247,Unid. Sanit. Mat. Infantil,Municipal,Lincoln,0,,,,,,,Sin internacion,"3,107649896623019","0,025671042729325196",,,Excluido (no agudo),Dentro de banda
21000268,Unid. Sanit. Matadero,Municipal,Chacabuco,0,,,,,,,Sin internacion,"3,107649896623019","0,025671042729325196",,,Excluido (no agudo),Dentro de banda
14700114,Unid. Sanit. Mauricio Hirsch,Municipal,Carlos Casares,0,,,,,,,Sin internacion,"3,107649896623019","0,025671042729325196",,,Excluido (no agudo),Dentro de banda
49001405,Unid. Sanit. Medicina Preventiva,Municipal,Lomas de Zamora,0,,,,,,,Sin internacion,"3,107649896623019","0,025671042729325196",,,Excluido (no agudo),Dentro de banda
53900295,Unid. Sanit. Merlo Gómez,Municipal,Merlo,0,,,,,,,Sin internacion,"3,107649896623019","0,025671042729325196",,,Excluido (no agudo),Dentro de banda
05601065,Unid. Sanit. Miramar,Municipal,Bahía Blanca,,,,,,,,Sin internacion,"3,107649896623019","0,025671042729325196",,,Excluido (no agudo),Dentro de banda
5601065,Unid. Sanit. Miramar,Municipal,Bahía Blanca,0,,,,,,,Sin internacion,"3,107649896623019","0,025671042729325196",,,Excluido (no agudo),Dentro de banda
67200016,Unid. Sanit. Miranda,Municipal,Rauch,0,,,,,,,Sin internacion,"3,107649896623019","0,025671042729325196",,,Excluido (no agudo),Dentro de banda
43400316,Unid. Sanit. Miranda Norgreen,Municipal,Lanús,0,,,,,,,Sin internacion,"3,107649896623019","0,025671042729325196",,,Excluido (no agudo),Dentro de banda
14700131,Unid. Sanit. Moctezuma,Municipal,Carlos Casares,0,,,,,,,Sin internacion,"3,107649896623019","0,025671042729325196",,,Excluido (no agudo),Dentro de banda
43400979,Unid. Sanit. Monte Chingolo,Municipal,Lanús,0,,,,,,,Sin internacion,"3,107649896623019","0,025671042729325196",,,Excluido (no agudo),Dentro de banda
63800251,Unid. Sanit. Monterrey,Municipal,Pilar,0,,,,,,,Sin internacion,"3,107649896623019","0,025671042729325196",,,Excluido (no agudo),Dentro de banda
65801390,Unid. Sanit. Monteverde,Municipal,Quilmes,0,,,,,,,Sin internacion,"3,107649896623019","0,025671042729325196",,,Excluido (no agudo),Dentro de banda
22400049,Unid. Sanit. Moquehuá,Municipal,Chivilcoy,647,"215,66666666666666","14,562596599690881","0,03709428129829984","22,333333333333332","0,6517523933149441","9,656716417910447",Agudos,"3,107649896623019","0,025671042729325196","4,68604800544475","1,444985374743869",Normal,Peor desempeno
58800060,Unid. Sanit. Morea,Municipal,9 de Julio,0,,,,,,,Sin internacion,"3,107649896623019","0,025671042729325196",,,Excluido (no agudo),Dentro de banda
58800108,Unid. Sanit. Morea,Provincial,9 de Julio,6512,"2170,6666666666665","4,186732186732187","0,03470515970515971",67,"0,3679972798367902","32,398009950248756",Agudos,"5,54963563866355","0,04447215295095595","0,7544156876829532","0,7803795724356472",Subutilizado,Dentro de banda
41300241,Unid. Sanit. Morse,Municipal,Junín,0,,,,,,,Sin internacion,"3,107649896623019","0,025671042729325196",,,Excluido (no agudo),Dentro de banda
09100915,Unid. Sanit. Movil N` 37,Municipal,Berazategui,,,,,,,,Sin internacion,"3,107649896623019","0,025671042729325196",,,Excluido (no agudo),Dentro de banda
9100915,Unid. Sanit. Movil N` 37,Municipal,Berazategui,0,,,,,,,Sin internacion,"3,107649896623019","0,025671042729325196",,,Excluido (no agudo),Dentro de banda
9100923,Unid. Sanit. Movil N` 38,Municipal,Berazategui,0,,,,,,,Sin internacion,"3,107649896623019","0,025671042729325196",,,Excluido (no agudo),Dentro de banda
09100923,Unid. Sanit. Movil N` 38,Municipal,Berazategui,,,,,,,,Sin internacion,"3,107649896623019","0,025671042729325196",,,Excluido (no agudo),Dentro de banda
00700073,Unid. Sanit. Murature,Municipal,Adolfo Alsina,,,,,,,,Sin internacion,"3,107649896623019","0,025671042729325196",,,Excluido (no agudo),Dentro de banda
700073,Unid. Sanit. Murature,Municipal,Adolfo Alsina,0,,,,,,,Sin internacion,"3,107649896623019","0,025671042729325196",,,Excluido (no agudo),Dentro de banda
63800413,Unid. Sanit. Móvil,Municipal,Pilar,0,,,,,,,Sin internacion,"3,107649896623019","0,025671042729325196",,,Excluido (no agudo),Dentro de banda
49001103,Unid. Sanit. Móvil Nº 3,Municipal,Lomas de Zamora,0,,,,,,,Sin internacion,"3,107649896623019","0,025671042729325196",,,Excluido (no agudo),Dentro de banda
6300115,Unid. Sanit. Napaleofú,Municipal,Balcarce,0,,,,,,,Sin internacion,"3,107649896623019","0,025671042729325196",,,Excluido (no agudo),Dentro de banda
06300115,Unid. Sanit. Napaleofú,Municipal,Balcarce,,,,,,,,Sin internacion,"3,107649896623019","0,025671042729325196",,,Excluido (no agudo),Dentro de banda
05600131,Unid. Sanit. Napostá,Municipal,Bahía Blanca,,,,,,,,Sin internacion,"3,107649896623019","0,025671042729325196",,,Excluido (no agudo),Dentro de banda
5600131,Unid. Sanit. Napostá,Municipal,Bahía Blanca,0,,,,,,,Sin internacion,"3,107649896623019","0,025671042729325196",,,Excluido (no agudo),Dentro de banda
05600174,Unid. Sanit. Noroeste,Municipal,Bahía Blanca,,,,,,,,Sin internacion,"3,107649896623019","0,025671042729325196",,,Excluido (no agudo),Dentro de banda
5600174,Unid. Sanit. Noroeste,Municipal,Bahía Blanca,0,,,,,,,Sin internacion,"3,107649896623019","0,025671042729325196",,,Excluido (no agudo),Dentro de banda
58800183,Unid. Sanit. Norumbega,Municipal,9 de Julio,0,,,,,,,Sin internacion,"3,107649896623019","0,025671042729325196",,,Excluido (no agudo),Dentro de banda
9100753,Unid. Sanit. Nro. 31,Municipal,Berazategui,0,,,,,,,Sin internacion,"3,107649896623019","0,025671042729325196",,,Excluido (no agudo),Dentro de banda
09100753,Unid. Sanit. Nro. 31,Municipal,Berazategui,,,,,,,,Sin internacion,"3,107649896623019","0,025671042729325196",,,Excluido (no agudo),Dentro de banda
43401223,Unid. Sanit. Nro. 48 Villa Pora,Municipal,Lanús,0,,,,,,,Sin internacion,"3,107649896623019","0,025671042729325196",,,Excluido (no agudo),Dentro de banda
26000646,Unid. Sanit. Nro.16,Municipal,Esteban Echeverría,0,,,,,,,Sin internacion,"3,107649896623019","0,025671042729325196",,,Excluido (no agudo),Dentro de banda
63800189,Unid. Sanit. Ntra. Sra. de Fátima,Municipal,Pilar,0,,,,,,,Sin internacion,"3,107649896623019","0,025671042729325196",,,Excluido (no agudo),Dentro de banda
5601103,Unid. Sanit. Nueva Belgrano,Municipal,Bahía Blanca,0,,,,,,,Sin internacion,"3,107649896623019","0,025671042729325196",,,Excluido (no agudo),Dentro de banda
05601103,Unid. Sanit. Nueva Belgrano,Municipal,Bahía Blanca,,,,,,,,Sin internacion,"3,107649896623019","0,025671042729325196",,,Excluido (no agudo),Dentro de banda
49000689,Unid. Sanit. Nuevo Fiorito,Municipal,Lomas de Zamora,0,,,,,,,Sin internacion,"3,107649896623019","0,025671042729325196",,,Excluido (no agudo),Dentro de banda
41300276,Unid. Sanit. N° 1 del Carmen,Municipal,Junín,0,,,,,,,Sin internacion,"3,107649896623019","0,025671042729325196",,,Excluido (no agudo),Dentro de banda
59500299,Unid. Sanit. N° 10,Municipal,Olavarría,0,,,,,,,Sin internacion,"3,107649896623019","0,025671042729325196",,,Excluido (no agudo),Dentro de banda
24500148,Unid. Sanit. N° 101 Dr. C. Arce,Municipal,Ensenada,0,,,,,,,Sin internacion,"3,107649896623019","0,025671042729325196",,,Excluido (no agudo),Dentro de banda
04900361,Unid. Sanit. N° 11 Madre Teresa de Calcuta,Municipal,Azul,,,,,,,,Sin internacion,"3,107649896623019","0,025671042729325196",,,Excluido (no agudo),Dentro de banda
4900361,Unid. Sanit. N° 11 Madre Teresa de Calcuta,Municipal,Azul,0,,,,,,,Sin internacion,"3,107649896623019","0,025671042729325196",,,Excluido (no agudo),Dentro de banda
26000743,Unid. Sanit. N° 12,Municipal,Esteban Echeverría,0,,,,,,,Sin internacion,"3,107649896623019","0,025671042729325196",,,Excluido (no agudo),Dentro de banda
04900379,Unid. Sanit. N° 12 Sagrado Corazón de Jesús,Municipal,Azul,,,,,,,,Sin internacion,"3,107649896623019","0,025671042729325196",,,Excluido (no agudo),Dentro de banda
4900379,Unid. Sanit. N° 12 Sagrado Corazón de Jesús,Municipal,Azul,0,,,,,,,Sin internacion,"3,107649896623019","0,025671042729325196",,,Excluido (no agudo),Dentro de banda
59500281,Unid. Sanit. N° 15 Santa Luisa,Municipal,Olavarría,0,,,,,,,Sin internacion,"3,107649896623019","0,025671042729325196",,,Excluido (no agudo),Dentro de banda
59500582,Unid. Sanit. N° 16 Va. Magdalena,Municipal,Olavarría,0,,,,,,,Sin internacion,"3,107649896623019","0,025671042729325196",,,Excluido (no agudo),Dentro de banda
41300268,Unid. Sanit. N° 2 Loreto,Municipal,Junín,0,,,,,,,Sin internacion,"3,107649896623019","0,025671042729325196",,,Excluido (no agudo),Dentro de banda
26000697,Unid. Sanit. N° 20,Municipal,Esteban Echeverría,0,,,,,,,Sin internacion,"3,107649896623019","0,025671042729325196",,,Excluido (no agudo),Dentro de banda
59500647,Unid. Sanit. N° 23 Belén,Municipal,Olavarría,0,,,,,,,Sin internacion,"3,107649896623019","0,025671042729325196",,,Excluido (no agudo),Dentro de banda
26000751,Unid. Sanit. N° 23 Zoonosis,Municipal,Esteban Echeverría,0,,,,,,,Sin internacion,"3,107649896623019","0,025671042729325196",,,Excluido (no agudo),Dentro de banda
26000808,Unid. Sanit. N° 24,Municipal,Esteban Echeverría,0,,,,,,,Sin internacion,"3,107649896623019","0,025671042729325196",,,Excluido (no agudo),Dentro de banda
59500655,Unid. Sanit. N° 24 Tiro Federal,Municipal,Olavarría,0,,,,,,,Sin internacion,"3,107649896623019","0,025671042729325196",,,Excluido (no agudo),Dentro de banda
26000816,Unid. Sanit. N° 25,Municipal,Esteban Echeverría,0,,,,,,,Sin internacion,"3,107649896623019","0,025671042729325196",,,Excluido (no agudo),Dentro de banda
59500663,Unid. Sanit. N° 25 ACUPO,Municipal,Olavarría,0,,,,,,,Sin internacion,"3,107649896623019","0,025671042729325196",,,Excluido (no agudo),Dentro de banda
9100591,Unid. Sanit. N° 26,Municipal,Berazategui,0,,,,,,,Sin internacion,"3,107649896623019","0,025671042729325196",,,Excluido (no agudo),Dentro de banda
09100591,Unid. Sanit. N° 26,Municipal,Berazategui,,,,,,,,Sin internacion,"3,107649896623019","0,025671042729325196",,,Excluido (no agudo),Dentro de banda
59500671,Unid. Sanit. N° 26 Lourdes,Municipal,Olavarría,0,,,,,,,Sin internacion,"3,107649896623019","0,025671042729325196",,,Excluido (no agudo),Dentro de banda
53900490,Unid. Sanit. N° 27,Municipal,Merlo,0,,,,,,,Sin internacion,"3,107649896623019","0,025671042729325196",,,Excluido (no agudo),Dentro de banda
59500680,Unid. Sanit. N° 27 CIC,Municipal,Olavarría,0,,,,,,,Sin internacion,"3,107649896623019","0,025671042729325196",,,Excluido (no agudo),Dentro de banda
43401371,Unid. Sanit. N° 28 La Esperanza,Municipal,Lanús,0,,,,,,,Sin internacion,"3,107649896623019","0,025671042729325196",,,Excluido (no agudo),Dentro de banda
9100401,Unid. Sanit. N° 29,Municipal,Berazategui,0,,,,,,,Sin internacion,"3,107649896623019","0,025671042729325196",,,Excluido (no agudo),Dentro de banda
09100401,Unid. Sanit. N° 29,Municipal,Berazategui,,,,,,,,Sin internacion,"3,107649896623019","0,025671042729325196",,,Excluido (no agudo),Dentro de banda
41300250,Unid. Sanit. N° 3 Prado Español,Municipal,Junín,0,,,,,,,Sin internacion,"3,107649896623019","0,025671042729325196",,,Excluido (no agudo),Dentro de banda
53900538,Unid. Sanit. N° 31,Municipal,Merlo,0,,,,,,,Sin internacion,"3,107649896623019","0,025671042729325196",,,Excluido (no agudo),Dentro de banda
53900597,Unid. Sanit. N° 32,Municipal,Merlo,0,,,,,,,Sin internacion,"3,107649896623019","0,025671042729325196",,,Excluido (no agudo),Dentro de banda
53900601,Unid. Sanit. N° 32,Municipal,Merlo,0,,,,,,,Sin internacion,"3,107649896623019","0,025671042729325196",,,Excluido (no agudo),Dentro de banda
09100818,Unid. Sanit. N° 35,Municipal,Berazategui,,,,,,,,Sin internacion,"3,107649896623019","0,025671042729325196",,,Excluido (no agudo),Dentro de banda
9100818,Unid. Sanit. N° 35,Municipal,Berazategui,0,,,,,,,Sin internacion,"3,107649896623019","0,025671042729325196",,,Excluido (no agudo),Dentro de banda
9100885,Unid. Sanit. N° 36,Municipal,Berazategui,0,,,,,,,Sin internacion,"3,107649896623019","0,025671042729325196",,,Excluido (no agudo),Dentro de banda
53900767,Unid. Sanit. N° 36,Municipal,Merlo,0,,,,,,,Sin internacion,"3,107649896623019","0,025671042729325196",,,Excluido (no agudo),Dentro de banda
09100885,Unid. Sanit. N° 36,Municipal,Berazategui,,,,,,,,Sin internacion,"3,107649896623019","0,025671042729325196",,,Excluido (no agudo),Dentro de banda
41300292,Unid. Sanit. N° 4 Emilio Mitre,Municipal,Junín,0,,,,,,,Sin internacion,"3,107649896623019","0,025671042729325196",,,Excluido (no agudo),Dentro de banda
26000719,Unid. Sanit. N° 40,Municipal,Esteban Echeverría,0,,,,,,,Sin internacion,"3,107649896623019","0,025671042729325196",,,Excluido (no agudo),Dentro de banda
26000727,Unid. Sanit. N° 41,Municipal,Esteban Echeverría,0,,,,,,,Sin internacion,"3,107649896623019","0,025671042729325196",,,Excluido (no agudo),Dentro de banda
26000735,Unid. Sanit. N° 42,Municipal,Esteban Echeverría,0,,,,,,,Sin internacion,"3,107649896623019","0,025671042729325196",,,Excluido (no agudo),Dentro de banda
41300284,Unid. Sanit. N° 5 San Jorge,Municipal,Junín,0,,,,,,,Sin internacion,"3,107649896623019","0,025671042729325196",,,Excluido (no agudo),Dentro de banda
04900271,Unid. Sanit. N° 6 C. De Paula,Municipal,Azul,,,,,,,,Sin internacion,"3,107649896623019","0,025671042729325196",,,Excluido (no agudo),Dentro de banda
4900271,Unid. Sanit. N° 6 C. De Paula,Municipal,Azul,0,,,,,,,Sin internacion,"3,107649896623019","0,025671042729325196",,,Excluido (no agudo),Dentro de banda
4900280,Unid. Sanit. N° 7,Municipal,Azul,0,,,,,,,Sin internacion,"3,107649896623019","0,025671042729325196",,,Excluido (no agudo),Dentro de banda
04900280,Unid. Sanit. N° 7,Municipal,Azul,,,,,,,,Sin internacion,"3,107649896623019","0,025671042729325196",,,Excluido (no agudo),Dentro de banda
26000573,Unid. Sanit. N° 7,Municipal,Esteban Echeverría,0,,,,,,,Sin internacion,"3,107649896623019","0,025671042729325196",,,Excluido (no agudo),Dentro de banda
41300527,Unid. Sanit. N° 7 Eusebio Marsilla,Municipal,Junín,0,,,,,,,Sin internacion,"3,107649896623019","0,025671042729325196",,,Excluido (no agudo),Dentro de banda
9100664,Unid. Sanit. N° 8 (Ctro. E.T.S. y Sida),Municipal,Berazategui,0,,,,,,,Sin internacion,"3,107649896623019","0,025671042729325196",,,Excluido (no agudo),Dentro de banda
09100664,Unid. Sanit. N° 8 (Ctro. E.T.S. y Sida),Municipal,Berazategui,,,,,,,,Sin internacion,"3,107649896623019","0,025671042729325196",,,Excluido (no agudo),Dentro de banda
59500515,Unid. Sanit. N° 8 10 de Junio,Municipal,Olavarría,0,,,,,,,Sin internacion,"3,107649896623019","0,025671042729325196",,,Excluido (no agudo),Dentro de banda
04900352,Unid. Sanit. N° 8 San Pantaleón,Municipal,Azul,,,,,,,,Sin internacion,"3,107649896623019","0,025671042729325196",,,Excluido (no agudo),Dentro de banda
4900352,Unid. Sanit. N° 8 San Pantaleón,Municipal,Azul,0,,,,,,,Sin internacion,"3,107649896623019","0,025671042729325196",,,Excluido (no agudo),Dentro de banda
41300519,Unid. Sanit. N° 8 Va. del Parque,Municipal,Junín,0,,,,,,,Sin internacion,"3,107649896623019","0,025671042729325196",,,Excluido (no agudo),Dentro de banda
4900344,Unid. Sanit. N° 9 Dr. G. Ibazeta,Municipal,Azul,0,,,,,,,Sin internacion,"3,107649896623019","0,025671042729325196",,,Excluido (no agudo),Dentro de banda
04900344,Unid. Sanit. N° 9 Dr. G. Ibazeta,Municipal,Azul,,,,,,,,Sin internacion,"3,107649896623019","0,025671042729325196",,,Excluido (no agudo),Dentro de banda
3500105,Unid. Sanit. Nº 1,Municipal,Avellaneda,0,,,,,,,Sin internacion,"3,107649896623019","0,025671042729325196",,,Excluido (no agudo),Dentro de banda
03500105,Unid. Sanit. Nº 1,Municipal,Avellaneda,,,,,,,,Sin internacion,"3,107649896623019","0,025671042729325196",,,Excluido (no agudo),Dentro de banda
3500199,Unid. Sanit. Nº 1,Provincial,Avellaneda,8765,"2921,6666666666665","4,361893896177981","0,003764974329720479","69,33333333333333","0,548900044681578","42,13942307692308",Agudos,"5,54963563866355","0,04447215295095595","0,7859784281672954","0,08465914240474273",Normal,Dentro de banda
26000034,Unid. Sanit. Nº 1,Municipal,Esteban Echeverría,0,,,,,,,Sin internacion,"3,107649896623019","0,025671042729325196",,,Excluido (no agudo),Dentro de banda
04900328,Unid. Sanit. Nº 1 Dr. E. Moguillauny,Municipal,Azul,,,,,,,,Sin internacion,"3,107649896623019","0,025671042729325196",,,Excluido (no agudo),Dentro de banda
4900328,Unid. Sanit. Nº 1 Dr. E. Moguillauny,Municipal,Azul,0,,,,,,,Sin internacion,"3,107649896623019","0,025671042729325196",,,Excluido (no agudo),Dentro de banda
59500311,Unid. Sanit. Nº 1 Obrero,Municipal,Olavarría,0,,,,,,,Sin internacion,"3,107649896623019","0,025671042729325196",,,Excluido (no agudo),Dentro de banda
09100095,Unid. Sanit. Nº 10,Municipal,Berazategui,,,,,,,,Sin internacion,"3,107649896623019","0,025671042729325196",,,Excluido (no agudo),Dentro de banda
9100095,Unid. Sanit. Nº 10,Municipal,Berazategui,0,,,,,,,Sin internacion,"3,107649896623019","0,025671042729325196",,,Excluido (no agudo),Dentro de banda
3500580,Unid. Sanit. Nº 10,Municipal,Avellaneda,0,,,,,,,Sin internacion,"3,107649896623019","0,025671042729325196",,,Excluido (no agudo),Dentro de banda
03500580,Unid. Sanit. Nº 10,Municipal,Avellaneda,,,,,,,,Sin internacion,"3,107649896623019","0,025671042729325196",,,Excluido (no agudo),Dentro de banda
26000492,Unid. Sanit. Nº 10,Municipal,Esteban Echeverría,0,,,,,,,Sin internacion,"3,107649896623019","0,025671042729325196",,,Excluido (no agudo),Dentro de banda
41300535,Unid. Sanit. Nº 10 Bo. Ferroviario,Municipal,Junín,0,,,,,,,Sin internacion,"3,107649896623019","0,025671042729325196",,,Excluido (no agudo),Dentro de banda
43400022,Unid. Sanit. Nº 10 Va. Obrera,Municipal,Lanús,0,,,,,,,Sin internacion,"3,107649896623019","0,025671042729325196",,,Excluido (no agudo),Dentro de banda
9100079,Unid. Sanit. Nº 11,Municipal,Berazategui,8715,2905,"1,042340791738382",0,6,"1,4675829100687183","484,1666666666667",Agudos,"3,107649896623019","0,025671042729325196","0,3354112678107851",0,Anomalia de datos,Dentro de banda
09100079,Unid. Sanit. Nº 11,Municipal,Berazategui,,,,,,,,Sin internacion,"3,107649896623019","0,025671042729325196",,,Excluido (no agudo),Dentro de banda
26000549,Unid. Sanit. Nº 11,Municipal,Esteban Echeverría,0,,,,,,,Sin internacion,"3,107649896623019","0,025671042729325196",,,Excluido (no agudo),Dentro de banda
53900104,Unid. Sanit. Nº 11,Municipal,Merlo,0,,,,,,,Sin internacion,"3,107649896623019","0,025671042729325196",,,Excluido (no agudo),Dentro de banda
59500329,Unid. Sanit. Nº 11 Rufino Fal,Municipal,Olavarría,0,,,,,,,Sin internacion,"3,107649896623019","0,025671042729325196",,,Excluido (no agudo),Dentro de banda
09100320,Unid. Sanit. Nº 12,Municipal,Berazategui,,,,,,,,Sin internacion,"3,107649896623019","0,025671042729325196",,,Excluido (no agudo),Dentro de banda
03500628,Unid. Sanit. Nº 12,Municipal,Avellaneda,,,,,,,,Sin internacion,"3,107649896623019","0,025671042729325196",,,Excluido (no agudo),Dentro de banda
3500628,Unid. Sanit. Nº 12,Municipal,Avellaneda,0,,,,,,,Sin internacion,"3,107649896623019","0,025671042729325196",,,Excluido (no agudo),Dentro de banda
9100320,Unid. Sanit. Nº 12,Municipal,Berazategui,0,,,,,,,Sin internacion,"3,107649896623019","0,025671042729325196",,,Excluido (no agudo),Dentro de banda
59500337,Unid. Sanit. Nº 12 Bo. CECO,Municipal,Olavarría,0,,,,,,,Sin internacion,"3,107649896623019","0,025671042729325196",,,Excluido (no agudo),Dentro de banda
26000581,Unid. Sanit. Nº 13,Municipal,Esteban Echeverría,0,,,,,,,Sin internacion,"3,107649896623019","0,025671042729325196",,,Excluido (no agudo),Dentro de banda
53900341,Unid. Sanit. Nº 13,Municipal,Merlo,0,,,,,,,Sin internacion,"3,107649896623019","0,025671042729325196",,,Excluido (no agudo),Dentro de banda
9100338,Unid. Sanit. Nº 13,Municipal,Berazategui,0,,,,,,,Sin internacion,"3,107649896623019","0,025671042729325196",,,Excluido (no agudo),Dentro de banda
09100338,Unid. Sanit. Nº 13,Municipal,Berazategui,,,,,,,,Sin internacion,"3,107649896623019","0,025671042729325196",,,Excluido (no agudo),Dentro de banda
59500019,Unid. Sanit. Nº 13 Blanca Grande,Municipal,Olavarría,0,,,,,,,Sin internacion,"3,107649896623019","0,025671042729325196",,,Excluido (no agudo),Dentro de banda
56000244,Unid. Sanit. Nº 13 Lomas de Mariló,Municipal,Moreno,0,,,,,,,Sin internacion,"3,107649896623019","0,025671042729325196",,,Excluido (no agudo),Dentro de banda
9100346,Unid. Sanit. Nº 14,Municipal,Berazategui,0,,,,,,,Sin internacion,"3,107649896623019","0,025671042729325196",,,Excluido (no agudo),Dentro de banda
26000565,Unid. Sanit. Nº 14,Municipal,Esteban Echeverría,0,,,,,,,Sin internacion,"3,107649896623019","0,025671042729325196",,,Excluido (no agudo),Dentro de banda
53900350,Unid. Sanit. Nº 14,Municipal,Merlo,0,,,,,,,Sin internacion,"3,107649896623019","0,025671042729325196",,,Excluido (no agudo),Dentro de banda
09100346,Unid. Sanit. Nº 14,Municipal,Berazategui,,,,,,,,Sin internacion,"3,107649896623019","0,025671042729325196",,,Excluido (no agudo),Dentro de banda
59500116,Unid. Sanit. Nº 14 Recalde,Municipal,Olavarría,0,,,,,,,Sin internacion,"3,107649896623019","0,025671042729325196",,,Excluido (no agudo),Dentro de banda
9100354,Unid. Sanit. Nº 15,Municipal,Berazategui,0,,,,,,,Sin internacion,"3,107649896623019","0,025671042729325196",,,Excluido (no agudo),Dentro de banda
3500601,Unid. Sanit. Nº 15,Municipal,Avellaneda,0,,,,,,,Sin internacion,"3,107649896623019","0,025671042729325196",,,Excluido (no agudo),Dentro de banda
09100354,Unid. Sanit. Nº 15,Municipal,Berazategui,,,,,,,,Sin internacion,"3,107649896623019","0,025671042729325196",,,Excluido (no agudo),Dentro de banda
03500601,Unid. Sanit. Nº 15,Municipal,Avellaneda,,,,,,,,Sin internacion,"3,107649896623019","0,025671042729325196",,,Excluido (no agudo),Dentro de banda
53900431,Unid. Sanit. Nº 15 CIC Santa Marta,Municipal,Merlo,0,,,,,,,Sin internacion,"3,107649896623019","0,025671042729325196",,,Excluido (no agudo),Dentro de banda
03500610,Unid. Sanit. Nº 16,Municipal,Avellaneda,,,,,,,,Sin internacion,"3,107649896623019","0,025671042729325196",,,Excluido (no agudo),Dentro de banda
9800011,Unid. Sanit. Nº 16,Municipal,Berisso,0,,,,,,,Sin internacion,"3,107649896623019","0,025671042729325196",,,Excluido (no agudo),Dentro de banda
09800011,Unid. Sanit. Nº 16,Municipal,Berisso,,,,,,,,Sin internacion,"3,107649896623019","0,025671042729325196",,,Excluido (no agudo),Dentro de banda
9100508,Unid. Sanit. Nº 16,Municipal,Berazategui,0,,,,,,,Sin internacion,"3,107649896623019","0,025671042729325196",,,Excluido (no agudo),Dentro de banda
3500610,Unid. Sanit. Nº 16,Municipal,Avellaneda,0,,,,,,,Sin internacion,"3,107649896623019","0,025671042729325196",,,Excluido (no agudo),Dentro de banda
09100508,Unid. Sanit. Nº 16,Municipal,Berazategui,,,,,,,,Sin internacion,"3,107649896623019","0,025671042729325196",,,Excluido (no agudo),Dentro de banda
43401061,Unid. Sanit. Nº 16 M. Güemes,Municipal,Lanús,0,,,,,,,Sin internacion,"3,107649896623019","0,025671042729325196",,,Excluido (no agudo),Dentro de banda
37100017,Unid. Sanit. Nº 16 Salvador Mazza,Municipal,General San Martín,0,,,,,,,Sin internacion,"3,107649896623019","0,025671042729325196",,,Excluido (no agudo),Dentro de banda
3500687,Unid. Sanit. Nº 17,Municipal,Avellaneda,0,,,,,,,Sin internacion,"3,107649896623019","0,025671042729325196",,,Excluido (no agudo),Dentro de banda
03500687,Unid. Sanit. Nº 17,Municipal,Avellaneda,,,,,,,,Sin internacion,"3,107649896623019","0,025671042729325196",,,Excluido (no agudo),Dentro de banda
53900465,Unid. Sanit. Nº 17,Municipal,Merlo,0,,,,,,,Sin internacion,"3,107649896623019","0,025671042729325196",,,Excluido (no agudo),Dentro de banda
9800275,Unid. Sanit. Nº 17,Municipal,Berisso,0,,,,,,,Sin internacion,"3,107649896623019","0,025671042729325196",,,Excluido (no agudo),Dentro de banda
26000654,Unid. Sanit. Nº 17,Municipal,Esteban Echeverría,0,,,,,,,Sin internacion,"3,107649896623019","0,025671042729325196",,,Excluido (no agudo),Dentro de banda
09800275,Unid. Sanit. Nº 17,Municipal,Berisso,,,,,,,,Sin internacion,"3,107649896623019","0,025671042729325196",,,Excluido (no agudo),Dentro de banda
43400111,Unid. Sanit. Nº 17 Cnel. Molinedo,Municipal,Lanús,0,,,,,,,Sin internacion,"3,107649896623019","0,025671042729325196",,,Excluido (no agudo),Dentro de banda
59500531,Unid. Sanit. Nº 17 Damaso Arce,Municipal,Olavarría,0,,,,,,,Sin internacion,"3,107649896623019","0,025671042729325196",,,Excluido (no agudo),Dentro de banda
03500695,Unid. Sanit. Nº 18,Municipal,Avellaneda,,,,,,,,Sin internacion,"3,107649896623019","0,025671042729325196",,,Excluido (no agudo),Dentro de banda
3500695,Unid. Sanit. Nº 18,Municipal,Avellaneda,0,,,,,,,Sin internacion,"3,107649896623019","0,025671042729325196",,,Excluido (no agudo),Dentro de banda
53900449,Unid. Sanit. Nº 18,Municipal,Merlo,0,,,,,,,Sin internacion,"3,107649896623019","0,025671042729325196",,,Excluido (no agudo),Dentro de banda
09100516,Unid. Sanit. Nº 18,Municipal,Berazategui,,,,,,,,Sin internacion,"3,107649896623019","0,025671042729325196",,,Excluido (no agudo),Dentro de banda
9100516,Unid. Sanit. Nº 18,Municipal,Berazategui,0,,,,,,,Sin internacion,"3,107649896623019","0,025671042729325196",,,Excluido (no agudo),Dentro de banda
43401274,Unid. Sanit. Nº 18 26 de Abril,Municipal,Lanús,0,,,,,,,Sin internacion,"3,107649896623019","0,025671042729325196",,,Excluido (no agudo),Dentro de banda
59500540,Unid. Sanit. Nº 18 Alberdi,Municipal,Olavarría,0,,,,,,,Sin internacion,"3,107649896623019","0,025671042729325196",,,Excluido (no agudo),Dentro de banda
24500024,Unid. Sanit. Nº 184,Municipal,Ensenada,0,,,,,,,Sin internacion,"3,107649896623019","0,025671042729325196",,,Excluido (no agudo),Dentro de banda
09100524,Unid. Sanit. Nº 19,Municipal,Berazategui,,,,,,,,Sin internacion,"3,107649896623019","0,025671042729325196",,,Excluido (no agudo),Dentro de banda
9100524,Unid. Sanit. Nº 19,Municipal,Berazategui,0,,,,,,,Sin internacion,"3,107649896623019","0,025671042729325196",,,Excluido (no agudo),Dentro de banda
09800038,Unid. Sanit. Nº 19,Municipal,Berisso,,,,,,,,Sin internacion,"3,107649896623019","0,025671042729325196",,,Excluido (no agudo),Dentro de banda
26000671,Unid. Sanit. Nº 19,Municipal,Esteban Echeverría,0,,,,,,,Sin internacion,"3,107649896623019","0,025671042729325196",,,Excluido (no agudo),Dentro de banda
3501004,Unid. Sanit. Nº 19,Municipal,Avellaneda,0,,,,,,,Sin internacion,"3,107649896623019","0,025671042729325196",,,Excluido (no agudo),Dentro de banda
03501004,Unid. Sanit. Nº 19,Municipal,Avellaneda,,,,,,,,Sin internacion,"3,107649896623019","0,025671042729325196",,,Excluido (no agudo),Dentro de banda
9800038,Unid. Sanit. Nº 19,Municipal,Berisso,0,,,,,,,Sin internacion,"3,107649896623019","0,025671042729325196",,,Excluido (no agudo),Dentro de banda
43401070,Unid. Sanit. Nº 19 Balcarce,Municipal,Lanús,0,,,,,,,Sin internacion,"3,107649896623019","0,025671042729325196",,,Excluido (no agudo),Dentro de banda
59500566,Unid. Sanit. Nº 19 Colonia Hinojo,Municipal,Olavarría,0,,,,,,,Sin internacion,"3,107649896623019","0,025671042729325196",,,Excluido (no agudo),Dentro de banda
3500351,Unid. Sanit. Nº 2,Municipal,Avellaneda,0,,,,,,,Sin internacion,"3,107649896623019","0,025671042729325196",,,Excluido (no agudo),Dentro de banda
53900112,Unid. Sanit. Nº 2,Municipal,Merlo,0,,,,,,,Sin internacion,"3,107649896623019","0,025671042729325196",,,Excluido (no agudo),Dentro de banda
03500351,Unid. Sanit. Nº 2,Municipal,Avellaneda,,,,,,,,Sin internacion,"3,107649896623019","0,025671042729325196",,,Excluido (no agudo),Dentro de banda
26000093,Unid. Sanit. Nº 2,Municipal,Esteban Echeverría,0,,,,,,,Sin internacion,"3,107649896623019","0,025671042729325196",,,Excluido (no agudo),Dentro de banda
9100192,Unid. Sanit. Nº 2,Municipal,Berazategui,0,,,,,,,Sin internacion,"3,107649896623019","0,025671042729325196",,,Excluido (no agudo),Dentro de banda
09100192,Unid. Sanit. Nº 2,Municipal,Berazategui,,,,,,,,Sin internacion,"3,107649896623019","0,025671042729325196",,,Excluido (no agudo),Dentro de banda
04900310,Unid. Sanit. Nº 2 San José,Municipal,Azul,,,,,,,,Sin internacion,"3,107649896623019","0,025671042729325196",,,Excluido (no agudo),Dentro de banda
4900310,Unid. Sanit. Nº 2 San José,Municipal,Azul,0,,,,,,,Sin internacion,"3,107649896623019","0,025671042729325196",,,Excluido (no agudo),Dentro de banda
59500302,Unid. Sanit. Nº 2 Sarmiento,Municipal,Olavarría,0,,,,,,,Sin internacion,"3,107649896623019","0,025671042729325196",,,Excluido (no agudo),Dentro de banda
53900422,Unid. Sanit. Nº 20,Municipal,Merlo,0,,,,,,,Sin internacion,"3,107649896623019","0,025671042729325196",,,Excluido (no agudo),Dentro de banda
9100532,Unid. Sanit. Nº 20,Municipal,Berazategui,0,,,,,,,Sin internacion,"3,107649896623019","0,025671042729325196",,,Excluido (no agudo),Dentro de banda
09100532,Unid. Sanit. Nº 20,Municipal,Berazategui,,,,,,,,Sin internacion,"3,107649896623019","0,025671042729325196",,,Excluido (no agudo),Dentro de banda
59500507,Unid. Sanit. Nº 20 Bo. AOMA,Municipal,Olavarría,0,,,,,,,Sin internacion,"3,107649896623019","0,025671042729325196",,,Excluido (no agudo),Dentro de banda
43401240,Unid. Sanit. Nº 20 Va. Independencia,Municipal,Lanús,0,,,,,,,Sin internacion,"3,107649896623019","0,025671042729325196",,,Excluido (no agudo),Dentro de banda
9100541,Unid. Sanit. Nº 21,Municipal,Berazategui,0,,,,,,,Sin internacion,"3,107649896623019","0,025671042729325196",,,Excluido (no agudo),Dentro de banda
09100541,Unid. Sanit. Nº 21,Municipal,Berazategui,,,,,,,,Sin internacion,"3,107649896623019","0,025671042729325196",,,Excluido (no agudo),Dentro de banda
59500469,Unid. Sanit. Nº 21 Loma Negra,Municipal,Olavarría,0,,,,,,,Sin internacion,"3,107649896623019","0,025671042729325196",,,Excluido (no agudo),Dentro de banda
59500523,Unid. Sanit. Nº 22 Villa Mailin,Municipal,Olavarría,0,,,,,,,Sin internacion,"3,107649896623019","0,025671042729325196",,,Excluido (no agudo),Dentro de banda
09100559,Unid. Sanit. Nº 23,Municipal,Berazategui,,,,,,,,Sin internacion,"3,107649896623019","0,025671042729325196",,,Excluido (no agudo),Dentro de banda
9100559,Unid. Sanit. Nº 23,Municipal,Berazategui,0,,,,,,,Sin internacion,"3,107649896623019","0,025671042729325196",,,Excluido (no agudo),Dentro de banda
09100656,Unid. Sanit. Nº 24,Municipal,Berazategui,,,,,,,,Sin internacion,"3,107649896623019","0,025671042729325196",,,Excluido (no agudo),Dentro de banda
53900376,Unid. Sanit. Nº 24,Municipal,Merlo,0,,,,,,,Sin internacion,"3,107649896623019","0,025671042729325196",,,Excluido (no agudo),Dentro de banda
9100656,Unid. Sanit. Nº 24,Municipal,Berazategui,0,,,,,,,Sin internacion,"3,107649896623019","0,025671042729325196",,,Excluido (no agudo),Dentro de banda
43401312,Unid. Sanit. Nº 24 Gral. Belgrano,Municipal,Lanús,0,,,,,,,Sin internacion,"3,107649896623019","0,025671042729325196",,,Excluido (no agudo),Dentro de banda
09100419,Unid. Sanit. Nº 25,Municipal,Berazategui,,,,,,,,Sin internacion,"3,107649896623019","0,025671042729325196",,,Excluido (no agudo),Dentro de banda
53900406,Unid. Sanit. Nº 25,Municipal,Merlo,0,,,,,,,Sin internacion,"3,107649896623019","0,025671042729325196",,,Excluido (no agudo),Dentro de banda
9100419,Unid. Sanit. Nº 25,Municipal,Berazategui,0,,,,,,,Sin internacion,"3,107649896623019","0,025671042729325196",,,Excluido (no agudo),Dentro de banda
09100681,Unid. Sanit. Nº 27,Municipal,Berazategui,,,,,,,,Sin internacion,"3,107649896623019","0,025671042729325196",,,Excluido (no agudo),Dentro de banda
9100681,Unid. Sanit. Nº 27,Municipal,Berazategui,0,,,,,,,Sin internacion,"3,107649896623019","0,025671042729325196",,,Excluido (no agudo),Dentro de banda
43400201,Unid. Sanit. Nº 27 J. Giardino,Municipal,Lanús,0,,,,,,,Sin internacion,"3,107649896623019","0,025671042729325196",,,Excluido (no agudo),Dentro de banda
53900414,Unid. Sanit. Nº 28,Municipal,Merlo,0,,,,,,,Sin internacion,"3,107649896623019","0,025671042729325196",,,Excluido (no agudo),Dentro de banda
09100621,Unid. Sanit. Nº 28,Municipal,Berazategui,,,,,,,,Sin internacion,"3,107649896623019","0,025671042729325196",,,Excluido (no agudo),Dentro de banda
9100621,Unid. Sanit. Nº 28,Municipal,Berazategui,0,,,,,,,Sin internacion,"3,107649896623019","0,025671042729325196",,,Excluido (no agudo),Dentro de banda
24500156,Unid. Sanit. Nº 298,Municipal,Ensenada,0,,,,,,,Sin internacion,"3,107649896623019","0,025671042729325196",,,Excluido (no agudo),Dentro de banda
03500440,Unid. Sanit. Nº 3,Municipal,Avellaneda,,,,,,,,Sin internacion,"3,107649896623019","0,025671042729325196",,,Excluido (no agudo),Dentro de banda
9100176,Unid. Sanit. Nº 3,Municipal,Berazategui,12445,"4148,333333333333","1,303736440337485",0,"5,333333333333333","2,259903862091828","777,8125",Agudos,"3,107649896623019","0,025671042729325196","0,4195248769027079",0,Anomalia de datos,Dentro de banda
3500440,Unid. Sanit. Nº 3,Municipal,Avellaneda,0,,,,,,,Sin internacion,"3,107649896623019","0,025671042729325196",,,Excluido (no agudo),Dentro de banda
26000336,Unid. Sanit. Nº 3,Municipal,Esteban Echeverría,0,,,,,,,Sin internacion,"3,107649896623019","0,025671042729325196",,,Excluido (no agudo),Dentro de banda
53900244,Unid. Sanit. Nº 3,Municipal,Merlo,0,,,,,,,Sin internacion,"3,107649896623019","0,025671042729325196",,,Excluido (no agudo),Dentro de banda
09100176,Unid. Sanit. Nº 3,Municipal,Berazategui,,,,,,,,Sin internacion,"3,107649896623019","0,025671042729325196",,,Excluido (no agudo),Dentro de banda
59500094,Unid. Sanit. Nº 3 Amoroso,Municipal,Olavarría,0,,,,,,,Sin internacion,"3,107649896623019","0,025671042729325196",,,Excluido (no agudo),Dentro de banda
04900301,Unid. Sanit. Nº 3 Madre Teresa de Calcuta,Municipal,Azul,,,,,,,,Sin internacion,"3,107649896623019","0,025671042729325196",,,Excluido (no agudo),Dentro de banda
4900301,Unid. Sanit. Nº 3 Madre Teresa de Calcuta,Municipal,Azul,0,,,,,,,Sin internacion,"3,107649896623019","0,025671042729325196",,,Excluido (no agudo),Dentro de banda
09100761,Unid. Sanit. Nº 32,Municipal,Berazategui,,,,,,,,Sin internacion,"3,107649896623019","0,025671042729325196",,,Excluido (no agudo),Dentro de banda
9100761,Unid. Sanit. Nº 32,Municipal,Berazategui,0,,,,,,,Sin internacion,"3,107649896623019","0,025671042729325196",,,Excluido (no agudo),Dentro de banda
09100788,Unid. Sanit. Nº 33,Municipal,Berazategui,,,,,,,,Sin internacion,"3,107649896623019","0,025671042729325196",,,Excluido (no agudo),Dentro de banda
9100788,Unid. Sanit. Nº 33,Municipal,Berazategui,0,,,,,,,Sin internacion,"3,107649896623019","0,025671042729325196",,,Excluido (no agudo),Dentro de banda
53900741,Unid. Sanit. Nº 34,Municipal,Merlo,0,,,,,,,Sin internacion,"3,107649896623019","0,025671042729325196",,,Excluido (no agudo),Dentro de banda
9800020,Unid. Sanit. Nº 35,Municipal,Berisso,0,,,,,,,Sin internacion,"3,107649896623019","0,025671042729325196",,,Excluido (no agudo),Dentro de banda
53900732,Unid. Sanit. Nº 35,Municipal,Merlo,0,,,,,,,Sin internacion,"3,107649896623019","0,025671042729325196",,,Excluido (no agudo),Dentro de banda
09800020,Unid. Sanit. Nº 35,Municipal,Berisso,,,,,,,,Sin internacion,"3,107649896623019","0,025671042729325196",,,Excluido (no agudo),Dentro de banda
53900805,Unid. Sanit. Nº 37,Municipal,Merlo,0,,,,,,,Sin internacion,"3,107649896623019","0,025671042729325196",,,Excluido (no agudo),Dentro de banda
53900813,Unid. Sanit. Nº 37,Provincial,Merlo,31070,"10356,666666666666","4,55233344061796","0,031091084647570003","168,66666666666666","0,7666480619482934","61,40316205533597",Agudos,"5,54963563866355","0,04447215295095595","0,8202941124463159","0,6991135482434899",Normal,Dentro de banda
53900678,Unid. Sanit. Nº 38,Municipal,Merlo,0,,,,,,,Sin internacion,"3,107649896623019","0,025671042729325196",,,Excluido (no agudo),Dentro de banda
43400294,Unid. Sanit. Nº 39 Va. Esperanza,Municipal,Lanús,0,,,,,,,Sin internacion,"3,107649896623019","0,025671042729325196",,,Excluido (no agudo),Dentro de banda
9100273,Unid. Sanit. Nº 4,Municipal,Berazategui,0,,,,,,,Sin internacion,"3,107649896623019","0,025671042729325196",,,Excluido (no agudo),Dentro de banda
26000352,Unid. Sanit. Nº 4,Municipal,Esteban Echeverría,0,,,,,,,Sin internacion,"3,107649896623019","0,025671042729325196",,,Excluido (no agudo),Dentro de banda
03500512,Unid. Sanit. Nº 4,Municipal,Avellaneda,,,,,,,,Sin internacion,"3,107649896623019","0,025671042729325196",,,Excluido (no agudo),Dentro de banda
3500512,Unid. Sanit. Nº 4,Municipal,Avellaneda,0,,,,,,,Sin internacion,"3,107649896623019","0,025671042729325196",,,Excluido (no agudo),Dentro de banda
53900198,Unid. Sanit. Nº 4,Municipal,Merlo,0,,,,,,,Sin internacion,"3,107649896623019","0,025671042729325196",,,Excluido (no agudo),Dentro de banda
09100273,Unid. Sanit. Nº 4,Municipal,Berazategui,,,,,,,,Sin internacion,"3,107649896623019","0,025671042729325196",,,Excluido (no agudo),Dentro de banda
43400740,Unid. Sanit. Nº 4 Dr. C. Argerich,Provincial,Lanús,15675,5225,"4,459968102073365","0,05607655502392345","95,66666666666667","0,6646288459885181","54,616724738675956",Agudos,"5,54963563866355","0,04447215295095595","0,8036506164479302","1,2609363681080354",Normal,Dentro de banda
43400545,Unid. Sanit. Nº 4 Dr. C. Argerich,Municipal,Lanús,0,,,,,,,Sin internacion,"3,107649896623019","0,025671042729325196",,,Excluido (no agudo),Dentro de banda
04900298,Unid. Sanit. Nº 4 Dr. J. Iturria,Municipal,Azul,,,,,,,,Sin internacion,"3,107649896623019","0,025671042729325196",,,Excluido (no agudo),Dentro de banda
4900298,Unid. Sanit. Nº 4 Dr. J. Iturria,Municipal,Azul,0,,,,,,,Sin internacion,"3,107649896623019","0,025671042729325196",,,Excluido (no agudo),Dentro de banda
56000236,Unid. Sanit. Nº 4 La Fortuna,Municipal,Moreno,0,,,,,,,Sin internacion,"3,107649896623019","0,025671042729325196",,,Excluido (no agudo),Dentro de banda
59500353,Unid. Sanit. Nº 4 Sierra Chica,Municipal,Olavarría,0,,,,,,,Sin internacion,"3,107649896623019","0,025671042729325196",,,Excluido (no agudo),Dentro de banda
9800071,Unid. Sanit. Nº 41,Provincial,Berisso,8239,"2746,3333333333335","5,353319577618643","0,056317514261439494","89,66666666666667","0,44098872188118204","30,62825278810409",Agudos,"5,54963563866355","0,04447215295095595","0,9646254143826668","1,2663545730189103",Normal,Dentro de banda
9800046,Unid. Sanit. Nº 41,Municipal,Berisso,0,,,,,,,Sin internacion,"3,107649896623019","0,025671042729325196",,,Excluido (no agudo),Dentro de banda
09800046,Unid. Sanit. Nº 41,Municipal,Berisso,,,,,,,,Sin internacion,"3,107649896623019","0,025671042729325196",,,Excluido (no agudo),Dentro de banda
9800160,Unid. Sanit. Nº 42,Municipal,Berisso,0,,,,,,,Sin internacion,"3,107649896623019","0,025671042729325196",,,Excluido (no agudo),Dentro de banda
09800160,Unid. Sanit. Nº 42,Municipal,Berisso,,,,,,,,Sin internacion,"3,107649896623019","0,025671042729325196",,,Excluido (no agudo),Dentro de banda
09800178,Unid. Sanit. Nº 43,Municipal,Berisso,,,,,,,,Sin internacion,"3,107649896623019","0,025671042729325196",,,Excluido (no agudo),Dentro de banda
9800178,Unid. Sanit. Nº 43,Municipal,Berisso,0,,,,,,,Sin internacion,"3,107649896623019","0,025671042729325196",,,Excluido (no agudo),Dentro de banda
9800216,Unid. Sanit. Nº 44,Municipal,Berisso,0,,,,,,,Sin internacion,"3,107649896623019","0,025671042729325196",,,Excluido (no agudo),Dentro de banda
09800216,Unid. Sanit. Nº 44,Municipal,Berisso,,,,,,,,Sin internacion,"3,107649896623019","0,025671042729325196",,,Excluido (no agudo),Dentro de banda
43401088,Unid. Sanit. Nº 45 Va. Eslovena,Municipal,Lanús,0,,,,,,,Sin internacion,"3,107649896623019","0,025671042729325196",,,Excluido (no agudo),Dentro de banda
09100362,Unid. Sanit. Nº 5,Municipal,Berazategui,,,,,,,,Sin internacion,"3,107649896623019","0,025671042729325196",,,Excluido (no agudo),Dentro de banda
53900317,Unid. Sanit. Nº 5,Municipal,Merlo,0,,,,,,,Sin internacion,"3,107649896623019","0,025671042729325196",,,Excluido (no agudo),Dentro de banda
9100362,Unid. Sanit. Nº 5,Municipal,Berazategui,0,,,,,,,Sin internacion,"3,107649896623019","0,025671042729325196",,,Excluido (no agudo),Dentro de banda
03500253,Unid. Sanit. Nº 5,Municipal,Avellaneda,,,,,,,,Sin internacion,"3,107649896623019","0,025671042729325196",,,Excluido (no agudo),Dentro de banda
3500253,Unid. Sanit. Nº 5,Municipal,Avellaneda,0,,,,,,,Sin internacion,"3,107649896623019","0,025671042729325196",,,Excluido (no agudo),Dentro de banda
26000361,Unid. Sanit. Nº 5,Municipal,Esteban Echeverría,0,,,,,,,Sin internacion,"3,107649896623019","0,025671042729325196",,,Excluido (no agudo),Dentro de banda
4900263,Unid. Sanit. Nº 5 Dr. M. J. Inza,Municipal,Azul,0,,,,,,,Sin internacion,"3,107649896623019","0,025671042729325196",,,Excluido (no agudo),Dentro de banda
04900263,Unid. Sanit. Nº 5 Dr. M. J. Inza,Municipal,Azul,,,,,,,,Sin internacion,"3,107649896623019","0,025671042729325196",,,Excluido (no agudo),Dentro de banda
59500345,Unid. Sanit. Nº 5 Irigoyen,Municipal,Olavarría,0,,,,,,,Sin internacion,"3,107649896623019","0,025671042729325196",,,Excluido (no agudo),Dentro de banda
53900325,Unid. Sanit. Nº 6,Municipal,Merlo,0,,,,,,,Sin internacion,"3,107649896623019","0,025671042729325196",,,Excluido (no agudo),Dentro de banda
09100281,Unid. Sanit. Nº 6,Municipal,Berazategui,,,,,,,,Sin internacion,"3,107649896623019","0,025671042729325196",,,Excluido (no agudo),Dentro de banda
26000379,Unid. Sanit. Nº 6,Municipal,Esteban Echeverría,0,,,,,,,Sin internacion,"3,107649896623019","0,025671042729325196",,,Excluido (no agudo),Dentro de banda
9100281,Unid. Sanit. Nº 6,Municipal,Berazategui,0,,,,,,,Sin internacion,"3,107649896623019","0,025671042729325196",,,Excluido (no agudo),Dentro de banda
03500466,Unid. Sanit. Nº 6,Municipal,Avellaneda,,,,,,,,Sin internacion,"3,107649896623019","0,025671042729325196",,,Excluido (no agudo),Dentro de banda
3500466,Unid. Sanit. Nº 6,Municipal,Avellaneda,0,,,,,,,Sin internacion,"3,107649896623019","0,025671042729325196",,,Excluido (no agudo),Dentro de banda
59500451,Unid. Sanit. Nº 6 12 de Octubre,Municipal,Olavarría,0,,,,,,,Sin internacion,"3,107649896623019","0,025671042729325196",,,Excluido (no agudo),Dentro de banda
41300497,Unid. Sanit. Nº 6 Bo. Norte,Municipal,Junín,0,,,,,,,Sin internacion,"3,107649896623019","0,025671042729325196",,,Excluido (no agudo),Dentro de banda
43400910,Unid. Sanit. Nº 6 Va. Mauricio,Municipal,Lanús,0,,,,,,,Sin internacion,"3,107649896623019","0,025671042729325196",,,Excluido (no agudo),Dentro de banda
03500504,Unid. Sanit. Nº 7,Municipal,Avellaneda,,,,,,,,Sin internacion,"3,107649896623019","0,025671042729325196",,,Excluido (no agudo),Dentro de banda
3500504,Unid. Sanit. Nº 7,Municipal,Avellaneda,0,,,,,,,Sin internacion,"3,107649896623019","0,025671042729325196",,,Excluido (no agudo),Dentro de banda
59500477,Unid. Sanit. Nº 7 Independencia,Municipal,Olavarría,0,,,,,,,Sin internacion,"3,107649896623019","0,025671042729325196",,,Excluido (no agudo),Dentro de banda
26000603,Unid. Sanit. Nº 8,Municipal,Esteban Echeverría,0,,,,,,,Sin internacion,"3,107649896623019","0,025671042729325196",,,Excluido (no agudo),Dentro de banda
3500393,Unid. Sanit. Nº 8,Municipal,Avellaneda,0,,,,,,,Sin internacion,"3,107649896623019","0,025671042729325196",,,Excluido (no agudo),Dentro de banda
3500427,Unid. Sanit. Nº 8,Provincial,Avellaneda,5966,2983,"2,2502514247401946","0,006034193764666443",12,"1,672859690844233","248,58333333333334",Agudos,"5,54963563866355","0,04447215295095595","0,40547732702720185","0,13568476820362113",Anomalia de datos,Dentro de banda
03500393,Unid. Sanit. Nº 8,Municipal,Avellaneda,,,,,,,,Sin internacion,"3,107649896623019","0,025671042729325196",,,Excluido (no agudo),Dentro de banda
24500041,Unid. Sanit. Nº 80,Provincial,Ensenada,6384,2128,"4,8693609022556394","0,03179824561403509","46,333333333333336","0,6005833201954911","45,92805755395683",Agudos,"5,54963563866355","0,04447215295095595","0,8774199279555347","0,7150147565174618",Normal,Dentro de banda
24500032,Unid. Sanit. Nº 80,Municipal,Ensenada,0,,,,,,,Sin internacion,"3,107649896623019","0,025671042729325196",,,Excluido (no agudo),Dentro de banda
09100583,Unid. Sanit. Nº 9,Municipal,Berazategui,,,,,,,,Sin internacion,"3,107649896623019","0,025671042729325196",,,Excluido (no agudo),Dentro de banda
26000310,Unid. Sanit. Nº 9,Municipal,Esteban Echeverría,0,,,,,,,Sin internacion,"3,107649896623019","0,025671042729325196",,,Excluido (no agudo),Dentro de banda
3500369,Unid. Sanit. Nº 9,Municipal,Avellaneda,0,,,,,,,Sin internacion,"3,107649896623019","0,025671042729325196",,,Excluido (no agudo),Dentro de banda
03500369,Unid. Sanit. Nº 9,Municipal,Avellaneda,,,,,,,,Sin internacion,"3,107649896623019","0,025671042729325196",,,Excluido (no agudo),Dentro de banda
9100583,Unid. Sanit. Nº 9,Municipal,Berazategui,0,,,,,,,Sin internacion,"3,107649896623019","0,025671042729325196",,,Excluido (no agudo),Dentro de banda
53900333,Unid. Sanit. Nº 9 CIC Bo. Alegre,Municipal,Merlo,0,,,,,,,Sin internacion,"3,107649896623019","0,025671042729325196",,,Excluido (no agudo),Dentro de banda
43400308,Unid. Sanit. Nº 9 El Triángulo,Municipal,Lanús,0,,,,,,,Sin internacion,"3,107649896623019","0,025671042729325196",,,Excluido (no agudo),Dentro de banda
41300551,Unid. Sanit. Nº 9 Los Almendros,Municipal,Junín,0,,,,,,,Sin internacion,"3,107649896623019","0,025671042729325196",,,Excluido (no agudo),Dentro de banda
59500124,Unid. Sanit. Nº 9 San Miguel,Municipal,Olavarría,0,,,,,,,Sin internacion,"3,107649896623019","0,025671042729325196",,,Excluido (no agudo),Dentro de banda
11200056,Unid. Sanit. O` Brien,Municipal,Bragado,979,"326,3333333333333","10,748723186925433","0,017364657814096015",16,"0,9333219353735681","20,395833333333332",Agudos,"3,107649896623019","0,025671042729325196","3,458794762758095","0,6764297811034992",Saturado,Peor desempeno
5601081,Unid. Sanit. Obrero Villa Mitre,Municipal,Bahía Blanca,0,,,,,,,Sin internacion,"3,107649896623019","0,025671042729325196",,,Excluido (no agudo),Dentro de banda
05601081,Unid. Sanit. Obrero Villa Mitre,Municipal,Bahía Blanca,,,,,,,,Sin internacion,"3,107649896623019","0,025671042729325196",,,Excluido (no agudo),Dentro de banda
3500571,Unid. Sanit. Odontológica C. Larralde,Municipal,Avellaneda,0,,,,,,,Sin internacion,"3,107649896623019","0,025671042729325196",,,Excluido (no agudo),Dentro de banda
03500571,Unid. Sanit. Odontológica C. Larralde,Municipal,Avellaneda,,,,,,,,Sin internacion,"3,107649896623019","0,025671042729325196",,,Excluido (no agudo),Dentro de banda
11900040,Unid. Sanit. Oliden,Municipal,Brandsen,0,,,,,,,Sin internacion,"3,107649896623019","0,025671042729325196",,,Excluido (no agudo),Dentro de banda
14700149,Unid. Sanit. Ordoqui,Municipal,Carlos Casares,0,,,,,,,Sin internacion,"3,107649896623019","0,025671042729325196",,,Excluido (no agudo),Dentro de banda
46900018,Unid. Sanit. P. Lacau,Municipal,Lincoln,76,"25,333333333333332","17,44736842105263","0,10526315789473684",12,"0,6983728710462287","2,111111111111111",Agudos,"3,107649896623019","0,025671042729325196","5,614328834149597","4,100462883593348",Normal,Dentro de banda
13400147,Unid. Sanit. P. T. Gandia Gdor. Udaondo,Municipal,Cañuelas,0,,,,,,,Sin internacion,"3,107649896623019","0,025671042729325196",,,Excluido (no agudo),Dentro de banda
05600531,Unid. Sanit. Pampa Central,Municipal,Bahía Blanca,,,,,,,,Sin internacion,"3,107649896623019","0,025671042729325196",,,Excluido (no agudo),Dentro de banda
5600531,Unid. Sanit. Pampa Central,Municipal,Bahía Blanca,0,,,,,,,Sin internacion,"3,107649896623019","0,025671042729325196",,,Excluido (no agudo),Dentro de banda
35700921,Unid. Sanit. Parque Hermoso,Municipal,General Pueyrredón,0,,,,,,,Sin internacion,"3,107649896623019","0,025671042729325196",,,Excluido (no agudo),Dentro de banda
56000627,Unid. Sanit. Parque Paso del Rey,Municipal,Moreno,0,,,,,,,Sin internacion,"3,107649896623019","0,025671042729325196",,,Excluido (no agudo),Dentro de banda
20300071,Unid. Sanit. Pasman,Municipal,Coronel Suárez,0,,,,,,,Sin internacion,"3,107649896623019","0,025671042729325196",,,Excluido (no agudo),Dentro de banda
56000341,Unid. Sanit. Paso del Rey,Municipal,Moreno,0,,,,,,,Sin internacion,"3,107649896623019","0,025671042729325196",,,Excluido (no agudo),Dentro de banda
05600778,Unid. Sanit. Patagonia,Municipal,Bahía Blanca,,,,,,,,Sin internacion,"3,107649896623019","0,025671042729325196",,,Excluido (no agudo),Dentro de banda
5600778,Unid. Sanit. Patagonia,Municipal,Bahía Blanca,0,,,,,,,Sin internacion,"3,107649896623019","0,025671042729325196",,,Excluido (no agudo),Dentro de banda
58800124,Unid. Sanit. Patricios,Municipal,9 de Julio,0,,,,,,,Sin internacion,"3,107649896623019","0,025671042729325196",,,Excluido (no agudo),Dentro de banda
17500043,Unid. Sanit. Pearson,Municipal,Colón,0,,,,,,,Sin internacion,"3,107649896623019","0,025671042729325196",,,Excluido (no agudo),Dentro de banda
44800032,Unid. Sanit. Pedro Avila,Municipal,Laprida,0,,,,,,,Sin internacion,"3,107649896623019","0,025671042729325196",,,Excluido (no agudo),Dentro de banda
05600191,Unid. Sanit. Pedro Pico,Municipal,Bahía Blanca,,,,,,,,Sin internacion,"3,107649896623019","0,025671042729325196",,,Excluido (no agudo),Dentro de banda
5600191,Unid. Sanit. Pedro Pico,Municipal,Bahía Blanca,0,,,,,,,Sin internacion,"3,107649896623019","0,025671042729325196",,,Excluido (no agudo),Dentro de banda
63800701,Unid. Sanit. Pinazo,Municipal,Pilar,0,,,,,,,Sin internacion,"3,107649896623019","0,025671042729325196",,,Excluido (no agudo),Dentro de banda
65500101,Unid. Sanit. Pipinas,Municipal,Punta Indio,0,,,,,,,Sin internacion,"3,107649896623019","0,025671042729325196",,,Excluido (no agudo),Dentro de banda
50500143,Unid. Sanit. Pje. El Pino,Municipal,Magdalena,0,,,,,,,Sin internacion,"3,107649896623019","0,025671042729325196",,,Excluido (no agudo),Dentro de banda
35700289,Unid. Sanit. Playa del Sur,Municipal,General Pueyrredón,0,,,,,,,Sin internacion,"3,107649896623019","0,025671042729325196",,,Excluido (no agudo),Dentro de banda
32900031,Unid. Sanit. Plomer,Municipal,General Las Heras,0,,,,,,,Sin internacion,"3,107649896623019","0,025671042729325196",,,Excluido (no agudo),Dentro de banda
32200102,Unid. Sanit. Pontaut,Municipal,General La Madrid,0,,,,,,,Sin internacion,"3,107649896623019","0,025671042729325196",,,Excluido (no agudo),Dentro de banda
49001502,Unid. Sanit. Posta Cementerio,Municipal,Lomas de Zamora,0,,,,,,,Sin internacion,"3,107649896623019","0,025671042729325196",,,Excluido (no agudo),Dentro de banda
49001260,Unid. Sanit. Prosperidad,Municipal,Lomas de Zamora,0,,,,,,,Sin internacion,"3,107649896623019","0,025671042729325196",,,Excluido (no agudo),Dentro de banda
49000638,Unid. Sanit. Provincias Unidas,Municipal,Lomas de Zamora,0,,,,,,,Sin internacion,"3,107649896623019","0,025671042729325196",,,Excluido (no agudo),Dentro de banda
63800014,Unid. Sanit. Pte. Derqui,Municipal,Pilar,0,,,,,,,Sin internacion,"3,107649896623019","0,025671042729325196",,,Excluido (no agudo),Dentro de banda
6300131,Unid. Sanit. Pueblo Nuevo,Municipal,Balcarce,0,,,,,,,Sin internacion,"3,107649896623019","0,025671042729325196",,,Excluido (no agudo),Dentro de banda
06300131,Unid. Sanit. Pueblo Nuevo,Municipal,Balcarce,,,,,,,,Sin internacion,"3,107649896623019","0,025671042729325196",,,Excluido (no agudo),Dentro de banda
20300098,Unid. Sanit. Pueblo San José,Municipal,Coronel Suárez,0,,,,,,,Sin internacion,"3,107649896623019","0,025671042729325196",,,Excluido (no agudo),Dentro de banda
20300080,Unid. Sanit. Pueblo Sta. Trinidad,Municipal,Coronel Suárez,0,,,,,,,Sin internacion,"3,107649896623019","0,025671042729325196",,,Excluido (no agudo),Dentro de banda
77800131,Unid. Sanit. Pueblo de la Paz,Municipal,San Vicente,0,,,,,,,Sin internacion,"3,107649896623019","0,025671042729325196",,,Excluido (no agudo),Dentro de banda
20300152,Unid. Sanit. Puente Chico,Municipal,Coronel Suárez,0,,,,,,,Sin internacion,"3,107649896623019","0,025671042729325196",,,Excluido (no agudo),Dentro de banda
55300091,Unid. Sanit. Puesto Costanera,Municipal,Monte Hermoso,0,,,,,,,Sin internacion,"3,107649896623019","0,025671042729325196",,,Excluido (no agudo),Dentro de banda
65500135,Unid. Sanit. Punta Indio,Municipal,Punta Indio,0,,,,,,,Sin internacion,"3,107649896623019","0,025671042729325196",,,Excluido (no agudo),Dentro de banda
66500041,Unid. Sanit. Pérez Millán,Municipal,Ramallo,0,,,,,,,Sin internacion,"3,107649896623019","0,025671042729325196",,,Excluido (no agudo),Dentro de banda
3501012,Unid. Sanit. R. Carrillo,Municipal,Avellaneda,0,,,,,,,Sin internacion,"3,107649896623019","0,025671042729325196",,,Excluido (no agudo),Dentro de banda
40800831,Unid. Sanit. R. Carrillo,Municipal,Hurlingham,0,,,,,,,Sin internacion,"3,107649896623019","0,025671042729325196",,,Excluido (no agudo),Dentro de banda
03501012,Unid. Sanit. R. Carrillo,Municipal,Avellaneda,,,,,,,,Sin internacion,"3,107649896623019","0,025671042729325196",,,Excluido (no agudo),Dentro de banda
58100149,Unid. Sanit. R. Santamarina,Provincial,Necochea,699,233,"88,32618025751073",0,56,"0,5717612193056731","4,160714285714286",Estadia prolongada,"5,54963563866355","0,04447215295095595","15,915671948290505",0,Excluido (no agudo),Peor desempeno
58100092,Unid. Sanit. R. Santamarina,Municipal,Necochea,0,,,,,,,Sin internacion,"3,107649896623019","0,025671042729325196",,,Excluido (no agudo),Dentro de banda
43400987,Unid. Sanit. Ramón Carrillo,Municipal,Lanús,0,,,,,,,Sin internacion,"3,107649896623019","0,025671042729325196",,,Excluido (no agudo),Dentro de banda
52500056,Unid. Sanit. Rayo de Sol,Municipal,Marcos Paz,0,,,,,,,Sin internacion,"3,107649896623019","0,025671042729325196",,,Excluido (no agudo),Dentro de banda
30100089,Unid. Sanit. Ricardo Callegari,Municipal,General Belgrano,0,,,,,,,Sin internacion,"3,107649896623019","0,025671042729325196",,,Excluido (no agudo),Dentro de banda
5600409,Unid. Sanit. Rivadavia,Municipal,Bahía Blanca,0,,,,,,,Sin internacion,"3,107649896623019","0,025671042729325196",,,Excluido (no agudo),Dentro de banda
17500141,Unid. Sanit. Rivadavia,Municipal,Colón,0,,,,,,,Sin internacion,"3,107649896623019","0,025671042729325196",,,Excluido (no agudo),Dentro de banda
05600409,Unid. Sanit. Rivadavia,Municipal,Bahía Blanca,,,,,,,,Sin internacion,"3,107649896623019","0,025671042729325196",,,Excluido (no agudo),Dentro de banda
67900077,Unid. Sanit. Roosevelt,Municipal,Rivadavia,0,,,,,,,Sin internacion,"3,107649896623019","0,025671042729325196",,,Excluido (no agudo),Dentro de banda
21800120,Unid. Sanit. Roque Carranza,Municipal,Chascomús,0,,,,,,,Sin internacion,"3,107649896623019","0,025671042729325196",,,Excluido (no agudo),Dentro de banda
45500156,Unid. Sanit. Rosas,Municipal,Las Flores,0,,,,,,,Sin internacion,"3,107649896623019","0,025671042729325196",,,Excluido (no agudo),Dentro de banda
63800359,Unid. Sanit. Río Luján,Municipal,Pilar,0,,,,,,,Sin internacion,"3,107649896623019","0,025671042729325196",,,Excluido (no agudo),Dentro de banda
24500164,Unid. Sanit. Río Santiago,Municipal,Ensenada,0,,,,,,,Sin internacion,"3,107649896623019","0,025671042729325196",,,Excluido (no agudo),Dentro de banda
49001154,Unid. Sanit. S.U.M. Arroyo del Rey,Municipal,Lomas de Zamora,0,,,,,,,Sin internacion,"3,107649896623019","0,025671042729325196",,,Excluido (no agudo),Dentro de banda
41300080,Unid. Sanit. Safocarda,Municipal,Junín,0,,,,,,,Sin internacion,"3,107649896623019","0,025671042729325196",,,Excluido (no agudo),Dentro de banda
13400058,Unid. Sanit. Sag. C. de Jesús Máximo Paz,Municipal,Cañuelas,0,,,,,,,Sin internacion,"3,107649896623019","0,025671042729325196",,,Excluido (no agudo),Dentro de banda
5601146,Unid. Sanit. Saladero,Municipal,Bahía Blanca,0,,,,,,,Sin internacion,"3,107649896623019","0,025671042729325196",,,Excluido (no agudo),Dentro de banda
05601146,Unid. Sanit. Saladero,Municipal,Bahía Blanca,,,,,,,,Sin internacion,"3,107649896623019","0,025671042729325196",,,Excluido (no agudo),Dentro de banda
11200188,Unid. Sanit. Salado Sur,Municipal,Bragado,0,,,,,,,Sin internacion,"3,107649896623019","0,025671042729325196",,,Excluido (no agudo),Dentro de banda
6300034,Unid. Sanit. San Agustín,Municipal,Balcarce,0,,,,,,,Sin internacion,"3,107649896623019","0,025671042729325196",,,Excluido (no agudo),Dentro de banda
06300034,Unid. Sanit. San Agustín,Municipal,Balcarce,,,,,,,,Sin internacion,"3,107649896623019","0,025671042729325196",,,Excluido (no agudo),Dentro de banda
41001471,Unid. Sanit. San Alberto,Municipal,Ituzaingó,0,,,,,,,Sin internacion,"3,107649896623019","0,025671042729325196",,,Excluido (no agudo),Dentro de banda
63800316,Unid. Sanit. San Alejo,Municipal,Pilar,0,,,,,,,Sin internacion,"3,107649896623019","0,025671042729325196",,,Excluido (no agudo),Dentro de banda
56000384,Unid. Sanit. San Ambrosio,Municipal,Moreno,0,,,,,,,Sin internacion,"3,107649896623019","0,025671042729325196",,,Excluido (no agudo),Dentro de banda
60200088,Unid. Sanit. San Blas,Municipal,Patagones,0,,,,,,,Sin internacion,"3,107649896623019","0,025671042729325196",,,Excluido (no agudo),Dentro de banda
56000422,Unid. Sanit. San Brizzi,Municipal,Moreno,0,,,,,,,Sin internacion,"3,107649896623019","0,025671042729325196",,,Excluido (no agudo),Dentro de banda
56000457,Unid. Sanit. San Carlos,Municipal,Moreno,0,,,,,,,Sin internacion,"3,107649896623019","0,025671042729325196",,,Excluido (no agudo),Dentro de banda
56000619,Unid. Sanit. San Carlos Ruta 25,Municipal,Moreno,0,,,,,,,Sin internacion,"3,107649896623019","0,025671042729325196",,,Excluido (no agudo),Dentro de banda
20300144,Unid. Sanit. San Cayetano,Municipal,Coronel Suárez,0,,,,,,,Sin internacion,"3,107649896623019","0,025671042729325196",,,Excluido (no agudo),Dentro de banda
5600336,Unid. Sanit. San Cayetano,Municipal,Bahía Blanca,0,,,,,,,Sin internacion,"3,107649896623019","0,025671042729325196",,,Excluido (no agudo),Dentro de banda
14000066,Unid. Sanit. San Cayetano,Municipal,Capitán Sarmiento,0,,,,,,,Sin internacion,"3,107649896623019","0,025671042729325196",,,Excluido (no agudo),Dentro de banda
21000179,Unid. Sanit. San Cayetano,Municipal,Chacabuco,0,,,,,,,Sin internacion,"3,107649896623019","0,025671042729325196",,,Excluido (no agudo),Dentro de banda
54700087,Unid. Sanit. San Cayetano,Municipal,Monte,0,,,,,,,Sin internacion,"3,107649896623019","0,025671042729325196",,,Excluido (no agudo),Dentro de banda
05600336,Unid. Sanit. San Cayetano,Municipal,Bahía Blanca,,,,,,,,Sin internacion,"3,107649896623019","0,025671042729325196",,,Excluido (no agudo),Dentro de banda
63800332,Unid. Sanit. San Cayetano,Municipal,Pilar,0,,,,,,,Sin internacion,"3,107649896623019","0,025671042729325196",,,Excluido (no agudo),Dentro de banda
40800661,Unid. Sanit. San Damián y Morris,Municipal,Hurlingham,0,,,,,,,Sin internacion,"3,107649896623019","0,025671042729325196",,,Excluido (no agudo),Dentro de banda
38500035,Unid. Sanit. San Emilio,Municipal,General Viamonte,0,,,,,,,Sin internacion,"3,107649896623019","0,025671042729325196",,,Excluido (no agudo),Dentro de banda
54700079,Unid. Sanit. San Francisco  de Asís,Municipal,Monte,0,,,,,,,Sin internacion,"3,107649896623019","0,025671042729325196",,,Excluido (no agudo),Dentro de banda
65100090,Unid. Sanit. San Germán,Municipal,Puán,0,,,,,,,Sin internacion,"3,107649896623019","0,025671042729325196",,,Excluido (no agudo),Dentro de banda
74900449,Unid. Sanit. San Ginés,Municipal,San Fernando,0,,,,,,,Sin internacion,"3,107649896623019","0,025671042729325196",,,Excluido (no agudo),Dentro de banda
40801021,Unid. Sanit. San J. Obrero,Municipal,Hurlingham,0,,,,,,,Sin internacion,"3,107649896623019","0,025671042729325196",,,Excluido (no agudo),Dentro de banda
56000538,Unid. Sanit. San Jorge,Municipal,Moreno,0,,,,,,,Sin internacion,"3,107649896623019","0,025671042729325196",,,Excluido (no agudo),Dentro de banda
44800024,Unid. Sanit. San Jorge,Municipal,Laprida,0,,,,,,,Sin internacion,"3,107649896623019","0,025671042729325196",,,Excluido (no agudo),Dentro de banda
49000204,Unid. Sanit. San José,Municipal,Lomas de Zamora,0,,,,,,,Sin internacion,"3,107649896623019","0,025671042729325196",,,Excluido (no agudo),Dentro de banda
5600263,Unid. Sanit. San José Obrero,Municipal,Bahía Blanca,0,,,,,,,Sin internacion,"3,107649896623019","0,025671042729325196",,,Excluido (no agudo),Dentro de banda
05600263,Unid. Sanit. San José Obrero,Municipal,Bahía Blanca,,,,,,,,Sin internacion,"3,107649896623019","0,025671042729325196",,,Excluido (no agudo),Dentro de banda
5600182,Unid. Sanit. San Martín,Municipal,Bahía Blanca,0,,,,,,,Sin internacion,"3,107649896623019","0,025671042729325196",,,Excluido (no agudo),Dentro de banda
6300123,Unid. Sanit. San Martín,Municipal,Balcarce,0,,,,,,,Sin internacion,"3,107649896623019","0,025671042729325196",,,Excluido (no agudo),Dentro de banda
05600182,Unid. Sanit. San Martín,Municipal,Bahía Blanca,,,,,,,,Sin internacion,"3,107649896623019","0,025671042729325196",,,Excluido (no agudo),Dentro de banda
06300123,Unid. Sanit. San Martín,Municipal,Balcarce,,,,,,,,Sin internacion,"3,107649896623019","0,025671042729325196",,,Excluido (no agudo),Dentro de banda
65801021,Unid. Sanit. San Martín,Municipal,Quilmes,0,,,,,,,Sin internacion,"3,107649896623019","0,025671042729325196",,,Excluido (no agudo),Dentro de banda
700022,Unid. Sanit. San Miguel Arcangel,Municipal,Adolfo Alsina,0,,,,,,,Sin internacion,"3,107649896623019","0,025671042729325196",,,Excluido (no agudo),Dentro de banda
00700022,Unid. Sanit. San Miguel Arcangel,Municipal,Adolfo Alsina,,,,,,,,Sin internacion,"3,107649896623019","0,025671042729325196",,,Excluido (no agudo),Dentro de banda
05600794,Unid. Sanit. Sanchez Elías,Municipal,Bahía Blanca,,,,,,,,Sin internacion,"3,107649896623019","0,025671042729325196",,,Excluido (no agudo),Dentro de banda
5600794,Unid. Sanit. Sanchez Elías,Municipal,Bahía Blanca,0,,,,,,,Sin internacion,"3,107649896623019","0,025671042729325196",,,Excluido (no agudo),Dentro de banda
67900042,Unid. Sanit. Sansinena,Municipal,Rivadavia,66,22,"21,393939393939394","0,030303030303030304",7,"0,8669772256728778","3,142857142857143",Agudos,"3,107649896623019","0,025671042729325196","6,884282369512565","1,1804362846708123",Normal,Dentro de banda
63800391,Unid. Sanit. Santa Ana,Municipal,Pilar,0,,,,,,,Sin internacion,"3,107649896623019","0,025671042729325196",,,Excluido (no agudo),Dentro de banda
56000201,Unid. Sanit. Santa Brígida,Municipal,Moreno,0,,,,,,,Sin internacion,"3,107649896623019","0,025671042729325196",,,Excluido (no agudo),Dentro de banda
49001316,Unid. Sanit. Santa Catalina,Municipal,Lomas de Zamora,0,,,,,,,Sin internacion,"3,107649896623019","0,025671042729325196",,,Excluido (no agudo),Dentro de banda
77800033,Unid. Sanit. Santa Clara,Municipal,San Vicente,0,,,,,,,Sin internacion,"3,107649896623019","0,025671042729325196",,,Excluido (no agudo),Dentro de banda
21000233,Unid. Sanit. Santa Clara de Asís,Municipal,Chacabuco,0,,,,,,,Sin internacion,"3,107649896623019","0,025671042729325196",,,Excluido (no agudo),Dentro de banda
51800048,Unid. Sanit. Santa Clara del Mar,Municipal,Mar Chiquita,0,,,,,,,Sin internacion,"3,107649896623019","0,025671042729325196",,,Excluido (no agudo),Dentro de banda
51800099,Unid. Sanit. Santa Elena,Municipal,Mar Chiquita,0,,,,,,,Sin internacion,"3,107649896623019","0,025671042729325196",,,Excluido (no agudo),Dentro de banda
23100014,Unid. Sanit. Santa Máxima,Municipal,Daireaux,0,,,,,,,Sin internacion,"3,107649896623019","0,025671042729325196",,,Excluido (no agudo),Dentro de banda
35701277,Unid. Sanit. Santa Rita,Municipal,General Pueyrredón,0,,,,,,,Sin internacion,"3,107649896623019","0,025671042729325196",,,Excluido (no agudo),Dentro de banda
13400112,Unid. Sanit. Santa Rosa,Municipal,Cañuelas,0,,,,,,,Sin internacion,"3,107649896623019","0,025671042729325196",,,Excluido (no agudo),Dentro de banda
14700092,Unid. Sanit. Santa Teresa,Municipal,Carlos Casares,0,,,,,,,Sin internacion,"3,107649896623019","0,025671042729325196",,,Excluido (no agudo),Dentro de banda
17500051,Unid. Sanit. Sarasa,Municipal,Colón,0,,,,,,,Sin internacion,"3,107649896623019","0,025671042729325196",,,Excluido (no agudo),Dentro de banda
14700068,Unid. Sanit. Smith,Municipal,Carlos Casares,0,,,,,,,Sin internacion,"3,107649896623019","0,025671042729325196",,,Excluido (no agudo),Dentro de banda
49001367,Unid. Sanit. Solidaridad,Municipal,Lomas de Zamora,0,,,,,,,Sin internacion,"3,107649896623019","0,025671042729325196",,,Excluido (no agudo),Dentro de banda
63800073,Unid. Sanit. Sta. Lucía,Municipal,Pilar,0,,,,,,,Sin internacion,"3,107649896623019","0,025671042729325196",,,Excluido (no agudo),Dentro de banda
49000611,Unid. Sanit. Sta. Marta,Municipal,Lomas de Zamora,0,,,,,,,Sin internacion,"3,107649896623019","0,025671042729325196",,,Excluido (no agudo),Dentro de banda
65800253,Unid. Sanit. Sta. María,Municipal,Quilmes,0,,,,,,,Sin internacion,"3,107649896623019","0,025671042729325196",,,Excluido (no agudo),Dentro de banda
49001359,Unid. Sanit. Sta. Rosa,Municipal,Lomas de Zamora,0,,,,,,,Sin internacion,"3,107649896623019","0,025671042729325196",,,Excluido (no agudo),Dentro de banda
63800227,Unid. Sanit. Sta. Teresa,Municipal,Pilar,0,,,,,,,Sin internacion,"3,107649896623019","0,025671042729325196",,,Excluido (no agudo),Dentro de banda
47600051,Unid. Sanit. Tamangueyú,Municipal,Lobería,0,,,,,,,Sin internacion,"3,107649896623019","0,025671042729325196",,,Excluido (no agudo),Dentro de banda
49002950,Unid. Sanit. Temperley Oeste,Provincial,Lomas de Zamora,578,289,"11,207612456747405","0,0328719723183391","25,5","0,5478615071283096","11,333333333333334",Agudos,"5,54963563866355","0,04447215295095595","2,0195222148757854","0,7391585551207838",Normal,Peor desempeno
49001622,Unid. Sanit. Temperley Oeste,Municipal,Lomas de Zamora,0,,,,,,,Sin internacion,"3,107649896623019","0,025671042729325196",,,Excluido (no agudo),Dentro de banda
15400050,Unid. Sanit. Timote,Municipal,Carlos Tejedor,0,,,,,,,Sin internacion,"3,107649896623019","0,025671042729325196",,,Excluido (no agudo),Dentro de banda
05600115,Unid. Sanit. Tiro Federal,Municipal,Bahía Blanca,,,,,,,,Sin internacion,"3,107649896623019","0,025671042729325196",,,Excluido (no agudo),Dentro de banda
5600115,Unid. Sanit. Tiro Federal,Municipal,Bahía Blanca,0,,,,,,,Sin internacion,"3,107649896623019","0,025671042729325196",,,Excluido (no agudo),Dentro de banda
63800375,Unid. Sanit. Toro,Municipal,Pilar,0,,,,,,,Sin internacion,"3,107649896623019","0,025671042729325196",,,Excluido (no agudo),Dentro de banda
03500971,Unid. Sanit. Torres de Wilde,Municipal,Avellaneda,,,,,,,,Sin internacion,"3,107649896623019","0,025671042729325196",,,Excluido (no agudo),Dentro de banda
3500971,Unid. Sanit. Torres de Wilde,Municipal,Avellaneda,0,,,,,,,Sin internacion,"3,107649896623019","0,025671042729325196",,,Excluido (no agudo),Dentro de banda
3501161,Unid. Sanit. Trailler,Municipal,Avellaneda,0,,,,,,,Sin internacion,"3,107649896623019","0,025671042729325196",,,Excluido (no agudo),Dentro de banda
03501161,Unid. Sanit. Trailler,Municipal,Avellaneda,,,,,,,,Sin internacion,"3,107649896623019","0,025671042729325196",,,Excluido (no agudo),Dentro de banda
21000187,Unid. Sanit. Ubaldo Martínez,Municipal,Chacabuco,0,,,,,,,Sin internacion,"3,107649896623019","0,025671042729325196",,,Excluido (no agudo),Dentro de banda
5600361,Unid. Sanit. Universitario,Municipal,Bahía Blanca,0,,,,,,,Sin internacion,"3,107649896623019","0,025671042729325196",,,Excluido (no agudo),Dentro de banda
05600361,Unid. Sanit. Universitario,Municipal,Bahía Blanca,,,,,,,,Sin internacion,"3,107649896623019","0,025671042729325196",,,Excluido (no agudo),Dentro de banda
10500161,Unid. Sanit. Urdampilleta,Municipal,Bolívar,0,,,,,,,Sin internacion,"3,107649896623019","0,025671042729325196",,,Excluido (no agudo),Dentro de banda
13400066,Unid. Sanit. Uribelarrea,Municipal,Cañuelas,0,,,,,,,Sin internacion,"3,107649896623019","0,025671042729325196",,,Excluido (no agudo),Dentro de banda
49000981,Unid. Sanit. Va. Albertina,Municipal,Lomas de Zamora,0,,,,,,,Sin internacion,"3,107649896623019","0,025671042729325196",,,Excluido (no agudo),Dentro de banda
41001528,Unid. Sanit. Va. Angela,Municipal,Ituzaingó,0,,,,,,,Sin internacion,"3,107649896623019","0,025671042729325196",,,Excluido (no agudo),Dentro de banda
49000999,Unid. Sanit. Va. El Faro,Municipal,Lomas de Zamora,0,,,,,,,Sin internacion,"3,107649896623019","0,025671042729325196",,,Excluido (no agudo),Dentro de banda
56000554,Unid. Sanit. Va. Escobar,Municipal,Moreno,0,,,,,,,Sin internacion,"3,107649896623019","0,025671042729325196",,,Excluido (no agudo),Dentro de banda
49000654,Unid. Sanit. Va. Gral. San Martín,Municipal,Lomas de Zamora,0,,,,,,,Sin internacion,"3,107649896623019","0,025671042729325196",,,Excluido (no agudo),Dentro de banda
49000301,Unid. Sanit. Va. Independencia,Municipal,Lomas de Zamora,0,,,,,,,Sin internacion,"3,107649896623019","0,025671042729325196",,,Excluido (no agudo),Dentro de banda
65801004,Unid. Sanit. Va. Itatí II,Municipal,Quilmes,0,,,,,,,Sin internacion,"3,107649896623019","0,025671042729325196",,,Excluido (no agudo),Dentro de banda
41000971,Unid. Sanit. Va. Las Naciones,Municipal,Ituzaingó,0,,,,,,,Sin internacion,"3,107649896623019","0,025671042729325196",,,Excluido (no agudo),Dentro de banda
77800122,Unid. Sanit. Va. Solferino,Provincial,San Vicente,,,,,,,,Sin internacion,"5,54963563866355","0,04447215295095595",,,Excluido (no agudo),Dentro de banda
65801195,Unid. Sanit. Va. del Carmen,Municipal,Quilmes,0,,,,,,,Sin internacion,"3,107649896623019","0,025671042729325196",,,Excluido (no agudo),Dentro de banda
65500062,Unid. Sanit. Verónica,Municipal,Punta Indio,0,,,,,,,Sin internacion,"3,107649896623019","0,025671042729325196",,,Excluido (no agudo),Dentro de banda
49000310,Unid. Sanit. Vicente López,Municipal,Lomas de Zamora,0,,,,,,,Sin internacion,"3,107649896623019","0,025671042729325196",,,Excluido (no agudo),Dentro de banda
65800733,Unid. Sanit. Villa Azul,Municipal,Quilmes,0,,,,,,,Sin internacion,"3,107649896623019","0,025671042729325196",,,Excluido (no agudo),Dentro de banda
20300101,Unid. Sanit. Villa Belgrano,Municipal,Coronel Suárez,0,,,,,,,Sin internacion,"3,107649896623019","0,025671042729325196",,,Excluido (no agudo),Dentro de banda
5600841,Unid. Sanit. Villa Bordeau,Municipal,Bahía Blanca,0,,,,,,,Sin internacion,"3,107649896623019","0,025671042729325196",,,Excluido (no agudo),Dentro de banda
05600841,Unid. Sanit. Villa Bordeau,Municipal,Bahía Blanca,,,,,,,,Sin internacion,"3,107649896623019","0,025671042729325196",,,Excluido (no agudo),Dentro de banda
05600301,Unid. Sanit. Villa Delfina,Municipal,Bahía Blanca,,,,,,,,Sin internacion,"3,107649896623019","0,025671042729325196",,,Excluido (no agudo),Dentro de banda
5600301,Unid. Sanit. Villa Delfina,Municipal,Bahía Blanca,0,,,,,,,Sin internacion,"3,107649896623019","0,025671042729325196",,,Excluido (no agudo),Dentro de banda
5601197,Unid. Sanit. Villa Esperanza,Municipal,Bahía Blanca,0,,,,,,,Sin internacion,"3,107649896623019","0,025671042729325196",,,Excluido (no agudo),Dentro de banda
05601197,Unid. Sanit. Villa Esperanza,Municipal,Bahía Blanca,,,,,,,,Sin internacion,"3,107649896623019","0,025671042729325196",,,Excluido (no agudo),Dentro de banda
32200072,Unid. Sanit. Villa Florida,Municipal,General La Madrid,0,,,,,,,Sin internacion,"3,107649896623019","0,025671042729325196",,,Excluido (no agudo),Dentro de banda
05601235,Unid. Sanit. Villa Gloria,Municipal,Bahía Blanca,,,,,,,,Sin internacion,"3,107649896623019","0,025671042729325196",,,Excluido (no agudo),Dentro de banda
5601235,Unid. Sanit. Villa Gloria,Municipal,Bahía Blanca,0,,,,,,,Sin internacion,"3,107649896623019","0,025671042729325196",,,Excluido (no agudo),Dentro de banda
700120,Unid. Sanit. Villa Goldberg,Municipal,Adolfo Alsina,0,,,,,,,Sin internacion,"3,107649896623019","0,025671042729325196",,,Excluido (no agudo),Dentro de banda
00700120,Unid. Sanit. Villa Goldberg,Municipal,Adolfo Alsina,,,,,,,,Sin internacion,"3,107649896623019","0,025671042729325196",,,Excluido (no agudo),Dentro de banda
66500113,Unid. Sanit. Villa Gral. Savio,Municipal,Ramallo,0,,,,,,,Sin internacion,"3,107649896623019","0,025671042729325196",,,Excluido (no agudo),Dentro de banda
5600247,Unid. Sanit. Villa Harding Green,Municipal,Bahía Blanca,0,,,,,,,Sin internacion,"3,107649896623019","0,025671042729325196",,,Excluido (no agudo),Dentro de banda
05600247,Unid. Sanit. Villa Harding Green,Municipal,Bahía Blanca,,,,,,,,Sin internacion,"3,107649896623019","0,025671042729325196",,,Excluido (no agudo),Dentro de banda
20300161,Unid. Sanit. Villa La Arcadia,Municipal,Coronel Suárez,0,,,,,,,Sin internacion,"3,107649896623019","0,025671042729325196",,,Excluido (no agudo),Dentro de banda
73500048,Unid. Sanit. Villa Lía,Municipal,San Antonio de Areco,1946,"648,6666666666666","6,469167523124358","0,0041109969167523125",21,"0,8377261656228253","30,88888888888889",Agudos,"3,107649896623019","0,025671042729325196","2,081691225949934","0,16014140758124074",Normal,Peor desempeno
05600280,Unid. Sanit. Villa Mitre,Municipal,Bahía Blanca,,,,,,,,Sin internacion,"3,107649896623019","0,025671042729325196",,,Excluido (no agudo),Dentro de banda
5600280,Unid. Sanit. Villa Mitre,Municipal,Bahía Blanca,0,,,,,,,Sin internacion,"3,107649896623019","0,025671042729325196",,,Excluido (no agudo),Dentro de banda
57400025,Unid. Sanit. Villa Moll,Municipal,Navarro,0,,,,,,,Sin internacion,"3,107649896623019","0,025671042729325196",,,Excluido (no agudo),Dentro de banda
05601413,Unid. Sanit. Villa Muñiz,Municipal,Bahía Blanca,,,,,,,,Sin internacion,"3,107649896623019","0,025671042729325196",,,Excluido (no agudo),Dentro de banda
5601413,Unid. Sanit. Villa Muñiz,Municipal,Bahía Blanca,0,,,,,,,Sin internacion,"3,107649896623019","0,025671042729325196",,,Excluido (no agudo),Dentro de banda
45500105,Unid. Sanit. Villa Pardo,Municipal,Las Flores,0,,,,,,,Sin internacion,"3,107649896623019","0,025671042729325196",,,Excluido (no agudo),Dentro de banda
66500130,Unid. Sanit. Villa Ramallo,Municipal,Ramallo,0,,,,,,,Sin internacion,"3,107649896623019","0,025671042729325196",,,Excluido (no agudo),Dentro de banda
5600123,Unid. Sanit. Villa Ressia,Municipal,Bahía Blanca,0,,,,,,,Sin internacion,"3,107649896623019","0,025671042729325196",,,Excluido (no agudo),Dentro de banda
05600123,Unid. Sanit. Villa Ressia,Municipal,Bahía Blanca,,,,,,,,Sin internacion,"3,107649896623019","0,025671042729325196",,,Excluido (no agudo),Dentro de banda
5600310,Unid. Sanit. Villa Rosario Sur,Municipal,Bahía Blanca,0,,,,,,,Sin internacion,"3,107649896623019","0,025671042729325196",,,Excluido (no agudo),Dentro de banda
05600310,Unid. Sanit. Villa Rosario Sur,Municipal,Bahía Blanca,,,,,,,,Sin internacion,"3,107649896623019","0,025671042729325196",,,Excluido (no agudo),Dentro de banda
5600298,Unid. Sanit. Villa Rosas,Municipal,Bahía Blanca,0,,,,,,,Sin internacion,"3,107649896623019","0,025671042729325196",,,Excluido (no agudo),Dentro de banda
63800111,Unid. Sanit. Villa Rosas,Municipal,Pilar,0,,,,,,,Sin internacion,"3,107649896623019","0,025671042729325196",,,Excluido (no agudo),Dentro de banda
05600298,Unid. Sanit. Villa Rosas,Municipal,Bahía Blanca,,,,,,,,Sin internacion,"3,107649896623019","0,025671042729325196",,,Excluido (no agudo),Dentro de banda
72800030,Unid. Sanit. Villa Ruiz,Municipal,San Andrés de Giles,0,,,,,,,Sin internacion,"3,107649896623019","0,025671042729325196",,,Excluido (no agudo),Dentro de banda
05601154,Unid. Sanit. Villa Serra,Municipal,Bahía Blanca,,,,,,,,Sin internacion,"3,107649896623019","0,025671042729325196",,,Excluido (no agudo),Dentro de banda
5601154,Unid. Sanit. Villa Serra,Municipal,Bahía Blanca,0,,,,,,,Sin internacion,"3,107649896623019","0,025671042729325196",,,Excluido (no agudo),Dentro de banda
49001341,Unid. Sanit. Villa Urbana,Municipal,Lomas de Zamora,0,,,,,,,Sin internacion,"3,107649896623019","0,025671042729325196",,,Excluido (no agudo),Dentro de banda
63800341,Unid. Sanit. Villa Verde,Municipal,Pilar,0,,,,,,,Sin internacion,"3,107649896623019","0,025671042729325196",,,Excluido (no agudo),Dentro de banda
34300040,Unid. Sanit. Villanueva,Municipal,General Paz,0,,,,,,,Sin internacion,"3,107649896623019","0,025671042729325196",,,Excluido (no agudo),Dentro de banda
32900040,Unid. Sanit. Villars,Municipal,General Las Heras,0,,,,,,,Sin internacion,"3,107649896623019","0,025671042729325196",,,Excluido (no agudo),Dentro de banda
47600131,Unid. Sanit. Virgen de Itatí Escuela N° 3,Municipal,Lobería,0,,,,,,,Sin internacion,"3,107649896623019","0,025671042729325196",,,Excluido (no agudo),Dentro de banda
13400121,Unid. Sanit. Vte. Casares,Municipal,Cañuelas,0,,,,,,,Sin internacion,"3,107649896623019","0,025671042729325196",,,Excluido (no agudo),Dentro de banda
38500043,Unid. Sanit. Zavalía,Municipal,General Viamonte,0,,,,,,,Sin internacion,"3,107649896623019","0,025671042729325196",,,Excluido (no agudo),Dentro de banda
63800090,Unid. Sanit. Zelaya,Municipal,Pilar,0,,,,,,,Sin internacion,"3,107649896623019","0,025671042729325196",,,Excluido (no agudo),Dentro de banda
54700061,Unid. Sanit. Zenón Videla Dorna,Municipal,Monte,0,,,,,,,Sin internacion,"3,107649896623019","0,025671042729325196",,,Excluido (no agudo),Dentro de banda
18900070,Unid. Sanit. de Aparicio,Municipal,Coronel Dorrego,0,,,,,,,Sin internacion,"3,107649896623019","0,025671042729325196",,,Excluido (no agudo),Dentro de banda
8400010,Unid. Sanit. de Barker,Municipal,Benito Juárez,0,,,,,,,Sin internacion,"3,107649896623019","0,025671042729325196",,,Excluido (no agudo),Dentro de banda
08400010,Unid. Sanit. de Barker,Municipal,Benito Juárez,,,,,,,,Sin internacion,"3,107649896623019","0,025671042729325196",,,Excluido (no agudo),Dentro de banda
61600063,Unid. Sanit. de Bary,Municipal,Pellegrini,0,,,,,,,Sin internacion,"3,107649896623019","0,025671042729325196",,,Excluido (no agudo),Dentro de banda
46900026,Unid. Sanit. de Bayauca,Municipal,Lincoln,0,,,,,,,Sin internacion,"3,107649896623019","0,025671042729325196",,,Excluido (no agudo),Dentro de banda
60900152,Unid. Sanit. de Chiclana,Municipal,Pehuajó,0,,,,,,,Sin internacion,"3,107649896623019","0,025671042729325196",,,Excluido (no agudo),Dentro de banda
58100017,Unid. Sanit. de Claráz,Municipal,Necochea,53,"17,666666666666668","311,9433962264151","0,22641509433962265",16,"0,776475297346752","1,1041666666666667",Estadia prolongada,"3,107649896623019","0,025671042729325196","100,3791954059541","8,819863560936636",Excluido (no agudo),Dentro de banda
73500013,Unid. Sanit. de Duggan,Municipal,San Antonio de Areco,0,,,,,,,Sin internacion,"3,107649896623019","0,025671042729325196",,,Excluido (no agudo),Dentro de banda
46200032,Unid. Sanit. de Fortín Acha,Municipal,Leandro N. Alem,0,,,,,,,Sin internacion,"3,107649896623019","0,025671042729325196",,,Excluido (no agudo),Dentro de banda
30100038,Unid. Sanit. de Gorchs,Municipal,General Belgrano,0,,,,,,,Sin internacion,"3,107649896623019","0,025671042729325196",,,Excluido (no agudo),Dentro de banda
78400050,Unid. Sanit. de Gral. Rivas,Municipal,Suipacha,0,,,,,,,Sin internacion,"3,107649896623019","0,025671042729325196",,,Excluido (no agudo),Dentro de banda
10500030,Unid. Sanit. de Hale,Municipal,Bolívar,0,,,,,,,Sin internacion,"3,107649896623019","0,025671042729325196",,,Excluido (no agudo),Dentro de banda
11200099,Unid. Sanit. de Irala,Municipal,Bragado,0,,,,,,,Sin internacion,"3,107649896623019","0,025671042729325196",,,Excluido (no agudo),Dentro de banda
28000034,Unid. Sanit. de Mechongué,Municipal,General Alvarado,0,,,,,,,Sin internacion,"3,107649896623019","0,025671042729325196",,,Excluido (no agudo),Dentro de banda
11200064,Unid. Sanit. de Olascoaga,Municipal,Bragado,0,,,,13,"0,9969828795958462",0,Sin internacion,"3,107649896623019","0,025671042729325196",,,Excluido (no agudo),Dentro de banda
21000047,Unid. Sanit. de O´higgins,Municipal,Chacabuco,0,,,,,,,Sin internacion,"3,107649896623019","0,025671042729325196",,,Excluido (no agudo),Dentro de banda
46900107,Unid. Sanit. de Pasteur,Municipal,Lincoln,105,35,"29,2","0,12380952380952381",15,"0,8157542579075425","2,3333333333333335",Agudos,"3,107649896623019","0,025671042729325196","9,39616783464916","4,822925391655033",Normal,Dentro de banda
10500145,Unid. Sanit. de Paula,Municipal,Bolívar,0,,,,,,,Sin internacion,"3,107649896623019","0,025671042729325196",,,Excluido (no agudo),Dentro de banda
18900100,Unid. Sanit. de R. S. Loydi,Municipal,Coronel Dorrego,0,,,,,,,Sin internacion,"3,107649896623019","0,025671042729325196",,,Excluido (no agudo),Dentro de banda
46900182,Unid. Sanit. de Roberts,Municipal,Lincoln,952,"317,3333333333333","4,15546218487395","0,01995798319327731",31,"0,8607777810537488","10,236559139784946",Agudos,"3,107649896623019","0,025671042729325196","1,337171921904573","0,7774512084964278",Normal,Dentro de banda
18900096,Unid. Sanit. de San Román,Municipal,Coronel Dorrego,0,,,,,,,Sin internacion,"3,107649896623019","0,025671042729325196",,,Excluido (no agudo),Dentro de banda
11200081,Unid. Sanit. de Warnes,Municipal,Bragado,0,,,,,,,Sin internacion,"3,107649896623019","0,025671042729325196",,,Excluido (no agudo),Dentro de banda
70700020,Unid. Sanit. del Carril,Provincial,Saladillo,8949,2983,"3,103140015644206","0,06280031288412113","55,333333333333336","0,4567754108942847","53,90963855421687",Agudos,"5,54963563866355","0,04447215295095595","0,5591610364516646","1,4121266616747237",Normal,Dentro de banda
70700011,Unid. Sanit. del Carril,Municipal,Saladillo,17,"5,666666666666667",2,"0,17647058823529413",4,"0,007326820603907638","1,4166666666666667",Agudos,"3,107649896623019","0,025671042729325196","0,6435731393595315","6,874305422494731",Normal,Dentro de banda
14700050,Unid. Sanit. y Asilo Dr. Albert Schweitzer,Municipal,Carlos Casares,25,"8,333333333333334","583,12","0,04",20,"0,9429888625159759","0,4166666666666667",Estadia prolongada,"3,107649896623019","0,025671042729325196","187,64018451166504","1,5581758957654723",Excluido (no agudo),Dentro de banda
65100081,Unid. Sanit. y Hogar Geriát. El Centenario,Municipal,Puán,0,,,,,,,Sin internacion,"3,107649896623019","0,025671042729325196",,,Excluido (no agudo),Dentro de banda
18900053,Unid. Sanit. y Hogar Geriátrico El Perdido,Municipal,Coronel Dorrego,165,55,"118,34545454545454","0,03636363636363636",16,"0,9094227697923797","3,4375",Estadia prolongada,"3,107649896623019","0,025671042729325196","38,08197785537446","1,4165235416049746",Excluido (no agudo),Dentro de banda
70000010,Unid. Sanit. y Hogar Virgen del Milagro,Municipal,Saavedra,57,19,"248,42105263157896","0,12280701754385964",12,"0,5848540145985401","1,5833333333333333",Estadia prolongada,"3,107649896623019","0,025671042729325196","79,93855836255234","4,783873364192239",Excluido (no agudo),Dentro de banda
32200111,Unid. de Atenc. Primaria Bo Autogestión Constructiva,Municipal,General La Madrid,0,,,,,,,Sin internacion,"3,107649896623019","0,025671042729325196",,,Excluido (no agudo),Dentro de banda
28700036,Unid. de Atenc. Primaria de Villa Belgrano,Municipal,General Alvear,0,,,,,,,Sin internacion,"3,107649896623019","0,025671042729325196",,,Excluido (no agudo),Dentro de banda
58800035,Unid. de Pros. Aux. Regina Trombetta (12 de Octubre),Municipal,9 de Julio,0,,,,,,,Sin internacion,"3,107649896623019","0,025671042729325196",,,Excluido (no agudo),Dentro de banda
35700513,Unid. de Salud Mental Jara,Municipal,General Pueyrredón,0,,,,,,,Sin internacion,"3,107649896623019","0,025671042729325196",,,Excluido (no agudo),Dentro de banda
27000956,Unid. de Terapia Intensiva Móvil,Municipal,Ezeiza,0,,,,,,,Sin internacion,"3,107649896623019","0,025671042729325196",,,Excluido (no agudo),Dentro de banda
51501522,Unidad Funcional Pueblo Chico - Haiti,Municipal,Malvinas Argentinas,0,,,,,,,Sin internacion,"3,107649896623019","0,025671042729325196",,,Excluido (no agudo),Dentro de banda
51501530,Unidad Funcional Pueblo Chico Club Social y Polideportivo Grand Bourg,Municipal,Malvinas Argentinas,0,,,,,,,Sin internacion,"3,107649896623019","0,025671042729325196",,,Excluido (no agudo),Dentro de banda
24500351,Unidad Sanit. Complejo Eva Perón,Municipal,Ensenada,0,,,,,,,Sin internacion,"3,107649896623019","0,025671042729325196",,,Excluido (no agudo),Dentro de banda
24500519,Unidad Sanitaria  María Emma Córdoba,Municipal,Ensenada,0,,,,,,,Sin internacion,"3,107649896623019","0,025671042729325196",,,Excluido (no agudo),Dentro de banda
35701811,Unidad Sanitaria Antártida Argentina,Municipal,General Pueyrredón,0,,,,,,,Sin internacion,"3,107649896623019","0,025671042729325196",,,Excluido (no agudo),Dentro de banda
3501821,Unidad Sanitaria Dr Luis Parrilla,Municipal,Avellaneda,0,,,,,,,Sin internacion,"3,107649896623019","0,025671042729325196",,,Excluido (no agudo),Dentro de banda
42700391,Unidad Sanitaria Dr. A. Sakamoto,Municipal,La Matanza,0,,,,,,,Sin internacion,"3,107649896623019","0,025671042729325196",,,Excluido (no agudo),Dentro de banda
42700669,Unidad Sanitaria Dr. Eizaguirre,Municipal,La Matanza,0,,,,,,,Sin internacion,"3,107649896623019","0,025671042729325196",,,Excluido (no agudo),Dentro de banda
42700308,Unidad Sanitaria Dr. F. Giovinazzo,Municipal,La Matanza,0,,,,,,,Sin internacion,"3,107649896623019","0,025671042729325196",,,Excluido (no agudo),Dentro de banda
42700421,Unidad Sanitaria Dr. Ignacio Ezcurra,Municipal,La Matanza,0,,,,,,,Sin internacion,"3,107649896623019","0,025671042729325196",,,Excluido (no agudo),Dentro de banda
42700651,Unidad Sanitaria Dr. Ignacio Ezcurra,Provincial,La Matanza,32497,"10832,333333333334","7,564605963627412","0,04194233313844355",305,"0,7175132785226259","35,51584699453552",Agudos,"5,54963563866355","0,04447215295095595","1,3630815527646247","0,9431145189821978",Normal,Dentro de banda
42700839,Unidad Sanitaria Dr. R. Carrillo,Municipal,La Matanza,0,,,,,,,Sin internacion,"3,107649896623019","0,025671042729325196",,,Excluido (no agudo),Dentro de banda
42700286,Unidad Sanitaria Dr. Roca Oro Verde,Municipal,La Matanza,0,,,,,,,Sin internacion,"3,107649896623019","0,025671042729325196",,,Excluido (no agudo),Dentro de banda
42701185,Unidad Sanitaria El Tambo,Municipal,La Matanza,0,,,,,,,Sin internacion,"3,107649896623019","0,025671042729325196",,,Excluido (no agudo),Dentro de banda
42701776,Unidad Sanitaria El Torero,Municipal,La Matanza,0,,,,,,,Sin internacion,"3,107649896623019","0,025671042729325196",,,Excluido (no agudo),Dentro de banda
42700863,Unidad Sanitaria F. Caputto,Municipal,La Matanza,0,,,,,,,Sin internacion,"3,107649896623019","0,025671042729325196",,,Excluido (no agudo),Dentro de banda
42700812,Unidad Sanitaria La Ferrere,Municipal,La Matanza,0,,,,,,,Sin internacion,"3,107649896623019","0,025671042729325196",,,Excluido (no agudo),Dentro de banda
42700707,Unidad Sanitaria La Tablada,Municipal,La Matanza,0,,,,,,,Sin internacion,"3,107649896623019","0,025671042729325196",,,Excluido (no agudo),Dentro de banda
35700718,Unidad Sanitaria Las Avenidas,Municipal,General Pueyrredón,0,,,,,,,Sin internacion,"3,107649896623019","0,025671042729325196",,,Excluido (no agudo),Dentro de banda
24500466,Unidad Sanitaria Malvinas Argentinas,Municipal,Ensenada,0,,,,,,,Sin internacion,"3,107649896623019","0,025671042729325196",,,Excluido (no agudo),Dentro de banda
56800904,Unidad Sanitaria Mercedes Sosa,Municipal,Morón,0,,,,,,,Sin internacion,"3,107649896623019","0,025671042729325196",,,Excluido (no agudo),Dentro de banda
49003210,Unidad Sanitaria Nestor Kirchner,Municipal,Lomas de Zamora,0,,,,,,,Sin internacion,"3,107649896623019","0,025671042729325196",,,Excluido (no agudo),Dentro de banda
6300204,Unidad Sanitaria Norte,Municipal,Balcarce,0,,,,,,,Sin internacion,"3,107649896623019","0,025671042729325196",,,Excluido (no agudo),Dentro de banda
06300204,Unidad Sanitaria Norte,Municipal,Balcarce,,,,,,,,Sin internacion,"3,107649896623019","0,025671042729325196",,,Excluido (no agudo),Dentro de banda
27000999,Unidad Sanitaria Nº 10,Municipal,Ezeiza,0,,,,,,,Sin internacion,"3,107649896623019","0,025671042729325196",,,Excluido (no agudo),Dentro de banda
27001006,Unidad Sanitaria Nº 12,Municipal,Ezeiza,0,,,,,,,Sin internacion,"3,107649896623019","0,025671042729325196",,,Excluido (no agudo),Dentro de banda
4900484,Unidad Sanitaria Nº 13 Barrio El Sol,Municipal,Azul,0,,,,,,,Sin internacion,"3,107649896623019","0,025671042729325196",,,Excluido (no agudo),Dentro de banda
04900484,Unidad Sanitaria Nº 13 Barrio El Sol,Municipal,Azul,,,,,,,,Sin internacion,"3,107649896623019","0,025671042729325196",,,Excluido (no agudo),Dentro de banda
27001014,Unidad Sanitaria Nº 14,Municipal,Ezeiza,0,,,,,,,Sin internacion,"3,107649896623019","0,025671042729325196",,,Excluido (no agudo),Dentro de banda
27001057,Unidad Sanitaria Nº 16,Municipal,Ezeiza,0,,,,,,,Sin internacion,"3,107649896623019","0,025671042729325196",,,Excluido (no agudo),Dentro de banda
27001065,Unidad Sanitaria Nº 18,Municipal,Ezeiza,0,,,,,,,Sin internacion,"3,107649896623019","0,025671042729325196",,,Excluido (no agudo),Dentro de banda
42700723,Unidad Sanitaria Nº 19 Villa Recondo,Municipal,La Matanza,0,,,,,,,Sin internacion,"3,107649896623019","0,025671042729325196",,,Excluido (no agudo),Dentro de banda
27000387,Unidad Sanitaria Nº 2,Municipal,Ezeiza,0,,,,,,,Sin internacion,"3,107649896623019","0,025671042729325196",,,Excluido (no agudo),Dentro de banda
26001068,Unidad Sanitaria Nº 29 - C.I.C.  La Victoria,Municipal,Esteban Echeverría,0,,,,,,,Sin internacion,"3,107649896623019","0,025671042729325196",,,Excluido (no agudo),Dentro de banda
27000531,Unidad Sanitaria Nº 4,Municipal,Ezeiza,0,,,,,,,Sin internacion,"3,107649896623019","0,025671042729325196",,,Excluido (no agudo),Dentro de banda
27000590,Unidad Sanitaria Nº 6,Municipal,Ezeiza,0,,,,,,,Sin internacion,"3,107649896623019","0,025671042729325196",,,Excluido (no agudo),Dentro de banda
27000204,Unidad Sanitaria Nº 8,Municipal,Ezeiza,0,,,,,,,Sin internacion,"3,107649896623019","0,025671042729325196",,,Excluido (no agudo),Dentro de banda
42700901,Unidad Sanitaria Núcleo Habitacional Nº 19 J. Ingenieros,Municipal,La Matanza,0,,,,,,,Sin internacion,"3,107649896623019","0,025671042729325196",,,Excluido (no agudo),Dentro de banda
24500018,Unidad Sanitaria Padre Carlos Cajade,Municipal,Ensenada,0,,,,,,,Sin internacion,"3,107649896623019","0,025671042729325196",,,Excluido (no agudo),Dentro de banda
42701479,Unidad Sanitaria Padre Mario,Municipal,La Matanza,0,,,,,,,Sin internacion,"3,107649896623019","0,025671042729325196",,,Excluido (no agudo),Dentro de banda
42700740,Unidad Sanitaria Puerto Argentino,Municipal,La Matanza,0,,,,,,,Sin internacion,"3,107649896623019","0,025671042729325196",,,Excluido (no agudo),Dentro de banda
42700057,Unidad Sanitaria San Carlos,Municipal,La Matanza,0,,,,,,,Sin internacion,"3,107649896623019","0,025671042729325196",,,Excluido (no agudo),Dentro de banda
42701312,Unidad Sanitaria San José Obrero,Municipal,La Matanza,0,,,,,,,Sin internacion,"3,107649896623019","0,025671042729325196",,,Excluido (no agudo),Dentro de banda
42701744,Unidad Sanitaria Saturnino Segurola,Municipal,La Matanza,0,,,,,,,Sin internacion,"3,107649896623019","0,025671042729325196",,,Excluido (no agudo),Dentro de banda
42701177,Unidad Sanitaria Villa Rebasa,Municipal,La Matanza,0,,,,,,,Sin internacion,"3,107649896623019","0,025671042729325196",,,Excluido (no agudo),Dentro de banda
42701793,Unidad Sanitaria Villegas,Municipal,La Matanza,0,,,,,,,Sin internacion,"3,107649896623019","0,025671042729325196",,,Excluido (no agudo),Dentro de banda
42701679,Unidad de 1º Auxilios Barrio Nicoll,Municipal,La Matanza,0,,,,,,,Sin internacion,"3,107649896623019","0,025671042729325196",,,Excluido (no agudo),Dentro de banda
56801307,Unidad de Ate. Prim. Azucena Villaflor,Municipal,Morón,0,,,,,,,Sin internacion,"3,107649896623019","0,025671042729325196",,,Excluido (no agudo),Dentro de banda
25200001,"Unidad de Diagnostico Precoz (UDP) ""Dr. Carlos Legaría""",Municipal,Escobar,15202,7601,"1,1640573608735694","0,0033548217339823706",12,"2,421849427168576","633,4166666666666",Agudos,"3,107649896623019","0,025671042729325196","0,3745780250659871","0,13068505901203636",Anomalia de datos,Dentro de banda
25200598,Unidad de Diagnóstico Precoz Dr. Horacio Dupuy,Municipal,Escobar,46718,"15572,666666666666","1,9837963953936384","0,014598227663855472","64,66666666666667","1,2187340912947564","240,81443298969072",Agudos,"3,107649896623019","0,025671042729325196","0,6383590370168032","0,5686651616679075",Anomalia de datos,Dentro de banda
74900703,Unidad de Diagnóstico Precoz N°27,Municipal,San Fernando,0,,,,,,,Sin internacion,"3,107649896623019","0,025671042729325196",,,Excluido (no agudo),Dentro de banda
25200580,Unidad de Diagnóstico Precoz Pediátrica,Municipal,Escobar,29683,"9894,333333333334","1,2109961931071658","0,005120776201866388",23,"1,4004197853550355","430,18840579710144",Agudos,"3,107649896623019","0,025671042729325196","0,3896823108752101","0,19947675113394178",Anomalia de datos,Dentro de banda
41201397,Unidad de Diagnóstico Precoz de Traumatología Domingo Angio,Municipal,José C. Paz,11730,3910,"2,518670076726343","0,04219948849104859",42,"0,6436796593229913","93,0952380952381",Agudos,"3,107649896623019","0,025671042729325196","0,8104742041448424","1,6438556445096093",Normal,Dentro de banda
42702418,Unidad de Salud Villa Giardino,Provincial,La Matanza,9704,"3234,6666666666665","5,364282769991756","0,025556471558120363","100,66666666666667","0,4916164202527463","32,13245033112583",Agudos,"5,54963563866355","0,04447215295095595","0,9666008940514101","0,5746623417648373",Normal,Dentro de banda
42702379,Unidad de Salud Villa Giardino,Provincial,La Matanza,0,,,,,,,Sin internacion,"5,54963563866355","0,04447215295095595",,,Excluido (no agudo),Dentro de banda
42701818,Unidad de Salud Villa Giardino,Municipal,La Matanza,0,,,,,,,Sin internacion,"3,107649896623019","0,025671042729325196",,,Excluido (no agudo),Dentro de banda
42702362,Unidad de Salud Villa Giardino,Provincial,La Matanza,23348,"7782,666666666667","6,390611615555937","0,06711495631317457","203,66666666666666","0,7065363699994616","38,212765957446805",Agudos,"5,54963563866355","0,04447215295095595","1,1515371515624238","1,5091456531728786",Normal,Dentro de banda
42701826,Unidad de Salud Villa Giardino,Provincial,La Matanza,0,,,,,,,Sin internacion,"5,54963563866355","0,04447215295095595",,,Excluido (no agudo),Dentro de banda
5601948,“Centro de Salud Dharma”,Municipal,Bahía Blanca,0,,,,,,,Sin internacion,"3,107649896623019","0,025671042729325196",,,Excluido (no agudo),Dentro de banda
5601831,“Centro de Salud Norte”,Municipal,Bahía Blanca,0,,,,,,,Sin internacion,"3,107649896623019","0,025671042729325196",,,Excluido (no agudo),Dentro de banda
5601561,“Centro de Salud San Dionisio”,Municipal,Bahía Blanca,0,,,,,,,Sin internacion,"3,107649896623019","0,025671042729325196",,,Excluido (no agudo),Dentro de banda
